Dataset,NetworkType,c,SurplusPerNode
Karate,Local,0,38.241753171857
Karate,Local,0.0583333333333333,38.171753171857
Karate,Local,0.116666666666667,38.101753171857
Karate,Local,0.175,38.031753171857
Karate,Local,0.233333333333333,37.961753171857
Karate,Local,0.291666666666667,37.891753171857
Karate,Local,0.35,37.821753171857
Karate,Local,0.408333333333333,37.751753171857
Karate,Local,0.466666666666667,37.681753171857
Karate,Local,0.525,37.611753171857
Karate,Local,0.583333333333333,37.541753171857
Karate,Local,0.641666666666667,37.471753171857
Karate,Local,0.7,37.401753171857
Karate,Local,0.758333333333333,37.331753171857
Karate,Local,0.816666666666667,37.261753171857
Karate,Local,0.875,37.191753171857
Karate,Local,0.933333333333333,37.121753171857
Karate,Local,0.991666666666667,37.051753171857
Karate,Local,1.05,36.981753171857
Karate,Local,1.10833333333333,36.911753171857
Karate,Local,1.16666666666667,36.841753171857
Karate,Local,1.225,36.771753171857
Karate,Local,1.28333333333333,36.701753171857
Karate,Local,1.34166666666667,36.631753171857
Karate,Local,1.4,36.561753171857
Karate,Local,1.45833333333333,36.491753171857
Karate,Local,1.51666666666667,36.421753171857
Karate,Local,1.575,36.351753171857
Karate,Local,1.63333333333333,36.281753171857
Karate,Local,1.69166666666667,36.211753171857
Karate,Local,1.75,36.141753171857
Karate,Local,1.80833333333333,36.071753171857
Karate,Local,1.86666666666667,36.001753171857
Karate,Local,1.925,35.931753171857
Karate,Local,1.98333333333333,35.861753171857
Karate,Local,2.04166666666667,35.791753171857
Karate,Local,2.1,35.721753171857
Karate,Local,2.15833333333333,35.651753171857
Karate,Local,2.21666666666667,35.581753171857
Karate,Local,2.275,35.511753171857
Karate,Local,2.33333333333333,35.441753171857
Karate,Local,2.39166666666667,35.371753171857
Karate,Local,2.45,35.301753171857
Karate,Local,2.50833333333333,35.231753171857
Karate,Local,2.56666666666667,35.161753171857
Karate,Local,2.625,35.091753171857
Karate,Local,2.68333333333333,35.021753171857
Karate,Local,2.74166666666667,34.951753171857
Karate,Local,2.8,34.881753171857
Karate,Local,2.85833333333333,34.811753171857
Karate,Local,2.91666666666667,34.741753171857
Karate,Local,2.975,34.671753171857
Karate,Local,3.03333333333333,34.601753171857
Karate,Local,3.09166666666667,34.531753171857
Karate,Local,3.15,34.461753171857
Karate,Local,3.20833333333333,34.391753171857
Karate,Local,3.26666666666667,34.321753171857
Karate,Local,3.325,34.251753171857
Karate,Local,3.38333333333333,34.181753171857
Karate,Local,3.44166666666667,34.111753171857
Karate,Local,3.5,34.041753171857
Karate,Local,3.55833333333333,33.971753171857
Karate,Local,3.61666666666667,33.901753171857
Karate,Local,3.675,33.831753171857
Karate,Local,3.73333333333333,33.761753171857
Karate,Local,3.79166666666667,33.691753171857
Karate,Local,3.85,33.621753171857
Karate,Local,3.90833333333333,33.551753171857
Karate,Local,3.96666666666667,33.481753171857
Karate,Local,4.025,33.411753171857
Karate,Local,4.08333333333333,33.341753171857
Karate,Local,4.14166666666667,33.271753171857
Karate,Local,4.2,33.201753171857
Karate,Local,4.25833333333333,33.131753171857
Karate,Local,4.31666666666667,33.061753171857
Karate,Local,4.375,32.991753171857
Karate,Local,4.43333333333333,32.921753171857
Karate,Local,4.49166666666667,32.851753171857
Karate,Local,4.55,32.781753171857
Karate,Local,4.60833333333333,32.711753171857
Karate,Local,4.66666666666667,32.641753171857
Karate,Local,4.725,32.571753171857
Karate,Local,4.78333333333333,32.501753171857
Karate,Local,4.84166666666667,32.431753171857
Karate,Local,4.9,32.361753171857
Karate,Local,4.95833333333333,32.291753171857
Karate,Local,5.01666666666667,32.221753171857
Karate,Local,5.075,32.151753171857
Karate,Local,5.13333333333333,32.081753171857
Karate,Local,5.19166666666667,32.011753171857
Karate,Local,5.25,31.941753171857
Karate,Local,5.30833333333333,31.871753171857
Karate,Local,5.36666666666667,31.801753171857
Karate,Local,5.425,31.731753171857
Karate,Local,5.48333333333333,31.661753171857
Karate,Local,5.54166666666667,31.591753171857
Karate,Local,5.6,31.521753171857
Karate,Local,5.65833333333333,31.451753171857
Karate,Local,5.71666666666667,31.381753171857
Karate,Local,5.775,31.311753171857
Karate,Local,5.83333333333333,31.241753171857
Karate,Local,5.89166666666667,31.171753171857
Karate,Local,5.95,31.101753171857
Karate,Local,6.00833333333333,31.031753171857
Karate,Local,6.06666666666667,30.961753171857
Karate,Local,6.125,30.891753171857
Karate,Local,6.18333333333333,30.821753171857
Karate,Local,6.24166666666667,30.751753171857
Karate,Local,6.3,30.681753171857
Karate,Local,6.35833333333333,30.611753171857
Karate,Local,6.41666666666667,30.541753171857
Karate,Local,6.475,30.471753171857
Karate,Local,6.53333333333333,30.401753171857
Karate,Local,6.59166666666667,30.331753171857
Karate,Local,6.65,30.261753171857
Karate,Local,6.70833333333333,30.191753171857
Karate,Local,6.76666666666667,30.121753171857
Karate,Local,6.825,30.051753171857
Karate,Local,6.88333333333333,29.981753171857
Karate,Local,6.94166666666667,29.911753171857
Karate,Local,7,29.841753171857
Karate,Local,7.05833333333333,29.771753171857
Karate,Local,7.11666666666667,29.701753171857
Karate,Local,7.175,29.631753171857
Karate,Local,7.23333333333333,29.561753171857
Karate,Local,7.29166666666667,29.491753171857
Karate,Local,7.35,29.421753171857
Karate,Local,7.40833333333333,29.351753171857
Karate,Local,7.46666666666667,29.281753171857
Karate,Local,7.525,29.211753171857
Karate,Local,7.58333333333333,29.141753171857
Karate,Local,7.64166666666667,29.071753171857
Karate,Local,7.7,29.001753171857
Karate,Local,7.75833333333333,28.931753171857
Karate,Local,7.81666666666667,28.861753171857
Karate,Local,7.875,28.791753171857
Karate,Local,7.93333333333333,28.721753171857
Karate,Local,7.99166666666667,28.651753171857
Karate,Local,8.05,28.581753171857
Karate,Local,8.10833333333333,28.511753171857
Karate,Local,8.16666666666667,28.441753171857
Karate,Local,8.225,28.371753171857
Karate,Local,8.28333333333333,28.301753171857
Karate,Local,8.34166666666667,28.231753171857
Karate,Local,8.4,28.161753171857
Karate,Local,8.45833333333333,28.091753171857
Karate,Local,8.51666666666667,28.021753171857
Karate,Local,8.575,27.951753171857
Karate,Local,8.63333333333333,27.881753171857
Karate,Local,8.69166666666667,27.811753171857
Karate,Local,8.75,27.741753171857
Karate,Local,8.80833333333333,27.671753171857
Karate,Local,8.86666666666667,27.601753171857
Karate,Local,8.925,27.531753171857
Karate,Local,8.98333333333333,27.461753171857
Karate,Local,9.04166666666667,27.391753171857
Karate,Local,9.1,27.321753171857
Karate,Local,9.15833333333333,27.251753171857
Karate,Local,9.21666666666667,27.181753171857
Karate,Local,9.275,27.111753171857
Karate,Local,9.33333333333333,27.041753171857
Karate,Local,9.39166666666667,26.971753171857
Karate,Local,9.45,26.901753171857
Karate,Local,9.50833333333333,26.831753171857
Karate,Local,9.56666666666667,26.761753171857
Karate,Local,9.625,26.691753171857
Karate,Local,9.68333333333333,26.621753171857
Karate,Local,9.74166666666667,26.551753171857
Karate,Local,9.8,26.481753171857
Karate,Local,9.85833333333333,26.411753171857
Karate,Local,9.91666666666667,26.341753171857
Karate,Local,9.975,26.271753171857
Karate,Local,10.0333333333333,26.201753171857
Karate,Local,10.0916666666667,26.131753171857
Karate,Local,10.15,26.061753171857
Karate,Local,10.2083333333333,25.991753171857
Karate,Local,10.2666666666667,25.921753171857
Karate,Local,10.325,25.851753171857
Karate,Local,10.3833333333333,25.781753171857
Karate,Local,10.4416666666667,25.711753171857
Karate,Local,10.5,25.641753171857
Karate,Local,10.5583333333333,25.571753171857
Karate,Local,10.6166666666667,25.501753171857
Karate,Local,10.675,25.431753171857
Karate,Local,10.7333333333333,25.361753171857
Karate,Local,10.7916666666667,25.291753171857
Karate,Local,10.85,25.221753171857
Karate,Local,10.9083333333333,25.151753171857
Karate,Local,10.9666666666667,25.081753171857
Karate,Local,11.025,25.011753171857
Karate,Local,11.0833333333333,24.941753171857
Karate,Local,11.1416666666667,24.871753171857
Karate,Local,11.2,24.801753171857
Karate,Local,11.2583333333333,24.731753171857
Karate,Local,11.3166666666667,24.661753171857
Karate,Local,11.375,24.591753171857
Karate,Local,11.4333333333333,24.521753171857
Karate,Local,11.4916666666667,24.451753171857
Karate,Local,11.55,24.381753171857
Karate,Local,11.6083333333333,24.311753171857
Karate,Local,11.6666666666667,24.241753171857
Karate,Local,11.725,24.171753171857
Karate,Local,11.7833333333333,24.101753171857
Karate,Local,11.8416666666667,24.031753171857
Karate,Local,11.9,23.961753171857
Karate,Local,11.9583333333333,23.891753171857
Karate,Local,12.0166666666667,23.821753171857
Karate,Local,12.075,23.751753171857
Karate,Local,12.1333333333333,23.681753171857
Karate,Local,12.1916666666667,23.611753171857
Karate,Local,12.25,23.541753171857
Karate,Local,12.3083333333333,23.471753171857
Karate,Local,12.3666666666667,23.401753171857
Karate,Local,12.425,23.331753171857
Karate,Local,12.4833333333333,23.261753171857
Karate,Local,12.5416666666667,23.191753171857
Karate,Local,12.6,23.121753171857
Karate,Local,12.6583333333333,23.051753171857
Karate,Local,12.7166666666667,22.981753171857
Karate,Local,12.775,22.911753171857
Karate,Local,12.8333333333333,22.841753171857
Karate,Local,12.8916666666667,22.771753171857
Karate,Local,12.95,22.701753171857
Karate,Local,13.0083333333333,22.631753171857
Karate,Local,13.0666666666667,22.561753171857
Karate,Local,13.125,22.491753171857
Karate,Local,13.1833333333333,22.421753171857
Karate,Local,13.2416666666667,22.351753171857
Karate,Local,13.3,22.281753171857
Karate,Local,13.3583333333333,22.211753171857
Karate,Local,13.4166666666667,22.141753171857
Karate,Local,13.475,22.071753171857
Karate,Local,13.5333333333333,22.001753171857
Karate,Local,13.5916666666667,21.931753171857
Karate,Local,13.65,21.861753171857
Karate,Local,13.7083333333333,21.791753171857
Karate,Local,13.7666666666667,21.721753171857
Karate,Local,13.825,21.651753171857
Karate,Local,13.8833333333333,21.581753171857
Karate,Local,13.9416666666667,21.511753171857
Karate,Local,14,21.441753171857
Karate,Local,14.0583333333333,21.371753171857
Karate,Local,14.1166666666667,21.301753171857
Karate,Local,14.175,21.231753171857
Karate,Local,14.2333333333333,21.161753171857
Karate,Local,14.2916666666667,21.091753171857
Karate,Local,14.35,21.021753171857
Karate,Local,14.4083333333333,20.951753171857
Karate,Local,14.4666666666667,20.881753171857
Karate,Local,14.525,20.811753171857
Karate,Local,14.5833333333333,20.741753171857
Karate,Local,14.6416666666667,20.671753171857
Karate,Local,14.7,20.601753171857
Karate,Local,14.7583333333333,20.531753171857
Karate,Local,14.8166666666667,20.461753171857
Karate,Local,14.875,20.391753171857
Karate,Local,14.9333333333333,20.321753171857
Karate,Local,14.9916666666667,20.251753171857
Karate,Local,15.05,20.181753171857
Karate,Local,15.1083333333333,20.111753171857
Karate,Local,15.1666666666667,20.041753171857
Karate,Local,15.225,19.971753171857
Karate,Local,15.2833333333333,19.901753171857
Karate,Local,15.3416666666667,19.831753171857
Karate,Local,15.4,19.761753171857
Karate,Local,15.4583333333333,19.691753171857
Karate,Local,15.5166666666667,19.621753171857
Karate,Local,15.575,19.551753171857
Karate,Local,15.6333333333333,19.481753171857
Karate,Local,15.6916666666667,19.411753171857
Karate,Local,15.75,19.341753171857
Karate,Local,15.8083333333333,19.271753171857
Karate,Local,15.8666666666667,19.201753171857
Karate,Local,15.925,19.131753171857
Karate,Local,15.9833333333333,19.061753171857
Karate,Local,16.0416666666667,18.991753171857
Karate,Local,16.1,18.921753171857
Karate,Local,16.1583333333333,18.851753171857
Karate,Local,16.2166666666667,18.781753171857
Karate,Local,16.275,18.711753171857
Karate,Local,16.3333333333333,18.641753171857
Karate,Local,16.3916666666667,18.571753171857
Karate,Local,16.45,18.501753171857
Karate,Local,16.5083333333333,18.431753171857
Karate,Local,16.5666666666667,18.361753171857
Karate,Local,16.625,18.291753171857
Karate,Local,16.6833333333333,18.221753171857
Karate,Local,16.7416666666667,18.151753171857
Karate,Local,16.8,18.081753171857
Karate,Local,16.8583333333333,18.011753171857
Karate,Local,16.9166666666667,17.941753171857
Karate,Local,16.975,17.871753171857
Karate,Local,17.0333333333333,17.801753171857
Karate,Local,17.0916666666667,17.731753171857
Karate,Local,17.15,17.661753171857
Karate,Local,17.2083333333333,17.591753171857
Karate,Local,17.2666666666667,17.521753171857
Karate,Local,17.325,17.451753171857
Karate,Local,17.3833333333333,17.381753171857
Karate,Local,17.4416666666667,17.311753171857
Karate,Local,17.5,17.241753171857
Karate,Local,17.5583333333333,17.171753171857
Karate,Local,17.6166666666667,17.101753171857
Karate,Local,17.675,17.031753171857
Karate,Local,17.7333333333333,16.961753171857
Karate,Local,17.7916666666667,16.891753171857
Karate,Local,17.85,16.821753171857
Karate,Local,17.9083333333333,16.751753171857
Karate,Local,17.9666666666667,16.681753171857
Karate,Local,18.025,16.611753171857
Karate,Local,18.0833333333333,16.541753171857
Karate,Local,18.1416666666667,16.471753171857
Karate,Local,18.2,16.401753171857
Karate,Local,18.2583333333333,16.331753171857
Karate,Local,18.3166666666667,16.261753171857
Karate,Local,18.375,16.191753171857
Karate,Local,18.4333333333333,16.121753171857
Karate,Local,18.4916666666667,16.051753171857
Karate,Local,18.55,15.981753171857
Karate,Local,18.6083333333333,15.911753171857
Karate,Local,18.6666666666667,15.841753171857
Karate,Local,18.725,15.771753171857
Karate,Local,18.7833333333333,15.701753171857
Karate,Local,18.8416666666667,15.631753171857
Karate,Local,18.9,15.561753171857
Karate,Local,18.9583333333333,15.491753171857
Karate,Local,19.0166666666667,15.421753171857
Karate,Local,19.075,15.351753171857
Karate,Local,19.1333333333333,15.281753171857
Karate,Local,19.1916666666667,15.211753171857
Karate,Local,19.25,15.141753171857
Karate,Local,19.3083333333333,15.071753171857
Karate,Local,19.3666666666667,15.001753171857
Karate,Local,19.425,14.931753171857
Karate,Local,19.4833333333333,14.861753171857
Karate,Local,19.5416666666667,14.791753171857
Karate,Local,19.6,14.721753171857
Karate,Local,19.6583333333333,14.651753171857
Karate,Local,19.7166666666667,14.581753171857
Karate,Local,19.775,14.511753171857
Karate,Local,19.8333333333333,14.441753171857
Karate,Local,19.8916666666667,14.371753171857
Karate,Local,19.95,14.301753171857
Karate,Local,20.0083333333333,14.231753171857
Karate,Local,20.0666666666667,14.161753171857
Karate,Local,20.125,14.091753171857
Karate,Local,20.1833333333333,14.021753171857
Karate,Local,20.2416666666667,13.951753171857
Karate,Local,20.3,13.881753171857
Karate,Local,20.3583333333333,13.811753171857
Karate,Local,20.4166666666667,13.741753171857
Karate,Local,20.475,13.671753171857
Karate,Local,20.5333333333333,13.601753171857
Karate,Local,20.5916666666667,13.531753171857
Karate,Local,20.65,13.461753171857
Karate,Local,20.7083333333333,13.391753171857
Karate,Local,20.7666666666667,13.321753171857
Karate,Local,20.825,13.251753171857
Karate,Local,20.8833333333333,13.181753171857
Karate,Local,20.9416666666667,13.111753171857
Karate,Local,21,13.041753171857
Karate,Local,21.0583333333333,12.971753171857
Karate,Local,21.1166666666667,12.901753171857
Karate,Local,21.175,12.831753171857
Karate,Local,21.2333333333333,12.761753171857
Karate,Local,21.2916666666667,12.691753171857
Karate,Local,21.35,12.621753171857
Karate,Local,21.4083333333333,12.551753171857
Karate,Local,21.4666666666667,12.481753171857
Karate,Local,21.525,12.411753171857
Karate,Local,21.5833333333333,12.341753171857
Karate,Local,21.6416666666667,12.271753171857
Karate,Local,21.7,12.201753171857
Karate,Local,21.7583333333333,12.131753171857
Karate,Local,21.8166666666667,12.061753171857
Karate,Local,21.875,11.991753171857
Karate,Local,21.9333333333333,11.921753171857
Karate,Local,21.9916666666667,11.851753171857
Karate,Local,22.05,11.781753171857
Karate,Local,22.1083333333333,11.711753171857
Karate,Local,22.1666666666667,11.641753171857
Karate,Local,22.225,11.571753171857
Karate,Local,22.2833333333333,11.501753171857
Karate,Local,22.3416666666667,11.431753171857
Karate,Local,22.4,11.361753171857
Karate,Local,22.4583333333333,11.291753171857
Karate,Local,22.5166666666667,11.221753171857
Karate,Local,22.575,11.151753171857
Karate,Local,22.6333333333333,11.081753171857
Karate,Local,22.6916666666667,11.011753171857
Karate,Local,22.75,10.941753171857
Karate,Local,22.8083333333333,10.871753171857
Karate,Local,22.8666666666667,10.801753171857
Karate,Local,22.925,10.731753171857
Karate,Local,22.9833333333333,10.661753171857
Karate,Local,23.0416666666667,10.591753171857
Karate,Local,23.1,10.521753171857
Karate,Local,23.1583333333333,10.451753171857
Karate,Local,23.2166666666667,10.381753171857
Karate,Local,23.275,10.311753171857
Karate,Local,23.3333333333333,10.241753171857
Karate,Local,23.3916666666667,10.171753171857
Karate,Local,23.45,10.101753171857
Karate,Local,23.5083333333333,10.031753171857
Karate,Local,23.5666666666667,9.96175317185698
Karate,Local,23.625,9.89175317185698
Karate,Local,23.6833333333333,9.82175317185698
Karate,Local,23.7416666666667,9.75175317185698
Karate,Local,23.8,9.68175317185698
Karate,Local,23.8583333333333,9.61175317185698
Karate,Local,23.9166666666667,9.54175317185698
Karate,Local,23.975,9.47175317185698
Karate,Local,24.0333333333333,9.40175317185698
Karate,Local,24.0916666666667,9.33175317185698
Karate,Local,24.15,9.26175317185698
Karate,Local,24.2083333333333,9.19175317185698
Karate,Local,24.2666666666667,9.12175317185698
Karate,Local,24.325,9.05175317185698
Karate,Local,24.3833333333333,8.98175317185698
Karate,Local,24.4416666666667,8.91175317185698
Karate,Local,24.5,8.84175317185698
Karate,Local,24.5583333333333,8.77175317185698
Karate,Local,24.6166666666667,8.70175317185697
Karate,Local,24.675,8.63175317185697
Karate,Local,24.7333333333333,8.56175317185698
Karate,Local,24.7916666666667,8.49175317185698
Karate,Local,24.85,8.42175317185698
Karate,Local,24.9083333333333,8.35175317185698
Karate,Local,24.9666666666667,8.28175317185698
Karate,Local,25.025,8.21175317185698
Karate,Local,25.0833333333333,8.14175317185698
Karate,Local,25.1416666666667,8.07175317185698
Karate,Local,25.2,8.00175317185698
Karate,Local,25.2583333333333,7.93175317185698
Karate,Local,25.3166666666667,7.86175317185698
Karate,Local,25.375,7.79175317185698
Karate,Local,25.4333333333333,7.72175317185698
Karate,Local,25.4916666666667,7.65175317185697
Karate,Local,25.55,7.58175317185698
Karate,Local,25.6083333333333,7.51175317185697
Karate,Local,25.6666666666667,7.44175317185698
Karate,Local,25.725,7.37175317185697
Karate,Local,25.7833333333333,7.30175317185698
Karate,Local,25.8416666666667,7.23175317185698
Karate,Local,25.9,7.16175317185698
Karate,Local,25.9583333333333,7.09175317185698
Karate,Local,26.0166666666667,7.02175317185698
Karate,Local,26.075,6.95175317185697
Karate,Local,26.1333333333333,6.88175317185698
Karate,Local,26.1916666666667,6.81175317185698
Karate,Local,26.25,6.74175317185698
Karate,Local,26.3083333333333,6.67175317185698
Karate,Local,26.3666666666667,6.60175317185698
Karate,Local,26.425,6.53175317185698
Karate,Local,26.4833333333333,6.46175317185697
Karate,Local,26.5416666666667,6.39175317185698
Karate,Local,26.6,6.32175317185697
Karate,Local,26.6583333333333,6.25175317185698
Karate,Local,26.7166666666667,6.18175317185698
Karate,Local,26.775,6.11175317185698
Karate,Local,26.8333333333333,6.04175317185698
Karate,Local,26.8916666666667,5.97175317185698
Karate,Local,26.95,5.90175317185698
Karate,Local,27.0083333333333,5.83175317185698
Karate,Local,27.0666666666667,5.76175317185697
Karate,Local,27.125,5.69175317185698
Karate,Local,27.1833333333333,5.62175317185697
Karate,Local,27.2416666666667,5.55175317185698
Karate,Local,27.3,5.48175317185697
Karate,Local,27.3583333333333,5.41175317185698
Karate,Local,27.4166666666667,5.34175317185697
Karate,Local,27.475,5.27175317185697
Karate,Local,27.5333333333333,5.20175317185697
Karate,Local,27.5916666666667,5.13175317185698
Karate,Local,27.65,5.06175317185698
Karate,Local,27.7083333333333,4.99175317185698
Karate,Local,27.7666666666667,4.92175317185698
Karate,Local,27.825,4.85175317185698
Karate,Local,27.8833333333333,4.78175317185698
Karate,Local,27.9416666666667,4.71175317185698
Karate,Local,28,4.64175317185698
Karate,Local,28.0583333333333,4.57175317185697
Karate,Local,28.1166666666667,4.50175317185698
Karate,Local,28.175,4.43175317185697
Karate,Local,28.2333333333333,4.36175317185698
Karate,Local,28.2916666666667,4.29175317185697
Karate,Local,28.35,4.22175317185698
Karate,Local,28.4083333333333,4.15175317185697
Karate,Local,28.4666666666667,4.08175317185698
Karate,Local,28.525,4.01175317185698
Karate,Local,28.5833333333333,3.94175317185698
Karate,Local,28.6416666666667,3.87175317185697
Karate,Local,28.7,3.80175317185698
Karate,Local,28.7583333333333,3.73175317185697
Karate,Local,28.8166666666667,3.66175317185698
Karate,Local,28.875,3.59175317185698
Karate,Local,28.9333333333333,3.52175317185698
Karate,Local,28.9916666666667,3.45175317185697
Karate,Local,29.05,3.38175317185697
Karate,Local,29.1083333333333,3.31175317185698
Karate,Local,29.1666666666667,3.24175317185697
Karate,Local,29.225,3.17175317185698
Karate,Local,29.2833333333333,3.10175317185697
Karate,Local,29.3416666666667,3.03175317185698
Karate,Local,29.4,2.96175317185698
Karate,Local,29.4583333333333,2.89175317185698
Karate,Local,29.5166666666667,2.82175317185698
Karate,Local,29.575,2.75175317185698
Karate,Local,29.6333333333333,2.68175317185697
Karate,Local,29.6916666666667,2.61175317185698
Karate,Local,29.75,2.54175317185697
Karate,Local,29.8083333333333,2.47175317185698
Karate,Local,29.8666666666667,2.40175317185697
Karate,Local,29.925,2.33175317185698
Karate,Local,29.9833333333333,2.26175317185697
Karate,Local,30.0416666666667,2.19175317185697
Karate,Local,30.1,2.12175317185697
Karate,Local,30.1583333333333,2.05175317185697
Karate,Local,30.2166666666667,1.98175317185697
Karate,Local,30.275,1.91175317185698
Karate,Local,30.3333333333333,1.84175317185697
Karate,Local,30.3916666666667,1.77175317185698
Karate,Local,30.45,1.70175317185698
Karate,Local,30.5083333333333,1.63175317185698
Karate,Local,30.5666666666667,1.56175317185698
Karate,Local,30.625,1.49175317185697
Karate,Local,30.6833333333333,1.42175317185698
Karate,Local,30.7416666666667,1.35175317185697
Karate,Local,30.8,1.28175317185698
Karate,Local,30.8583333333333,1.21175317185697
Karate,Local,30.9166666666667,1.14175317185698
Karate,Local,30.975,1.07175317185697
Karate,Local,31.0333333333333,1.00175317185698
Karate,Local,31.0916666666667,0.93175317185698
Karate,Local,31.15,0.861753171856977
Karate,Local,31.2083333333333,0.791753171856974
Karate,Local,31.2666666666667,0.721753171856977
Karate,Local,31.325,0.651753171856974
Karate,Local,31.3833333333333,0.581753171856977
Karate,Local,31.4416666666667,0.511753171856974
Karate,Local,31.5,0.441753171856978
Karate,Local,31.5583333333333,0.371753171856974
Karate,Local,31.6166666666667,0.301753171856971
Karate,Local,31.675,0.231753171856975
Karate,Local,31.7333333333333,0.161753171856971
Karate,Local,31.7916666666667,0.0917531718569749
Karate,Local,31.85,0.0217531718569717
Karate,Local,31.8681276432141,0
Karate,Local,31.9083333333333,-0.0482468281430248
Karate,Local,31.9666666666667,-0.118246828143021
Karate,Local,32.025,-0.188246828143025
Karate,Local,32.0833333333333,-0.258246828143028
Karate,Local,32.1416666666667,-0.328246828143024
Karate,Local,32.2,-0.398246828143028
Karate,Local,32.2583333333333,-0.468246828143024
Karate,Local,32.3166666666667,-0.538246828143027
Karate,Local,32.375,-0.608246828143024
Karate,Local,32.4333333333333,-0.67824682814302
Karate,Local,32.4916666666667,-0.748246828143023
Karate,Local,32.55,-0.81824682814302
Karate,Local,32.6083333333333,-0.888246828143023
Karate,Local,32.6666666666667,-0.95824682814302
Karate,Local,32.725,-1.02824682814303
Karate,Local,32.7833333333333,-1.09824682814303
Karate,Local,32.8416666666667,-1.16824682814303
Karate,Local,32.9,-1.23824682814303
Karate,Local,32.9583333333333,-1.30824682814303
Karate,Local,33.0166666666667,-1.37824682814303
Karate,Local,33.075,-1.44824682814303
Karate,Local,33.1333333333333,-1.51824682814303
Karate,Local,33.1916666666667,-1.58824682814303
Karate,Local,33.25,-1.65824682814303
Karate,Local,33.3083333333333,-1.72824682814302
Karate,Local,33.3666666666667,-1.79824682814302
Karate,Local,33.425,-1.86824682814302
Karate,Local,33.4833333333333,-1.93824682814302
Karate,Local,33.5416666666667,-2.00824682814302
Karate,Local,33.6,-2.07824682814302
Karate,Local,33.6583333333333,-2.14824682814302
Karate,Local,33.7166666666667,-2.21824682814303
Karate,Local,33.775,-2.28824682814303
Karate,Local,33.8333333333333,-2.35824682814303
Karate,Local,33.8916666666667,-2.42824682814303
Karate,Local,33.95,-2.49824682814303
Karate,Local,34.0083333333333,-2.56824682814303
Karate,Local,34.0666666666667,-2.63824682814303
Karate,Local,34.125,-2.70824682814303
Karate,Local,34.1833333333333,-2.77824682814302
Karate,Local,34.2416666666667,-2.84824682814303
Karate,Local,34.3,-2.91824682814302
Karate,Local,34.3583333333333,-2.98824682814303
Karate,Local,34.4166666666667,-3.05824682814302
Karate,Local,34.475,-3.12824682814303
Karate,Local,34.5333333333333,-3.19824682814302
Karate,Local,34.5916666666667,-3.26824682814303
Karate,Local,34.65,-3.33824682814302
Karate,Local,34.7083333333333,-3.40824682814303
Karate,Local,34.7666666666667,-3.47824682814302
Karate,Local,34.825,-3.54824682814303
Karate,Local,34.8833333333333,-3.61824682814303
Karate,Local,34.9416666666667,-3.68824682814303
Karate,Local,35,-3.75824682814303
PolBK,Local,0,31.2209532317234
PolBK,Local,0.0583333333333333,31.1509532317234
PolBK,Local,0.116666666666667,31.0809532317234
PolBK,Local,0.175,31.0109532317234
PolBK,Local,0.233333333333333,30.9409532317234
PolBK,Local,0.291666666666667,30.8709532317234
PolBK,Local,0.35,30.8009532317234
PolBK,Local,0.408333333333333,30.7309532317234
PolBK,Local,0.466666666666667,30.6609532317234
PolBK,Local,0.525,30.5909532317234
PolBK,Local,0.583333333333333,30.5209532317234
PolBK,Local,0.641666666666667,30.4509532317234
PolBK,Local,0.7,30.3809532317234
PolBK,Local,0.758333333333333,30.3109532317234
PolBK,Local,0.816666666666667,30.2409532317234
PolBK,Local,0.875,30.1709532317234
PolBK,Local,0.933333333333333,30.1009532317234
PolBK,Local,0.991666666666667,30.0309532317234
PolBK,Local,1.05,29.9609532317234
PolBK,Local,1.10833333333333,29.8909532317234
PolBK,Local,1.16666666666667,29.8209532317234
PolBK,Local,1.225,29.7509532317234
PolBK,Local,1.28333333333333,29.6809532317234
PolBK,Local,1.34166666666667,29.6109532317234
PolBK,Local,1.4,29.5409532317234
PolBK,Local,1.45833333333333,29.4709532317234
PolBK,Local,1.51666666666667,29.4009532317234
PolBK,Local,1.575,29.3309532317234
PolBK,Local,1.63333333333333,29.2609532317234
PolBK,Local,1.69166666666667,29.1909532317234
PolBK,Local,1.75,29.1209532317234
PolBK,Local,1.80833333333333,29.0509532317234
PolBK,Local,1.86666666666667,28.9809532317234
PolBK,Local,1.925,28.9109532317234
PolBK,Local,1.98333333333333,28.8409532317234
PolBK,Local,2.04166666666667,28.7709532317234
PolBK,Local,2.1,28.7009532317234
PolBK,Local,2.15833333333333,28.6309532317234
PolBK,Local,2.21666666666667,28.5609532317234
PolBK,Local,2.275,28.4909532317234
PolBK,Local,2.33333333333333,28.4209532317234
PolBK,Local,2.39166666666667,28.3509532317234
PolBK,Local,2.45,28.2809532317234
PolBK,Local,2.50833333333333,28.2109532317234
PolBK,Local,2.56666666666667,28.1409532317234
PolBK,Local,2.625,28.0709532317234
PolBK,Local,2.68333333333333,28.0009532317234
PolBK,Local,2.74166666666667,27.9309532317234
PolBK,Local,2.8,27.8609532317234
PolBK,Local,2.85833333333333,27.7909532317234
PolBK,Local,2.91666666666667,27.7209532317234
PolBK,Local,2.975,27.6509532317234
PolBK,Local,3.03333333333333,27.5809532317234
PolBK,Local,3.09166666666667,27.5109532317234
PolBK,Local,3.15,27.4409532317234
PolBK,Local,3.20833333333333,27.3709532317234
PolBK,Local,3.26666666666667,27.3009532317234
PolBK,Local,3.325,27.2309532317234
PolBK,Local,3.38333333333333,27.1609532317234
PolBK,Local,3.44166666666667,27.0909532317234
PolBK,Local,3.5,27.0209532317234
PolBK,Local,3.55833333333333,26.9509532317234
PolBK,Local,3.61666666666667,26.8809532317234
PolBK,Local,3.675,26.8109532317234
PolBK,Local,3.73333333333333,26.7409532317234
PolBK,Local,3.79166666666667,26.6709532317234
PolBK,Local,3.85,26.6009532317234
PolBK,Local,3.90833333333333,26.5309532317234
PolBK,Local,3.96666666666667,26.4609532317234
PolBK,Local,4.025,26.3909532317234
PolBK,Local,4.08333333333333,26.3209532317234
PolBK,Local,4.14166666666667,26.2509532317234
PolBK,Local,4.2,26.1809532317234
PolBK,Local,4.25833333333333,26.1109532317234
PolBK,Local,4.31666666666667,26.0409532317234
PolBK,Local,4.375,25.9709532317234
PolBK,Local,4.43333333333333,25.9009532317234
PolBK,Local,4.49166666666667,25.8309532317234
PolBK,Local,4.55,25.7609532317234
PolBK,Local,4.60833333333333,25.6909532317234
PolBK,Local,4.66666666666667,25.6209532317234
PolBK,Local,4.725,25.5509532317234
PolBK,Local,4.78333333333333,25.4809532317234
PolBK,Local,4.84166666666667,25.4109532317234
PolBK,Local,4.9,25.3409532317234
PolBK,Local,4.95833333333333,25.2709532317234
PolBK,Local,5.01666666666667,25.2009532317234
PolBK,Local,5.075,25.1309532317234
PolBK,Local,5.13333333333333,25.0609532317234
PolBK,Local,5.19166666666667,24.9909532317234
PolBK,Local,5.25,24.9209532317234
PolBK,Local,5.30833333333333,24.8509532317234
PolBK,Local,5.36666666666667,24.7809532317234
PolBK,Local,5.425,24.7109532317234
PolBK,Local,5.48333333333333,24.6409532317234
PolBK,Local,5.54166666666667,24.5709532317234
PolBK,Local,5.6,24.5009532317234
PolBK,Local,5.65833333333333,24.4309532317234
PolBK,Local,5.71666666666667,24.3609532317234
PolBK,Local,5.775,24.2909532317234
PolBK,Local,5.83333333333333,24.2209532317234
PolBK,Local,5.89166666666667,24.1509532317234
PolBK,Local,5.95,24.0809532317234
PolBK,Local,6.00833333333333,24.0109532317234
PolBK,Local,6.06666666666667,23.9409532317234
PolBK,Local,6.125,23.8709532317234
PolBK,Local,6.18333333333333,23.8009532317234
PolBK,Local,6.24166666666667,23.7309532317234
PolBK,Local,6.3,23.6609532317234
PolBK,Local,6.35833333333333,23.5909532317234
PolBK,Local,6.41666666666667,23.5209532317234
PolBK,Local,6.475,23.4509532317234
PolBK,Local,6.53333333333333,23.3809532317234
PolBK,Local,6.59166666666667,23.3109532317234
PolBK,Local,6.65,23.2409532317234
PolBK,Local,6.70833333333333,23.1709532317234
PolBK,Local,6.76666666666667,23.1009532317234
PolBK,Local,6.825,23.0309532317234
PolBK,Local,6.88333333333333,22.9609532317234
PolBK,Local,6.94166666666667,22.8909532317234
PolBK,Local,7,22.8209532317234
PolBK,Local,7.05833333333333,22.7509532317234
PolBK,Local,7.11666666666667,22.6809532317234
PolBK,Local,7.175,22.6109532317234
PolBK,Local,7.23333333333333,22.5409532317234
PolBK,Local,7.29166666666667,22.4709532317234
PolBK,Local,7.35,22.4009532317234
PolBK,Local,7.40833333333333,22.3309532317234
PolBK,Local,7.46666666666667,22.2609532317234
PolBK,Local,7.525,22.1909532317234
PolBK,Local,7.58333333333333,22.1209532317234
PolBK,Local,7.64166666666667,22.0509532317234
PolBK,Local,7.7,21.9809532317234
PolBK,Local,7.75833333333333,21.9109532317234
PolBK,Local,7.81666666666667,21.8409532317234
PolBK,Local,7.875,21.7709532317234
PolBK,Local,7.93333333333333,21.7009532317234
PolBK,Local,7.99166666666667,21.6309532317234
PolBK,Local,8.05,21.5609532317234
PolBK,Local,8.10833333333333,21.4909532317234
PolBK,Local,8.16666666666667,21.4209532317234
PolBK,Local,8.225,21.3509532317234
PolBK,Local,8.28333333333333,21.2809532317234
PolBK,Local,8.34166666666667,21.2109532317234
PolBK,Local,8.4,21.1409532317234
PolBK,Local,8.45833333333333,21.0709532317234
PolBK,Local,8.51666666666667,21.0009532317234
PolBK,Local,8.575,20.9309532317234
PolBK,Local,8.63333333333333,20.8609532317234
PolBK,Local,8.69166666666667,20.7909532317234
PolBK,Local,8.75,20.7209532317234
PolBK,Local,8.80833333333333,20.6509532317234
PolBK,Local,8.86666666666667,20.5809532317234
PolBK,Local,8.925,20.5109532317234
PolBK,Local,8.98333333333333,20.4409532317234
PolBK,Local,9.04166666666667,20.3709532317234
PolBK,Local,9.1,20.3009532317234
PolBK,Local,9.15833333333333,20.2309532317234
PolBK,Local,9.21666666666667,20.1609532317234
PolBK,Local,9.275,20.0909532317234
PolBK,Local,9.33333333333333,20.0209532317234
PolBK,Local,9.39166666666667,19.9509532317234
PolBK,Local,9.45,19.8809532317234
PolBK,Local,9.50833333333333,19.8109532317234
PolBK,Local,9.56666666666667,19.7409532317234
PolBK,Local,9.625,19.6709532317234
PolBK,Local,9.68333333333333,19.6009532317234
PolBK,Local,9.74166666666667,19.5309532317234
PolBK,Local,9.8,19.4609532317234
PolBK,Local,9.85833333333333,19.3909532317234
PolBK,Local,9.91666666666667,19.3209532317234
PolBK,Local,9.975,19.2509532317234
PolBK,Local,10.0333333333333,19.1809532317234
PolBK,Local,10.0916666666667,19.1109532317234
PolBK,Local,10.15,19.0409532317234
PolBK,Local,10.2083333333333,18.9709532317234
PolBK,Local,10.2666666666667,18.9009532317234
PolBK,Local,10.325,18.8309532317234
PolBK,Local,10.3833333333333,18.7609532317234
PolBK,Local,10.4416666666667,18.6909532317234
PolBK,Local,10.5,18.6209532317234
PolBK,Local,10.5583333333333,18.5509532317234
PolBK,Local,10.6166666666667,18.4809532317234
PolBK,Local,10.675,18.4109532317234
PolBK,Local,10.7333333333333,18.3409532317234
PolBK,Local,10.7916666666667,18.2709532317234
PolBK,Local,10.85,18.2009532317234
PolBK,Local,10.9083333333333,18.1309532317234
PolBK,Local,10.9666666666667,18.0609532317234
PolBK,Local,11.025,17.9909532317234
PolBK,Local,11.0833333333333,17.9209532317234
PolBK,Local,11.1416666666667,17.8509532317234
PolBK,Local,11.2,17.7809532317234
PolBK,Local,11.2583333333333,17.7109532317234
PolBK,Local,11.3166666666667,17.6409532317234
PolBK,Local,11.375,17.5709532317234
PolBK,Local,11.4333333333333,17.5009532317234
PolBK,Local,11.4916666666667,17.4309532317234
PolBK,Local,11.55,17.3609532317234
PolBK,Local,11.6083333333333,17.2909532317234
PolBK,Local,11.6666666666667,17.2209532317234
PolBK,Local,11.725,17.1509532317234
PolBK,Local,11.7833333333333,17.0809532317234
PolBK,Local,11.8416666666667,17.0109532317234
PolBK,Local,11.9,16.9409532317234
PolBK,Local,11.9583333333333,16.8709532317234
PolBK,Local,12.0166666666667,16.8009532317234
PolBK,Local,12.075,16.7309532317234
PolBK,Local,12.1333333333333,16.6609532317234
PolBK,Local,12.1916666666667,16.5909532317234
PolBK,Local,12.25,16.5209532317234
PolBK,Local,12.3083333333333,16.4509532317234
PolBK,Local,12.3666666666667,16.3809532317234
PolBK,Local,12.425,16.3109532317234
PolBK,Local,12.4833333333333,16.2409532317234
PolBK,Local,12.5416666666667,16.1709532317234
PolBK,Local,12.6,16.1009532317234
PolBK,Local,12.6583333333333,16.0309532317234
PolBK,Local,12.7166666666667,15.9609532317234
PolBK,Local,12.775,15.8909532317234
PolBK,Local,12.8333333333333,15.8209532317234
PolBK,Local,12.8916666666667,15.7509532317234
PolBK,Local,12.95,15.6809532317234
PolBK,Local,13.0083333333333,15.6109532317234
PolBK,Local,13.0666666666667,15.5409532317234
PolBK,Local,13.125,15.4709532317234
PolBK,Local,13.1833333333333,15.4009532317234
PolBK,Local,13.2416666666667,15.3309532317234
PolBK,Local,13.3,15.2609532317234
PolBK,Local,13.3583333333333,15.1909532317234
PolBK,Local,13.4166666666667,15.1209532317234
PolBK,Local,13.475,15.0509532317234
PolBK,Local,13.5333333333333,14.9809532317234
PolBK,Local,13.5916666666667,14.9109532317234
PolBK,Local,13.65,14.8409532317234
PolBK,Local,13.7083333333333,14.7709532317234
PolBK,Local,13.7666666666667,14.7009532317234
PolBK,Local,13.825,14.6309532317234
PolBK,Local,13.8833333333333,14.5609532317234
PolBK,Local,13.9416666666667,14.4909532317234
PolBK,Local,14,14.4209532317234
PolBK,Local,14.0583333333333,14.3509532317234
PolBK,Local,14.1166666666667,14.2809532317234
PolBK,Local,14.175,14.2109532317234
PolBK,Local,14.2333333333333,14.1409532317234
PolBK,Local,14.2916666666667,14.0709532317234
PolBK,Local,14.35,14.0009532317234
PolBK,Local,14.4083333333333,13.9309532317234
PolBK,Local,14.4666666666667,13.8609532317234
PolBK,Local,14.525,13.7909532317234
PolBK,Local,14.5833333333333,13.7209532317234
PolBK,Local,14.6416666666667,13.6509532317234
PolBK,Local,14.7,13.5809532317234
PolBK,Local,14.7583333333333,13.5109532317234
PolBK,Local,14.8166666666667,13.4409532317234
PolBK,Local,14.875,13.3709532317234
PolBK,Local,14.9333333333333,13.3009532317234
PolBK,Local,14.9916666666667,13.2309532317234
PolBK,Local,15.05,13.1609532317234
PolBK,Local,15.1083333333333,13.0909532317234
PolBK,Local,15.1666666666667,13.0209532317234
PolBK,Local,15.225,12.9509532317234
PolBK,Local,15.2833333333333,12.8809532317234
PolBK,Local,15.3416666666667,12.8109532317234
PolBK,Local,15.4,12.7409532317234
PolBK,Local,15.4583333333333,12.6709532317234
PolBK,Local,15.5166666666667,12.6009532317234
PolBK,Local,15.575,12.5309532317234
PolBK,Local,15.6333333333333,12.4609532317234
PolBK,Local,15.6916666666667,12.3909532317234
PolBK,Local,15.75,12.3209532317234
PolBK,Local,15.8083333333333,12.2509532317234
PolBK,Local,15.8666666666667,12.1809532317234
PolBK,Local,15.925,12.1109532317234
PolBK,Local,15.9833333333333,12.0409532317234
PolBK,Local,16.0416666666667,11.9709532317234
PolBK,Local,16.1,11.9009532317234
PolBK,Local,16.1583333333333,11.8309532317234
PolBK,Local,16.2166666666667,11.7609532317234
PolBK,Local,16.275,11.6909532317234
PolBK,Local,16.3333333333333,11.6209532317234
PolBK,Local,16.3916666666667,11.5509532317234
PolBK,Local,16.45,11.4809532317234
PolBK,Local,16.5083333333333,11.4109532317234
PolBK,Local,16.5666666666667,11.3409532317234
PolBK,Local,16.625,11.2709532317234
PolBK,Local,16.6833333333333,11.2009532317234
PolBK,Local,16.7416666666667,11.1309532317234
PolBK,Local,16.8,11.0609532317234
PolBK,Local,16.8583333333333,10.9909532317234
PolBK,Local,16.9166666666667,10.9209532317234
PolBK,Local,16.975,10.8509532317234
PolBK,Local,17.0333333333333,10.7809532317234
PolBK,Local,17.0916666666667,10.7109532317234
PolBK,Local,17.15,10.6409532317234
PolBK,Local,17.2083333333333,10.5709532317234
PolBK,Local,17.2666666666667,10.5009532317234
PolBK,Local,17.325,10.4309532317234
PolBK,Local,17.3833333333333,10.3609532317234
PolBK,Local,17.4416666666667,10.2909532317234
PolBK,Local,17.5,10.2209532317234
PolBK,Local,17.5583333333333,10.1509532317234
PolBK,Local,17.6166666666667,10.0809532317234
PolBK,Local,17.675,10.0109532317234
PolBK,Local,17.7333333333333,9.94095323172343
PolBK,Local,17.7916666666667,9.87095323172343
PolBK,Local,17.85,9.80095323172343
PolBK,Local,17.9083333333333,9.73095323172343
PolBK,Local,17.9666666666667,9.66095323172344
PolBK,Local,18.025,9.59095323172343
PolBK,Local,18.0833333333333,9.52095323172343
PolBK,Local,18.1416666666667,9.45095323172343
PolBK,Local,18.2,9.38095323172343
PolBK,Local,18.2583333333333,9.31095323172343
PolBK,Local,18.3166666666667,9.24095323172343
PolBK,Local,18.375,9.17095323172343
PolBK,Local,18.4333333333333,9.10095323172343
PolBK,Local,18.4916666666667,9.03095323172343
PolBK,Local,18.55,8.96095323172343
PolBK,Local,18.6083333333333,8.89095323172343
PolBK,Local,18.6666666666667,8.82095323172343
PolBK,Local,18.725,8.75095323172343
PolBK,Local,18.7833333333333,8.68095323172343
PolBK,Local,18.8416666666667,8.61095323172344
PolBK,Local,18.9,8.54095323172343
PolBK,Local,18.9583333333333,8.47095323172343
PolBK,Local,19.0166666666667,8.40095323172343
PolBK,Local,19.075,8.33095323172343
PolBK,Local,19.1333333333333,8.26095323172343
PolBK,Local,19.1916666666667,8.19095323172343
PolBK,Local,19.25,8.12095323172343
PolBK,Local,19.3083333333333,8.05095323172343
PolBK,Local,19.3666666666667,7.98095323172343
PolBK,Local,19.425,7.91095323172343
PolBK,Local,19.4833333333333,7.84095323172343
PolBK,Local,19.5416666666667,7.77095323172343
PolBK,Local,19.6,7.70095323172343
PolBK,Local,19.6583333333333,7.63095323172343
PolBK,Local,19.7166666666667,7.56095323172344
PolBK,Local,19.775,7.49095323172343
PolBK,Local,19.8333333333333,7.42095323172343
PolBK,Local,19.8916666666667,7.35095323172343
PolBK,Local,19.95,7.28095323172344
PolBK,Local,20.0083333333333,7.21095323172343
PolBK,Local,20.0666666666667,7.14095323172343
PolBK,Local,20.125,7.07095323172343
PolBK,Local,20.1833333333333,7.00095323172343
PolBK,Local,20.2416666666667,6.93095323172343
PolBK,Local,20.3,6.86095323172343
PolBK,Local,20.3583333333333,6.79095323172343
PolBK,Local,20.4166666666667,6.72095323172343
PolBK,Local,20.475,6.65095323172343
PolBK,Local,20.5333333333333,6.58095323172343
PolBK,Local,20.5916666666667,6.51095323172344
PolBK,Local,20.65,6.44095323172344
PolBK,Local,20.7083333333333,6.37095323172343
PolBK,Local,20.7666666666667,6.30095323172343
PolBK,Local,20.825,6.23095323172344
PolBK,Local,20.8833333333333,6.16095323172343
PolBK,Local,20.9416666666667,6.09095323172343
PolBK,Local,21,6.02095323172343
PolBK,Local,21.0583333333333,5.95095323172343
PolBK,Local,21.1166666666667,5.88095323172343
PolBK,Local,21.175,5.81095323172343
PolBK,Local,21.2333333333333,5.74095323172343
PolBK,Local,21.2916666666667,5.67095323172343
PolBK,Local,21.35,5.60095323172343
PolBK,Local,21.4083333333333,5.53095323172343
PolBK,Local,21.4666666666667,5.46095323172344
PolBK,Local,21.525,5.39095323172344
PolBK,Local,21.5833333333333,5.32095323172343
PolBK,Local,21.6416666666667,5.25095323172343
PolBK,Local,21.7,5.18095323172343
PolBK,Local,21.7583333333333,5.11095323172344
PolBK,Local,21.8166666666667,5.04095323172343
PolBK,Local,21.875,4.97095323172343
PolBK,Local,21.9333333333333,4.90095323172343
PolBK,Local,21.9916666666667,4.83095323172344
PolBK,Local,22.05,4.76095323172343
PolBK,Local,22.1083333333333,4.69095323172343
PolBK,Local,22.1666666666667,4.62095323172343
PolBK,Local,22.225,4.55095323172343
PolBK,Local,22.2833333333333,4.48095323172343
PolBK,Local,22.3416666666667,4.41095323172344
PolBK,Local,22.4,4.34095323172344
PolBK,Local,22.4583333333333,4.27095323172343
PolBK,Local,22.5166666666667,4.20095323172343
PolBK,Local,22.575,4.13095323172343
PolBK,Local,22.6333333333333,4.06095323172344
PolBK,Local,22.6916666666667,3.99095323172343
PolBK,Local,22.75,3.92095323172343
PolBK,Local,22.8083333333333,3.85095323172343
PolBK,Local,22.8666666666667,3.78095323172344
PolBK,Local,22.925,3.71095323172343
PolBK,Local,22.9833333333333,3.64095323172343
PolBK,Local,23.0416666666667,3.57095323172343
PolBK,Local,23.1,3.50095323172343
PolBK,Local,23.1583333333333,3.43095323172343
PolBK,Local,23.2166666666667,3.36095323172344
PolBK,Local,23.275,3.29095323172344
PolBK,Local,23.3333333333333,3.22095323172344
PolBK,Local,23.3916666666667,3.15095323172343
PolBK,Local,23.45,3.08095323172344
PolBK,Local,23.5083333333333,3.01095323172344
PolBK,Local,23.5666666666667,2.94095323172343
PolBK,Local,23.625,2.87095323172343
PolBK,Local,23.6833333333333,2.80095323172343
PolBK,Local,23.7416666666667,2.73095323172344
PolBK,Local,23.8,2.66095323172343
PolBK,Local,23.8583333333333,2.59095323172343
PolBK,Local,23.9166666666667,2.52095323172343
PolBK,Local,23.975,2.45095323172343
PolBK,Local,24.0333333333333,2.38095323172343
PolBK,Local,24.0916666666667,2.31095323172344
PolBK,Local,24.15,2.24095323172344
PolBK,Local,24.2083333333333,2.17095323172344
PolBK,Local,24.2666666666667,2.10095323172343
PolBK,Local,24.325,2.03095323172344
PolBK,Local,24.3833333333333,1.96095323172344
PolBK,Local,24.4416666666667,1.89095323172344
PolBK,Local,24.5,1.82095323172343
PolBK,Local,24.5583333333333,1.75095323172343
PolBK,Local,24.6166666666667,1.68095323172344
PolBK,Local,24.675,1.61095323172344
PolBK,Local,24.7333333333333,1.54095323172343
PolBK,Local,24.7916666666667,1.47095323172343
PolBK,Local,24.85,1.40095323172343
PolBK,Local,24.9083333333333,1.33095323172343
PolBK,Local,24.9666666666667,1.26095323172344
PolBK,Local,25.025,1.19095323172344
PolBK,Local,25.0833333333333,1.12095323172344
PolBK,Local,25.1416666666667,1.05095323172343
PolBK,Local,25.2,0.980953231723435
PolBK,Local,25.2583333333333,0.910953231723436
PolBK,Local,25.3166666666667,0.840953231723437
PolBK,Local,25.375,0.770953231723433
PolBK,Local,25.4333333333333,0.700953231723434
PolBK,Local,25.4916666666667,0.630953231723435
PolBK,Local,25.55,0.560953231723436
PolBK,Local,25.6083333333333,0.490953231723433
PolBK,Local,25.6666666666667,0.420953231723433
PolBK,Local,25.725,0.350953231723434
PolBK,Local,25.7833333333333,0.280953231723435
PolBK,Local,25.8416666666667,0.210953231723436
PolBK,Local,25.9,0.140953231723437
PolBK,Local,25.9583333333333,0.0709532317234377
PolBK,Local,26.0166666666667,0.000953231723438616
PolBK,Local,26.0174610264362,0
PolBK,Local,26.075,-0.0690467682765648
PolBK,Local,26.1333333333333,-0.139046768276564
PolBK,Local,26.1916666666667,-0.209046768276563
PolBK,Local,26.25,-0.279046768276567
PolBK,Local,26.3083333333333,-0.349046768276566
PolBK,Local,26.3666666666667,-0.419046768276565
PolBK,Local,26.425,-0.489046768276564
PolBK,Local,26.4833333333333,-0.559046768276567
PolBK,Local,26.5416666666667,-0.629046768276567
PolBK,Local,26.6,-0.699046768276566
PolBK,Local,26.6583333333333,-0.769046768276565
PolBK,Local,26.7166666666667,-0.839046768276564
PolBK,Local,26.775,-0.909046768276563
PolBK,Local,26.8333333333333,-0.979046768276562
PolBK,Local,26.8916666666667,-1.04904676827656
PolBK,Local,26.95,-1.11904676827656
PolBK,Local,27.0083333333333,-1.18904676827656
PolBK,Local,27.0666666666667,-1.25904676827656
PolBK,Local,27.125,-1.32904676827656
PolBK,Local,27.1833333333333,-1.39904676827657
PolBK,Local,27.2416666666667,-1.46904676827656
PolBK,Local,27.3,-1.53904676827656
PolBK,Local,27.3583333333333,-1.60904676827656
PolBK,Local,27.4166666666667,-1.67904676827657
PolBK,Local,27.475,-1.74904676827657
PolBK,Local,27.5333333333333,-1.81904676827656
PolBK,Local,27.5916666666667,-1.88904676827656
PolBK,Local,27.65,-1.95904676827656
PolBK,Local,27.7083333333333,-2.02904676827656
PolBK,Local,27.7666666666667,-2.09904676827656
PolBK,Local,27.825,-2.16904676827656
PolBK,Local,27.8833333333333,-2.23904676827656
PolBK,Local,27.9416666666667,-2.30904676827656
PolBK,Local,28,-2.37904676827656
PolBK,Local,28.0583333333333,-2.44904676827657
PolBK,Local,28.1166666666667,-2.51904676827656
PolBK,Local,28.175,-2.58904676827656
PolBK,Local,28.2333333333333,-2.65904676827656
PolBK,Local,28.2916666666667,-2.72904676827657
PolBK,Local,28.35,-2.79904676827657
PolBK,Local,28.4083333333333,-2.86904676827657
PolBK,Local,28.4666666666667,-2.93904676827656
PolBK,Local,28.525,-3.00904676827656
PolBK,Local,28.5833333333333,-3.07904676827656
PolBK,Local,28.6416666666667,-3.14904676827656
PolBK,Local,28.7,-3.21904676827656
PolBK,Local,28.7583333333333,-3.28904676827656
PolBK,Local,28.8166666666667,-3.35904676827656
PolBK,Local,28.875,-3.42904676827656
PolBK,Local,28.9333333333333,-3.49904676827657
PolBK,Local,28.9916666666667,-3.56904676827656
PolBK,Local,29.05,-3.63904676827656
PolBK,Local,29.1083333333333,-3.70904676827656
PolBK,Local,29.1666666666667,-3.77904676827657
PolBK,Local,29.225,-3.84904676827657
PolBK,Local,29.2833333333333,-3.91904676827656
PolBK,Local,29.3416666666667,-3.98904676827656
PolBK,Local,29.4,-4.05904676827656
PolBK,Local,29.4583333333333,-4.12904676827656
PolBK,Local,29.5166666666667,-4.19904676827656
PolBK,Local,29.575,-4.26904676827656
PolBK,Local,29.6333333333333,-4.33904676827656
PolBK,Local,29.6916666666667,-4.40904676827656
PolBK,Local,29.75,-4.47904676827656
PolBK,Local,29.8083333333333,-4.54904676827656
PolBK,Local,29.8666666666667,-4.61904676827657
PolBK,Local,29.925,-4.68904676827656
PolBK,Local,29.9833333333333,-4.75904676827656
PolBK,Local,30.0416666666667,-4.82904676827657
PolBK,Local,30.1,-4.89904676827657
PolBK,Local,30.1583333333333,-4.96904676827656
PolBK,Local,30.2166666666667,-5.03904676827656
PolBK,Local,30.275,-5.10904676827656
PolBK,Local,30.3333333333333,-5.17904676827656
PolBK,Local,30.3916666666667,-5.24904676827656
PolBK,Local,30.45,-5.31904676827656
PolBK,Local,30.5083333333333,-5.38904676827656
PolBK,Local,30.5666666666667,-5.45904676827656
PolBK,Local,30.625,-5.52904676827656
PolBK,Local,30.6833333333333,-5.59904676827656
PolBK,Local,30.7416666666667,-5.66904676827656
PolBK,Local,30.8,-5.73904676827656
PolBK,Local,30.8583333333333,-5.80904676827656
PolBK,Local,30.9166666666667,-5.87904676827656
PolBK,Local,30.975,-5.94904676827657
PolBK,Local,31.0333333333333,-6.01904676827656
PolBK,Local,31.0916666666667,-6.08904676827656
PolBK,Local,31.15,-6.15904676827656
PolBK,Local,31.2083333333333,-6.22904676827656
PolBK,Local,31.2666666666667,-6.29904676827656
PolBK,Local,31.325,-6.36904676827656
PolBK,Local,31.3833333333333,-6.43904676827656
PolBK,Local,31.4416666666667,-6.50904676827656
PolBK,Local,31.5,-6.57904676827656
PolBK,Local,31.5583333333333,-6.64904676827656
PolBK,Local,31.6166666666667,-6.71904676827656
PolBK,Local,31.675,-6.78904676827656
PolBK,Local,31.7333333333333,-6.85904676827656
PolBK,Local,31.7916666666667,-6.92904676827656
PolBK,Local,31.85,-6.99904676827657
PolBK,Local,31.9083333333333,-7.06904676827657
PolBK,Local,31.9666666666667,-7.13904676827656
PolBK,Local,32.025,-7.20904676827656
PolBK,Local,32.0833333333333,-7.27904676827657
PolBK,Local,32.1416666666667,-7.34904676827656
PolBK,Local,32.2,-7.41904676827656
PolBK,Local,32.2583333333333,-7.48904676827656
PolBK,Local,32.3166666666667,-7.55904676827657
PolBK,Local,32.375,-7.62904676827656
PolBK,Local,32.4333333333333,-7.69904676827656
PolBK,Local,32.4916666666667,-7.76904676827656
PolBK,Local,32.55,-7.83904676827656
PolBK,Local,32.6083333333333,-7.90904676827656
PolBK,Local,32.6666666666667,-7.97904676827656
PolBK,Local,32.725,-8.04904676827656
PolBK,Local,32.7833333333333,-8.11904676827656
PolBK,Local,32.8416666666667,-8.18904676827657
PolBK,Local,32.9,-8.25904676827656
PolBK,Local,32.9583333333333,-8.32904676827657
PolBK,Local,33.0166666666667,-8.39904676827656
PolBK,Local,33.075,-8.46904676827656
PolBK,Local,33.1333333333333,-8.53904676827656
PolBK,Local,33.1916666666667,-8.60904676827656
PolBK,Local,33.25,-8.67904676827656
PolBK,Local,33.3083333333333,-8.74904676827656
PolBK,Local,33.3666666666667,-8.81904676827656
PolBK,Local,33.425,-8.88904676827656
PolBK,Local,33.4833333333333,-8.95904676827656
PolBK,Local,33.5416666666667,-9.02904676827656
PolBK,Local,33.6,-9.09904676827656
PolBK,Local,33.6583333333333,-9.16904676827656
PolBK,Local,33.7166666666667,-9.23904676827656
PolBK,Local,33.775,-9.30904676827656
PolBK,Local,33.8333333333333,-9.37904676827657
PolBK,Local,33.8916666666667,-9.44904676827656
PolBK,Local,33.95,-9.51904676827657
PolBK,Local,34.0083333333333,-9.58904676827656
PolBK,Local,34.0666666666667,-9.65904676827656
PolBK,Local,34.125,-9.72904676827656
PolBK,Local,34.1833333333333,-9.79904676827656
PolBK,Local,34.2416666666667,-9.86904676827657
PolBK,Local,34.3,-9.93904676827656
PolBK,Local,34.3583333333333,-10.0090467682766
PolBK,Local,34.4166666666667,-10.0790467682766
PolBK,Local,34.475,-10.1490467682766
PolBK,Local,34.5333333333333,-10.2190467682766
PolBK,Local,34.5916666666667,-10.2890467682766
PolBK,Local,34.65,-10.3590467682766
PolBK,Local,34.7083333333333,-10.4290467682766
PolBK,Local,34.7666666666667,-10.4990467682766
PolBK,Local,34.825,-10.5690467682766
PolBK,Local,34.8833333333333,-10.6390467682766
PolBK,Local,34.9416666666667,-10.7090467682766
PolBK,Local,35,-10.7790467682766
LastFM,Local,0,27.6369789160024
LastFM,Local,0.0583333333333333,27.5669789160024
LastFM,Local,0.116666666666667,27.4969789160024
LastFM,Local,0.175,27.4269789160024
LastFM,Local,0.233333333333333,27.3569789160024
LastFM,Local,0.291666666666667,27.2869789160024
LastFM,Local,0.35,27.2169789160024
LastFM,Local,0.408333333333333,27.1469789160024
LastFM,Local,0.466666666666667,27.0769789160024
LastFM,Local,0.525,27.0069789160024
LastFM,Local,0.583333333333333,26.9369789160024
LastFM,Local,0.641666666666667,26.8669789160024
LastFM,Local,0.7,26.7969789160024
LastFM,Local,0.758333333333333,26.7269789160024
LastFM,Local,0.816666666666667,26.6569789160024
LastFM,Local,0.875,26.5869789160024
LastFM,Local,0.933333333333333,26.5169789160024
LastFM,Local,0.991666666666667,26.4469789160024
LastFM,Local,1.05,26.3769789160024
LastFM,Local,1.10833333333333,26.3069789160024
LastFM,Local,1.16666666666667,26.2369789160024
LastFM,Local,1.225,26.1669789160024
LastFM,Local,1.28333333333333,26.0969789160024
LastFM,Local,1.34166666666667,26.0269789160024
LastFM,Local,1.4,25.9569789160024
LastFM,Local,1.45833333333333,25.8869789160024
LastFM,Local,1.51666666666667,25.8169789160024
LastFM,Local,1.575,25.7469789160024
LastFM,Local,1.63333333333333,25.6769789160024
LastFM,Local,1.69166666666667,25.6069789160024
LastFM,Local,1.75,25.5369789160024
LastFM,Local,1.80833333333333,25.4669789160024
LastFM,Local,1.86666666666667,25.3969789160024
LastFM,Local,1.925,25.3269789160024
LastFM,Local,1.98333333333333,25.2569789160024
LastFM,Local,2.04166666666667,25.1869789160024
LastFM,Local,2.1,25.1169789160024
LastFM,Local,2.15833333333333,25.0469789160024
LastFM,Local,2.21666666666667,24.9769789160024
LastFM,Local,2.275,24.9069789160024
LastFM,Local,2.33333333333333,24.8369789160024
LastFM,Local,2.39166666666667,24.7669789160024
LastFM,Local,2.45,24.6969789160024
LastFM,Local,2.50833333333333,24.6269789160024
LastFM,Local,2.56666666666667,24.5569789160024
LastFM,Local,2.625,24.4869789160023
LastFM,Local,2.68333333333333,24.4169789160023
LastFM,Local,2.74166666666667,24.3469789160023
LastFM,Local,2.8,24.2769789160023
LastFM,Local,2.85833333333333,24.2069789160023
LastFM,Local,2.91666666666667,24.1369789160023
LastFM,Local,2.975,24.0669789160023
LastFM,Local,3.03333333333333,23.9969789160023
LastFM,Local,3.09166666666667,23.9269789160023
LastFM,Local,3.15,23.8569789160023
LastFM,Local,3.20833333333333,23.7869789160023
LastFM,Local,3.26666666666667,23.7169789160023
LastFM,Local,3.325,23.6469789160023
LastFM,Local,3.38333333333333,23.5769789160023
LastFM,Local,3.44166666666667,23.5069789160023
LastFM,Local,3.5,23.4369789160023
LastFM,Local,3.55833333333333,23.3669789160023
LastFM,Local,3.61666666666667,23.2969789160023
LastFM,Local,3.675,23.2269789160023
LastFM,Local,3.73333333333333,23.1569789160023
LastFM,Local,3.79166666666667,23.0869789160023
LastFM,Local,3.85,23.0169789160023
LastFM,Local,3.90833333333333,22.9469789160023
LastFM,Local,3.96666666666667,22.8769789160023
LastFM,Local,4.025,22.8069789160023
LastFM,Local,4.08333333333333,22.7369789160023
LastFM,Local,4.14166666666667,22.6669789160023
LastFM,Local,4.2,22.5969789160023
LastFM,Local,4.25833333333333,22.5269789160023
LastFM,Local,4.31666666666667,22.4569789160023
LastFM,Local,4.375,22.3869789160023
LastFM,Local,4.43333333333333,22.3169789160023
LastFM,Local,4.49166666666667,22.2469789160023
LastFM,Local,4.55,22.1769789160023
LastFM,Local,4.60833333333333,22.1069789160023
LastFM,Local,4.66666666666667,22.0369789160023
LastFM,Local,4.725,21.9669789160023
LastFM,Local,4.78333333333333,21.8969789160023
LastFM,Local,4.84166666666667,21.8269789160023
LastFM,Local,4.9,21.7569789160023
LastFM,Local,4.95833333333333,21.6869789160023
LastFM,Local,5.01666666666667,21.6169789160023
LastFM,Local,5.075,21.5469789160023
LastFM,Local,5.13333333333333,21.4769789160023
LastFM,Local,5.19166666666667,21.4069789160023
LastFM,Local,5.25,21.3369789160023
LastFM,Local,5.30833333333333,21.2669789160023
LastFM,Local,5.36666666666667,21.1969789160023
LastFM,Local,5.425,21.1269789160023
LastFM,Local,5.48333333333333,21.0569789160023
LastFM,Local,5.54166666666667,20.9869789160023
LastFM,Local,5.6,20.9169789160023
LastFM,Local,5.65833333333333,20.8469789160023
LastFM,Local,5.71666666666667,20.7769789160023
LastFM,Local,5.775,20.7069789160023
LastFM,Local,5.83333333333333,20.6369789160023
LastFM,Local,5.89166666666667,20.5669789160023
LastFM,Local,5.95,20.4969789160023
LastFM,Local,6.00833333333333,20.4269789160023
LastFM,Local,6.06666666666667,20.3569789160023
LastFM,Local,6.125,20.2869789160023
LastFM,Local,6.18333333333333,20.2169789160023
LastFM,Local,6.24166666666667,20.1469789160023
LastFM,Local,6.3,20.0769789160023
LastFM,Local,6.35833333333333,20.0069789160023
LastFM,Local,6.41666666666667,19.9369789160023
LastFM,Local,6.475,19.8669789160023
LastFM,Local,6.53333333333333,19.7969789160023
LastFM,Local,6.59166666666667,19.7269789160023
LastFM,Local,6.65,19.6569789160023
LastFM,Local,6.70833333333333,19.5869789160023
LastFM,Local,6.76666666666667,19.5169789160023
LastFM,Local,6.825,19.4469789160023
LastFM,Local,6.88333333333333,19.3769789160023
LastFM,Local,6.94166666666667,19.3069789160023
LastFM,Local,7,19.2369789160023
LastFM,Local,7.05833333333333,19.1669789160023
LastFM,Local,7.11666666666667,19.0969789160023
LastFM,Local,7.175,19.0269789160023
LastFM,Local,7.23333333333333,18.9569789160023
LastFM,Local,7.29166666666667,18.8869789160023
LastFM,Local,7.35,18.8169789160023
LastFM,Local,7.40833333333333,18.7469789160023
LastFM,Local,7.46666666666667,18.6769789160023
LastFM,Local,7.525,18.6069789160023
LastFM,Local,7.58333333333333,18.5369789160023
LastFM,Local,7.64166666666667,18.4669789160023
LastFM,Local,7.7,18.3969789160023
LastFM,Local,7.75833333333333,18.3269789160023
LastFM,Local,7.81666666666667,18.2569789160023
LastFM,Local,7.875,18.1869789160023
LastFM,Local,7.93333333333333,18.1169789160023
LastFM,Local,7.99166666666667,18.0469789160023
LastFM,Local,8.05,17.9769789160023
LastFM,Local,8.10833333333333,17.9069789160023
LastFM,Local,8.16666666666667,17.8369789160023
LastFM,Local,8.225,17.7669789160023
LastFM,Local,8.28333333333333,17.6969789160023
LastFM,Local,8.34166666666667,17.6269789160023
LastFM,Local,8.4,17.5569789160023
LastFM,Local,8.45833333333333,17.4869789160023
LastFM,Local,8.51666666666667,17.4169789160023
LastFM,Local,8.575,17.3469789160023
LastFM,Local,8.63333333333333,17.2769789160023
LastFM,Local,8.69166666666667,17.2069789160023
LastFM,Local,8.75,17.1369789160023
LastFM,Local,8.80833333333333,17.0669789160023
LastFM,Local,8.86666666666667,16.9969789160023
LastFM,Local,8.925,16.9269789160023
LastFM,Local,8.98333333333333,16.8569789160023
LastFM,Local,9.04166666666667,16.7869789160023
LastFM,Local,9.1,16.7169789160023
LastFM,Local,9.15833333333333,16.6469789160023
LastFM,Local,9.21666666666667,16.5769789160023
LastFM,Local,9.275,16.5069789160023
LastFM,Local,9.33333333333333,16.4369789160023
LastFM,Local,9.39166666666667,16.3669789160023
LastFM,Local,9.45,16.2969789160023
LastFM,Local,9.50833333333333,16.2269789160023
LastFM,Local,9.56666666666667,16.1569789160023
LastFM,Local,9.625,16.0869789160023
LastFM,Local,9.68333333333333,16.0169789160023
LastFM,Local,9.74166666666667,15.9469789160023
LastFM,Local,9.8,15.8769789160023
LastFM,Local,9.85833333333333,15.8069789160023
LastFM,Local,9.91666666666667,15.7369789160023
LastFM,Local,9.975,15.6669789160023
LastFM,Local,10.0333333333333,15.5969789160023
LastFM,Local,10.0916666666667,15.5269789160023
LastFM,Local,10.15,15.4569789160023
LastFM,Local,10.2083333333333,15.3869789160023
LastFM,Local,10.2666666666667,15.3169789160023
LastFM,Local,10.325,15.2469789160023
LastFM,Local,10.3833333333333,15.1769789160023
LastFM,Local,10.4416666666667,15.1069789160023
LastFM,Local,10.5,15.0369789160023
LastFM,Local,10.5583333333333,14.9669789160023
LastFM,Local,10.6166666666667,14.8969789160023
LastFM,Local,10.675,14.8269789160023
LastFM,Local,10.7333333333333,14.7569789160023
LastFM,Local,10.7916666666667,14.6869789160023
LastFM,Local,10.85,14.6169789160023
LastFM,Local,10.9083333333333,14.5469789160023
LastFM,Local,10.9666666666667,14.4769789160023
LastFM,Local,11.025,14.4069789160023
LastFM,Local,11.0833333333333,14.3369789160023
LastFM,Local,11.1416666666667,14.2669789160023
LastFM,Local,11.2,14.1969789160023
LastFM,Local,11.2583333333333,14.1269789160023
LastFM,Local,11.3166666666667,14.0569789160023
LastFM,Local,11.375,13.9869789160023
LastFM,Local,11.4333333333333,13.9169789160023
LastFM,Local,11.4916666666667,13.8469789160023
LastFM,Local,11.55,13.7769789160023
LastFM,Local,11.6083333333333,13.7069789160023
LastFM,Local,11.6666666666667,13.6369789160023
LastFM,Local,11.725,13.5669789160023
LastFM,Local,11.7833333333333,13.4969789160023
LastFM,Local,11.8416666666667,13.4269789160023
LastFM,Local,11.9,13.3569789160023
LastFM,Local,11.9583333333333,13.2869789160023
LastFM,Local,12.0166666666667,13.2169789160023
LastFM,Local,12.075,13.1469789160023
LastFM,Local,12.1333333333333,13.0769789160023
LastFM,Local,12.1916666666667,13.0069789160023
LastFM,Local,12.25,12.9369789160023
LastFM,Local,12.3083333333333,12.8669789160023
LastFM,Local,12.3666666666667,12.7969789160023
LastFM,Local,12.425,12.7269789160023
LastFM,Local,12.4833333333333,12.6569789160023
LastFM,Local,12.5416666666667,12.5869789160023
LastFM,Local,12.6,12.5169789160023
LastFM,Local,12.6583333333333,12.4469789160023
LastFM,Local,12.7166666666667,12.3769789160023
LastFM,Local,12.775,12.3069789160023
LastFM,Local,12.8333333333333,12.2369789160023
LastFM,Local,12.8916666666667,12.1669789160023
LastFM,Local,12.95,12.0969789160023
LastFM,Local,13.0083333333333,12.0269789160022
LastFM,Local,13.0666666666667,11.9569789160022
LastFM,Local,13.125,11.8869789160022
LastFM,Local,13.1833333333333,11.8169789160022
LastFM,Local,13.2416666666667,11.7469789160022
LastFM,Local,13.3,11.6769789160022
LastFM,Local,13.3583333333333,11.6069789160022
LastFM,Local,13.4166666666667,11.5369789160022
LastFM,Local,13.475,11.4669789160022
LastFM,Local,13.5333333333333,11.3969789160022
LastFM,Local,13.5916666666667,11.3269789160022
LastFM,Local,13.65,11.2569789160022
LastFM,Local,13.7083333333333,11.1869789160022
LastFM,Local,13.7666666666667,11.1169789160022
LastFM,Local,13.825,11.0469789160022
LastFM,Local,13.8833333333333,10.9769789160022
LastFM,Local,13.9416666666667,10.9069789160022
LastFM,Local,14,10.8369789160022
LastFM,Local,14.0583333333333,10.7669789160022
LastFM,Local,14.1166666666667,10.6969789160022
LastFM,Local,14.175,10.6269789160022
LastFM,Local,14.2333333333333,10.5569789160022
LastFM,Local,14.2916666666667,10.4869789160022
LastFM,Local,14.35,10.4169789160022
LastFM,Local,14.4083333333333,10.3469789160022
LastFM,Local,14.4666666666667,10.2769789160022
LastFM,Local,14.525,10.2069789160022
LastFM,Local,14.5833333333333,10.1369789160022
LastFM,Local,14.6416666666667,10.0669789160022
LastFM,Local,14.7,9.99697891600223
LastFM,Local,14.7583333333333,9.92697891600223
LastFM,Local,14.8166666666667,9.85697891600223
LastFM,Local,14.875,9.78697891600223
LastFM,Local,14.9333333333333,9.71697891600223
LastFM,Local,14.9916666666667,9.64697891600223
LastFM,Local,15.05,9.57697891600223
LastFM,Local,15.1083333333333,9.50697891600223
LastFM,Local,15.1666666666667,9.43697891600223
LastFM,Local,15.225,9.36697891600223
LastFM,Local,15.2833333333333,9.29697891600223
LastFM,Local,15.3416666666667,9.22697891600223
LastFM,Local,15.4,9.15697891600222
LastFM,Local,15.4583333333333,9.08697891600223
LastFM,Local,15.5166666666667,9.01697891600223
LastFM,Local,15.575,8.94697891600223
LastFM,Local,15.6333333333333,8.87697891600222
LastFM,Local,15.6916666666667,8.80697891600222
LastFM,Local,15.75,8.73697891600222
LastFM,Local,15.8083333333333,8.66697891600222
LastFM,Local,15.8666666666667,8.59697891600222
LastFM,Local,15.925,8.52697891600222
LastFM,Local,15.9833333333333,8.45697891600222
LastFM,Local,16.0416666666667,8.38697891600222
LastFM,Local,16.1,8.31697891600222
LastFM,Local,16.1583333333333,8.24697891600222
LastFM,Local,16.2166666666667,8.17697891600222
LastFM,Local,16.275,8.10697891600222
LastFM,Local,16.3333333333333,8.03697891600222
LastFM,Local,16.3916666666667,7.96697891600222
LastFM,Local,16.45,7.89697891600222
LastFM,Local,16.5083333333333,7.82697891600221
LastFM,Local,16.5666666666667,7.75697891600222
LastFM,Local,16.625,7.68697891600221
LastFM,Local,16.6833333333333,7.61697891600221
LastFM,Local,16.7416666666667,7.54697891600221
LastFM,Local,16.8,7.47697891600221
LastFM,Local,16.8583333333333,7.40697891600221
LastFM,Local,16.9166666666667,7.33697891600221
LastFM,Local,16.975,7.26697891600221
LastFM,Local,17.0333333333333,7.19697891600221
LastFM,Local,17.0916666666667,7.12697891600221
LastFM,Local,17.15,7.05697891600221
LastFM,Local,17.2083333333333,6.98697891600221
LastFM,Local,17.2666666666667,6.91697891600221
LastFM,Local,17.325,6.84697891600221
LastFM,Local,17.3833333333333,6.77697891600221
LastFM,Local,17.4416666666667,6.70697891600221
LastFM,Local,17.5,6.63697891600221
LastFM,Local,17.5583333333333,6.5669789160022
LastFM,Local,17.6166666666667,6.49697891600221
LastFM,Local,17.675,6.4269789160022
LastFM,Local,17.7333333333333,6.3569789160022
LastFM,Local,17.7916666666667,6.2869789160022
LastFM,Local,17.85,6.2169789160022
LastFM,Local,17.9083333333333,6.1469789160022
LastFM,Local,17.9666666666667,6.0769789160022
LastFM,Local,18.025,6.0069789160022
LastFM,Local,18.0833333333333,5.9369789160022
LastFM,Local,18.1416666666667,5.8669789160022
LastFM,Local,18.2,5.7969789160022
LastFM,Local,18.2583333333333,5.7269789160022
LastFM,Local,18.3166666666667,5.6569789160022
LastFM,Local,18.375,5.5869789160022
LastFM,Local,18.4333333333333,5.5169789160022
LastFM,Local,18.4916666666667,5.4469789160022
LastFM,Local,18.55,5.37697891600219
LastFM,Local,18.6083333333333,5.30697891600219
LastFM,Local,18.6666666666667,5.23697891600219
LastFM,Local,18.725,5.16697891600219
LastFM,Local,18.7833333333333,5.09697891600219
LastFM,Local,18.8416666666667,5.02697891600219
LastFM,Local,18.9,4.9569789160022
LastFM,Local,18.9583333333333,4.88697891600219
LastFM,Local,19.0166666666667,4.81697891600219
LastFM,Local,19.075,4.74697891600219
LastFM,Local,19.1333333333333,4.67697891600219
LastFM,Local,19.1916666666667,4.60697891600219
LastFM,Local,19.25,4.53697891600219
LastFM,Local,19.3083333333333,4.46697891600219
LastFM,Local,19.3666666666667,4.39697891600219
LastFM,Local,19.425,4.32697891600219
LastFM,Local,19.4833333333333,4.25697891600219
LastFM,Local,19.5416666666667,4.18697891600219
LastFM,Local,19.6,4.11697891600218
LastFM,Local,19.6583333333333,4.04697891600218
LastFM,Local,19.7166666666667,3.97697891600219
LastFM,Local,19.775,3.90697891600219
LastFM,Local,19.8333333333333,3.83697891600218
LastFM,Local,19.8916666666667,3.76697891600218
LastFM,Local,19.95,3.69697891600218
LastFM,Local,20.0083333333333,3.62697891600218
LastFM,Local,20.0666666666667,3.55697891600218
LastFM,Local,20.125,3.48697891600218
LastFM,Local,20.1833333333333,3.41697891600218
LastFM,Local,20.2416666666667,3.34697891600218
LastFM,Local,20.3,3.27697891600218
LastFM,Local,20.3583333333333,3.20697891600218
LastFM,Local,20.4166666666667,3.13697891600218
LastFM,Local,20.475,3.06697891600217
LastFM,Local,20.5333333333333,2.99697891600217
LastFM,Local,20.5916666666667,2.92697891600218
LastFM,Local,20.65,2.85697891600218
LastFM,Local,20.7083333333333,2.78697891600218
LastFM,Local,20.7666666666667,2.71697891600218
LastFM,Local,20.825,2.64697891600218
LastFM,Local,20.8833333333333,2.57697891600217
LastFM,Local,20.9416666666667,2.50697891600217
LastFM,Local,21,2.43697891600217
LastFM,Local,21.0583333333333,2.36697891600217
LastFM,Local,21.1166666666667,2.29697891600217
LastFM,Local,21.175,2.22697891600217
LastFM,Local,21.2333333333333,2.15697891600217
LastFM,Local,21.2916666666667,2.08697891600217
LastFM,Local,21.35,2.01697891600217
LastFM,Local,21.4083333333333,1.94697891600217
LastFM,Local,21.4666666666667,1.87697891600217
LastFM,Local,21.525,1.80697891600217
LastFM,Local,21.5833333333333,1.73697891600217
LastFM,Local,21.6416666666667,1.66697891600217
LastFM,Local,21.7,1.59697891600217
LastFM,Local,21.7583333333333,1.52697891600216
LastFM,Local,21.8166666666667,1.45697891600216
LastFM,Local,21.875,1.38697891600216
LastFM,Local,21.9333333333333,1.31697891600216
LastFM,Local,21.9916666666667,1.24697891600216
LastFM,Local,22.05,1.17697891600216
LastFM,Local,22.1083333333333,1.10697891600216
LastFM,Local,22.1666666666667,1.03697891600216
LastFM,Local,22.225,0.96697891600216
LastFM,Local,22.2833333333333,0.896978916002157
LastFM,Local,22.3416666666667,0.826978916002161
LastFM,Local,22.4,0.756978916002159
LastFM,Local,22.4583333333333,0.686978916002159
LastFM,Local,22.5166666666667,0.61697891600216
LastFM,Local,22.575,0.546978916002158
LastFM,Local,22.6333333333333,0.476978916002158
LastFM,Local,22.6916666666667,0.406978916002156
LastFM,Local,22.75,0.336978916002156
LastFM,Local,22.8083333333333,0.266978916002154
LastFM,Local,22.8666666666667,0.196978916002154
LastFM,Local,22.925,0.126978916002152
LastFM,Local,22.9833333333333,0.0569789160021524
LastFM,Local,23.0308157633351,0
LastFM,Local,23.0416666666667,-0.0130210839978505
LastFM,Local,23.1,-0.0830210839978495
LastFM,Local,23.1583333333333,-0.153021083997852
LastFM,Local,23.2166666666667,-0.223021083997848
LastFM,Local,23.275,-0.293021083997847
LastFM,Local,23.3333333333333,-0.36302108399785
LastFM,Local,23.3916666666667,-0.433021083997849
LastFM,Local,23.45,-0.503021083997852
LastFM,Local,23.5083333333333,-0.573021083997851
LastFM,Local,23.5666666666667,-0.643021083997854
LastFM,Local,23.625,-0.713021083997853
LastFM,Local,23.6833333333333,-0.783021083997856
LastFM,Local,23.7416666666667,-0.853021083997855
LastFM,Local,23.8,-0.923021083997858
LastFM,Local,23.8583333333333,-0.993021083997857
LastFM,Local,23.9166666666667,-1.06302108399786
LastFM,Local,23.975,-1.13302108399786
LastFM,Local,24.0333333333333,-1.20302108399786
LastFM,Local,24.0916666666667,-1.27302108399786
LastFM,Local,24.15,-1.34302108399786
LastFM,Local,24.2083333333333,-1.41302108399786
LastFM,Local,24.2666666666667,-1.48302108399786
LastFM,Local,24.325,-1.55302108399786
LastFM,Local,24.3833333333333,-1.62302108399786
LastFM,Local,24.4416666666667,-1.69302108399786
LastFM,Local,24.5,-1.76302108399786
LastFM,Local,24.5583333333333,-1.83302108399786
LastFM,Local,24.6166666666667,-1.90302108399786
LastFM,Local,24.675,-1.97302108399786
LastFM,Local,24.7333333333333,-2.04302108399787
LastFM,Local,24.7916666666667,-2.11302108399786
LastFM,Local,24.85,-2.18302108399787
LastFM,Local,24.9083333333333,-2.25302108399787
LastFM,Local,24.9666666666667,-2.32302108399787
LastFM,Local,25.025,-2.39302108399787
LastFM,Local,25.0833333333333,-2.46302108399786
LastFM,Local,25.1416666666667,-2.53302108399787
LastFM,Local,25.2,-2.60302108399787
LastFM,Local,25.2583333333333,-2.67302108399787
LastFM,Local,25.3166666666667,-2.74302108399787
LastFM,Local,25.375,-2.81302108399787
LastFM,Local,25.4333333333333,-2.88302108399787
LastFM,Local,25.4916666666667,-2.95302108399787
LastFM,Local,25.55,-3.02302108399787
LastFM,Local,25.6083333333333,-3.09302108399788
LastFM,Local,25.6666666666667,-3.16302108399787
LastFM,Local,25.725,-3.23302108399788
LastFM,Local,25.7833333333333,-3.30302108399788
LastFM,Local,25.8416666666667,-3.37302108399787
LastFM,Local,25.9,-3.44302108399787
LastFM,Local,25.9583333333333,-3.51302108399787
LastFM,Local,26.0166666666667,-3.58302108399788
LastFM,Local,26.075,-3.65302108399788
LastFM,Local,26.1333333333333,-3.72302108399788
LastFM,Local,26.1916666666667,-3.79302108399788
LastFM,Local,26.25,-3.86302108399788
LastFM,Local,26.3083333333333,-3.93302108399788
LastFM,Local,26.3666666666667,-4.00302108399788
LastFM,Local,26.425,-4.07302108399788
LastFM,Local,26.4833333333333,-4.14302108399788
LastFM,Local,26.5416666666667,-4.21302108399788
LastFM,Local,26.6,-4.28302108399788
LastFM,Local,26.6583333333333,-4.35302108399789
LastFM,Local,26.7166666666667,-4.42302108399788
LastFM,Local,26.775,-4.49302108399788
LastFM,Local,26.8333333333333,-4.56302108399788
LastFM,Local,26.8916666666667,-4.63302108399789
LastFM,Local,26.95,-4.70302108399788
LastFM,Local,27.0083333333333,-4.77302108399789
LastFM,Local,27.0666666666667,-4.84302108399789
LastFM,Local,27.125,-4.91302108399789
LastFM,Local,27.1833333333333,-4.98302108399789
LastFM,Local,27.2416666666667,-5.05302108399789
LastFM,Local,27.3,-5.12302108399789
LastFM,Local,27.3583333333333,-5.19302108399789
LastFM,Local,27.4166666666667,-5.26302108399789
LastFM,Local,27.475,-5.33302108399789
LastFM,Local,27.5333333333333,-5.40302108399789
LastFM,Local,27.5916666666667,-5.47302108399789
LastFM,Local,27.65,-5.54302108399789
LastFM,Local,27.7083333333333,-5.61302108399789
LastFM,Local,27.7666666666667,-5.68302108399789
LastFM,Local,27.825,-5.75302108399789
LastFM,Local,27.8833333333333,-5.82302108399789
LastFM,Local,27.9416666666667,-5.8930210839979
LastFM,Local,28,-5.96302108399789
LastFM,Local,28.0583333333333,-6.0330210839979
LastFM,Local,28.1166666666667,-6.1030210839979
LastFM,Local,28.175,-6.1730210839979
LastFM,Local,28.2333333333333,-6.2430210839979
LastFM,Local,28.2916666666667,-6.3130210839979
LastFM,Local,28.35,-6.3830210839979
LastFM,Local,28.4083333333333,-6.4530210839979
LastFM,Local,28.4666666666667,-6.5230210839979
LastFM,Local,28.525,-6.5930210839979
LastFM,Local,28.5833333333333,-6.6630210839979
LastFM,Local,28.6416666666667,-6.7330210839979
LastFM,Local,28.7,-6.8030210839979
LastFM,Local,28.7583333333333,-6.87302108399791
LastFM,Local,28.8166666666667,-6.9430210839979
LastFM,Local,28.875,-7.0130210839979
LastFM,Local,28.9333333333333,-7.0830210839979
LastFM,Local,28.9916666666667,-7.1530210839979
LastFM,Local,29.05,-7.22302108399791
LastFM,Local,29.1083333333333,-7.29302108399791
LastFM,Local,29.1666666666667,-7.36302108399791
LastFM,Local,29.225,-7.43302108399791
LastFM,Local,29.2833333333333,-7.50302108399791
LastFM,Local,29.3416666666667,-7.5730210839979
LastFM,Local,29.4,-7.64302108399791
LastFM,Local,29.4583333333333,-7.71302108399791
LastFM,Local,29.5166666666667,-7.78302108399791
LastFM,Local,29.575,-7.85302108399791
LastFM,Local,29.6333333333333,-7.92302108399791
LastFM,Local,29.6916666666667,-7.99302108399791
LastFM,Local,29.75,-8.06302108399791
LastFM,Local,29.8083333333333,-8.13302108399791
LastFM,Local,29.8666666666667,-8.20302108399791
LastFM,Local,29.925,-8.27302108399792
LastFM,Local,29.9833333333333,-8.34302108399792
LastFM,Local,30.0416666666667,-8.41302108399792
LastFM,Local,30.1,-8.48302108399792
LastFM,Local,30.1583333333333,-8.55302108399792
LastFM,Local,30.2166666666667,-8.62302108399791
LastFM,Local,30.275,-8.69302108399791
LastFM,Local,30.3333333333333,-8.76302108399792
LastFM,Local,30.3916666666667,-8.83302108399792
LastFM,Local,30.45,-8.90302108399792
LastFM,Local,30.5083333333333,-8.97302108399792
LastFM,Local,30.5666666666667,-9.04302108399792
LastFM,Local,30.625,-9.11302108399792
LastFM,Local,30.6833333333333,-9.18302108399792
LastFM,Local,30.7416666666667,-9.25302108399792
LastFM,Local,30.8,-9.32302108399793
LastFM,Local,30.8583333333333,-9.39302108399793
LastFM,Local,30.9166666666667,-9.46302108399792
LastFM,Local,30.975,-9.53302108399792
LastFM,Local,31.0333333333333,-9.60302108399792
LastFM,Local,31.0916666666667,-9.67302108399792
LastFM,Local,31.15,-9.74302108399792
LastFM,Local,31.2083333333333,-9.81302108399793
LastFM,Local,31.2666666666667,-9.88302108399793
LastFM,Local,31.325,-9.95302108399793
LastFM,Local,31.3833333333333,-10.0230210839979
LastFM,Local,31.4416666666667,-10.0930210839979
LastFM,Local,31.5,-10.1630210839979
LastFM,Local,31.5583333333333,-10.2330210839979
LastFM,Local,31.6166666666667,-10.3030210839979
LastFM,Local,31.675,-10.3730210839979
LastFM,Local,31.7333333333333,-10.4430210839979
LastFM,Local,31.7916666666667,-10.5130210839979
LastFM,Local,31.85,-10.5830210839979
LastFM,Local,31.9083333333333,-10.6530210839979
LastFM,Local,31.9666666666667,-10.7230210839979
LastFM,Local,32.025,-10.7930210839979
LastFM,Local,32.0833333333333,-10.8630210839979
LastFM,Local,32.1416666666667,-10.9330210839979
LastFM,Local,32.2,-11.0030210839979
LastFM,Local,32.2583333333333,-11.0730210839979
LastFM,Local,32.3166666666667,-11.1430210839979
LastFM,Local,32.375,-11.2130210839979
LastFM,Local,32.4333333333333,-11.2830210839979
LastFM,Local,32.4916666666667,-11.3530210839979
LastFM,Local,32.55,-11.4230210839979
LastFM,Local,32.6083333333333,-11.4930210839979
LastFM,Local,32.6666666666667,-11.5630210839979
LastFM,Local,32.725,-11.6330210839979
LastFM,Local,32.7833333333333,-11.7030210839979
LastFM,Local,32.8416666666667,-11.7730210839979
LastFM,Local,32.9,-11.8430210839979
LastFM,Local,32.9583333333333,-11.9130210839979
LastFM,Local,33.0166666666667,-11.9830210839979
LastFM,Local,33.075,-12.0530210839979
LastFM,Local,33.1333333333333,-12.1230210839979
LastFM,Local,33.1916666666667,-12.1930210839979
LastFM,Local,33.25,-12.263021083998
LastFM,Local,33.3083333333333,-12.3330210839979
LastFM,Local,33.3666666666667,-12.4030210839979
LastFM,Local,33.425,-12.4730210839979
LastFM,Local,33.4833333333333,-12.543021083998
LastFM,Local,33.5416666666667,-12.6130210839979
LastFM,Local,33.6,-12.683021083998
LastFM,Local,33.6583333333333,-12.753021083998
LastFM,Local,33.7166666666667,-12.823021083998
LastFM,Local,33.775,-12.8930210839979
LastFM,Local,33.8333333333333,-12.963021083998
LastFM,Local,33.8916666666667,-13.033021083998
LastFM,Local,33.95,-13.103021083998
LastFM,Local,34.0083333333333,-13.173021083998
LastFM,Local,34.0666666666667,-13.243021083998
LastFM,Local,34.125,-13.313021083998
LastFM,Local,34.1833333333333,-13.383021083998
LastFM,Local,34.2416666666667,-13.453021083998
LastFM,Local,34.3,-13.523021083998
LastFM,Local,34.3583333333333,-13.593021083998
LastFM,Local,34.4166666666667,-13.663021083998
LastFM,Local,34.475,-13.733021083998
LastFM,Local,34.5333333333333,-13.803021083998
LastFM,Local,34.5916666666667,-13.873021083998
LastFM,Local,34.65,-13.943021083998
LastFM,Local,34.7083333333333,-14.013021083998
LastFM,Local,34.7666666666667,-14.083021083998
LastFM,Local,34.825,-14.153021083998
LastFM,Local,34.8833333333333,-14.223021083998
LastFM,Local,34.9416666666667,-14.293021083998
LastFM,Local,35,-14.363021083998
Amazon,Local,0,27.0470709697904
Amazon,Local,0.0583333333333333,26.9770709697904
Amazon,Local,0.116666666666667,26.9070709697904
Amazon,Local,0.175,26.8370709697904
Amazon,Local,0.233333333333333,26.7670709697904
Amazon,Local,0.291666666666667,26.6970709697904
Amazon,Local,0.35,26.6270709697904
Amazon,Local,0.408333333333333,26.5570709697904
Amazon,Local,0.466666666666667,26.4870709697904
Amazon,Local,0.525,26.4170709697904
Amazon,Local,0.583333333333333,26.3470709697904
Amazon,Local,0.641666666666667,26.2770709697904
Amazon,Local,0.7,26.2070709697904
Amazon,Local,0.758333333333333,26.1370709697904
Amazon,Local,0.816666666666667,26.0670709697904
Amazon,Local,0.875,25.9970709697904
Amazon,Local,0.933333333333333,25.9270709697904
Amazon,Local,0.991666666666667,25.8570709697904
Amazon,Local,1.05,25.7870709697904
Amazon,Local,1.10833333333333,25.7170709697904
Amazon,Local,1.16666666666667,25.6470709697904
Amazon,Local,1.225,25.5770709697904
Amazon,Local,1.28333333333333,25.5070709697904
Amazon,Local,1.34166666666667,25.4370709697904
Amazon,Local,1.4,25.3670709697903
Amazon,Local,1.45833333333333,25.2970709697903
Amazon,Local,1.51666666666667,25.2270709697903
Amazon,Local,1.575,25.1570709697903
Amazon,Local,1.63333333333333,25.0870709697903
Amazon,Local,1.69166666666667,25.0170709697903
Amazon,Local,1.75,24.9470709697903
Amazon,Local,1.80833333333333,24.8770709697903
Amazon,Local,1.86666666666667,24.8070709697903
Amazon,Local,1.925,24.7370709697903
Amazon,Local,1.98333333333333,24.6670709697903
Amazon,Local,2.04166666666667,24.5970709697903
Amazon,Local,2.1,24.5270709697903
Amazon,Local,2.15833333333333,24.4570709697903
Amazon,Local,2.21666666666667,24.3870709697903
Amazon,Local,2.275,24.3170709697903
Amazon,Local,2.33333333333333,24.2470709697903
Amazon,Local,2.39166666666667,24.1770709697903
Amazon,Local,2.45,24.1070709697903
Amazon,Local,2.50833333333333,24.0370709697903
Amazon,Local,2.56666666666667,23.9670709697903
Amazon,Local,2.625,23.8970709697903
Amazon,Local,2.68333333333333,23.8270709697903
Amazon,Local,2.74166666666667,23.7570709697903
Amazon,Local,2.8,23.6870709697903
Amazon,Local,2.85833333333333,23.6170709697903
Amazon,Local,2.91666666666667,23.5470709697903
Amazon,Local,2.975,23.4770709697903
Amazon,Local,3.03333333333333,23.4070709697903
Amazon,Local,3.09166666666667,23.3370709697903
Amazon,Local,3.15,23.2670709697903
Amazon,Local,3.20833333333333,23.1970709697903
Amazon,Local,3.26666666666667,23.1270709697903
Amazon,Local,3.325,23.0570709697903
Amazon,Local,3.38333333333333,22.9870709697903
Amazon,Local,3.44166666666667,22.9170709697903
Amazon,Local,3.5,22.8470709697903
Amazon,Local,3.55833333333333,22.7770709697903
Amazon,Local,3.61666666666667,22.7070709697903
Amazon,Local,3.675,22.6370709697903
Amazon,Local,3.73333333333333,22.5670709697903
Amazon,Local,3.79166666666667,22.4970709697903
Amazon,Local,3.85,22.4270709697903
Amazon,Local,3.90833333333333,22.3570709697903
Amazon,Local,3.96666666666667,22.2870709697903
Amazon,Local,4.025,22.2170709697903
Amazon,Local,4.08333333333333,22.1470709697903
Amazon,Local,4.14166666666667,22.0770709697903
Amazon,Local,4.2,22.0070709697903
Amazon,Local,4.25833333333333,21.9370709697903
Amazon,Local,4.31666666666667,21.8670709697903
Amazon,Local,4.375,21.7970709697903
Amazon,Local,4.43333333333333,21.7270709697903
Amazon,Local,4.49166666666667,21.6570709697903
Amazon,Local,4.55,21.5870709697903
Amazon,Local,4.60833333333333,21.5170709697903
Amazon,Local,4.66666666666667,21.4470709697903
Amazon,Local,4.725,21.3770709697903
Amazon,Local,4.78333333333333,21.3070709697903
Amazon,Local,4.84166666666667,21.2370709697903
Amazon,Local,4.9,21.1670709697903
Amazon,Local,4.95833333333333,21.0970709697903
Amazon,Local,5.01666666666667,21.0270709697903
Amazon,Local,5.075,20.9570709697903
Amazon,Local,5.13333333333333,20.8870709697903
Amazon,Local,5.19166666666667,20.8170709697903
Amazon,Local,5.25,20.7470709697903
Amazon,Local,5.30833333333333,20.6770709697903
Amazon,Local,5.36666666666667,20.6070709697903
Amazon,Local,5.425,20.5370709697903
Amazon,Local,5.48333333333333,20.4670709697903
Amazon,Local,5.54166666666667,20.3970709697903
Amazon,Local,5.6,20.3270709697903
Amazon,Local,5.65833333333333,20.2570709697903
Amazon,Local,5.71666666666667,20.1870709697903
Amazon,Local,5.775,20.1170709697903
Amazon,Local,5.83333333333333,20.0470709697903
Amazon,Local,5.89166666666667,19.9770709697903
Amazon,Local,5.95,19.9070709697902
Amazon,Local,6.00833333333333,19.8370709697902
Amazon,Local,6.06666666666667,19.7670709697902
Amazon,Local,6.125,19.6970709697902
Amazon,Local,6.18333333333333,19.6270709697902
Amazon,Local,6.24166666666667,19.5570709697902
Amazon,Local,6.3,19.4870709697902
Amazon,Local,6.35833333333333,19.4170709697902
Amazon,Local,6.41666666666667,19.3470709697902
Amazon,Local,6.475,19.2770709697902
Amazon,Local,6.53333333333333,19.2070709697902
Amazon,Local,6.59166666666667,19.1370709697902
Amazon,Local,6.65,19.0670709697902
Amazon,Local,6.70833333333333,18.9970709697902
Amazon,Local,6.76666666666667,18.9270709697902
Amazon,Local,6.825,18.8570709697902
Amazon,Local,6.88333333333333,18.7870709697902
Amazon,Local,6.94166666666667,18.7170709697902
Amazon,Local,7,18.6470709697902
Amazon,Local,7.05833333333333,18.5770709697902
Amazon,Local,7.11666666666667,18.5070709697902
Amazon,Local,7.175,18.4370709697902
Amazon,Local,7.23333333333333,18.3670709697902
Amazon,Local,7.29166666666667,18.2970709697902
Amazon,Local,7.35,18.2270709697902
Amazon,Local,7.40833333333333,18.1570709697902
Amazon,Local,7.46666666666667,18.0870709697902
Amazon,Local,7.525,18.0170709697902
Amazon,Local,7.58333333333333,17.9470709697902
Amazon,Local,7.64166666666667,17.8770709697902
Amazon,Local,7.7,17.8070709697902
Amazon,Local,7.75833333333333,17.7370709697902
Amazon,Local,7.81666666666667,17.6670709697902
Amazon,Local,7.875,17.5970709697902
Amazon,Local,7.93333333333333,17.5270709697902
Amazon,Local,7.99166666666667,17.4570709697902
Amazon,Local,8.05,17.3870709697902
Amazon,Local,8.10833333333333,17.3170709697902
Amazon,Local,8.16666666666667,17.2470709697902
Amazon,Local,8.225,17.1770709697902
Amazon,Local,8.28333333333333,17.1070709697902
Amazon,Local,8.34166666666667,17.0370709697902
Amazon,Local,8.4,16.9670709697902
Amazon,Local,8.45833333333333,16.8970709697902
Amazon,Local,8.51666666666667,16.8270709697902
Amazon,Local,8.575,16.7570709697902
Amazon,Local,8.63333333333333,16.6870709697902
Amazon,Local,8.69166666666667,16.6170709697902
Amazon,Local,8.75,16.5470709697902
Amazon,Local,8.80833333333333,16.4770709697902
Amazon,Local,8.86666666666667,16.4070709697902
Amazon,Local,8.925,16.3370709697902
Amazon,Local,8.98333333333333,16.2670709697902
Amazon,Local,9.04166666666667,16.1970709697902
Amazon,Local,9.1,16.1270709697902
Amazon,Local,9.15833333333333,16.0570709697902
Amazon,Local,9.21666666666667,15.9870709697902
Amazon,Local,9.275,15.9170709697902
Amazon,Local,9.33333333333333,15.8470709697902
Amazon,Local,9.39166666666667,15.7770709697902
Amazon,Local,9.45,15.7070709697902
Amazon,Local,9.50833333333333,15.6370709697902
Amazon,Local,9.56666666666667,15.5670709697902
Amazon,Local,9.625,15.4970709697902
Amazon,Local,9.68333333333333,15.4270709697902
Amazon,Local,9.74166666666667,15.3570709697902
Amazon,Local,9.8,15.2870709697902
Amazon,Local,9.85833333333333,15.2170709697902
Amazon,Local,9.91666666666667,15.1470709697902
Amazon,Local,9.975,15.0770709697902
Amazon,Local,10.0333333333333,15.0070709697902
Amazon,Local,10.0916666666667,14.9370709697902
Amazon,Local,10.15,14.8670709697902
Amazon,Local,10.2083333333333,14.7970709697902
Amazon,Local,10.2666666666667,14.7270709697902
Amazon,Local,10.325,14.6570709697902
Amazon,Local,10.3833333333333,14.5870709697902
Amazon,Local,10.4416666666667,14.5170709697902
Amazon,Local,10.5,14.4470709697902
Amazon,Local,10.5583333333333,14.3770709697901
Amazon,Local,10.6166666666667,14.3070709697901
Amazon,Local,10.675,14.2370709697901
Amazon,Local,10.7333333333333,14.1670709697901
Amazon,Local,10.7916666666667,14.0970709697901
Amazon,Local,10.85,14.0270709697901
Amazon,Local,10.9083333333333,13.9570709697901
Amazon,Local,10.9666666666667,13.8870709697901
Amazon,Local,11.025,13.8170709697901
Amazon,Local,11.0833333333333,13.7470709697901
Amazon,Local,11.1416666666667,13.6770709697901
Amazon,Local,11.2,13.6070709697901
Amazon,Local,11.2583333333333,13.5370709697901
Amazon,Local,11.3166666666667,13.4670709697901
Amazon,Local,11.375,13.3970709697901
Amazon,Local,11.4333333333333,13.3270709697901
Amazon,Local,11.4916666666667,13.2570709697901
Amazon,Local,11.55,13.1870709697901
Amazon,Local,11.6083333333333,13.1170709697901
Amazon,Local,11.6666666666667,13.0470709697901
Amazon,Local,11.725,12.9770709697901
Amazon,Local,11.7833333333333,12.9070709697901
Amazon,Local,11.8416666666667,12.8370709697901
Amazon,Local,11.9,12.7670709697901
Amazon,Local,11.9583333333333,12.6970709697901
Amazon,Local,12.0166666666667,12.6270709697901
Amazon,Local,12.075,12.5570709697901
Amazon,Local,12.1333333333333,12.4870709697901
Amazon,Local,12.1916666666667,12.4170709697901
Amazon,Local,12.25,12.3470709697901
Amazon,Local,12.3083333333333,12.2770709697901
Amazon,Local,12.3666666666667,12.2070709697901
Amazon,Local,12.425,12.1370709697901
Amazon,Local,12.4833333333333,12.0670709697901
Amazon,Local,12.5416666666667,11.9970709697901
Amazon,Local,12.6,11.9270709697901
Amazon,Local,12.6583333333333,11.8570709697901
Amazon,Local,12.7166666666667,11.7870709697901
Amazon,Local,12.775,11.7170709697901
Amazon,Local,12.8333333333333,11.6470709697901
Amazon,Local,12.8916666666667,11.5770709697901
Amazon,Local,12.95,11.5070709697901
Amazon,Local,13.0083333333333,11.4370709697901
Amazon,Local,13.0666666666667,11.3670709697901
Amazon,Local,13.125,11.2970709697901
Amazon,Local,13.1833333333333,11.2270709697901
Amazon,Local,13.2416666666667,11.1570709697901
Amazon,Local,13.3,11.0870709697901
Amazon,Local,13.3583333333333,11.0170709697901
Amazon,Local,13.4166666666667,10.9470709697901
Amazon,Local,13.475,10.8770709697901
Amazon,Local,13.5333333333333,10.8070709697901
Amazon,Local,13.5916666666667,10.7370709697901
Amazon,Local,13.65,10.6670709697901
Amazon,Local,13.7083333333333,10.5970709697901
Amazon,Local,13.7666666666667,10.5270709697901
Amazon,Local,13.825,10.4570709697901
Amazon,Local,13.8833333333333,10.3870709697901
Amazon,Local,13.9416666666667,10.3170709697901
Amazon,Local,14,10.2470709697901
Amazon,Local,14.0583333333333,10.1770709697901
Amazon,Local,14.1166666666667,10.1070709697901
Amazon,Local,14.175,10.0370709697901
Amazon,Local,14.2333333333333,9.96707096979007
Amazon,Local,14.2916666666667,9.89707096979007
Amazon,Local,14.35,9.82707096979006
Amazon,Local,14.4083333333333,9.75707096979006
Amazon,Local,14.4666666666667,9.68707096979006
Amazon,Local,14.525,9.61707096979006
Amazon,Local,14.5833333333333,9.54707096979006
Amazon,Local,14.6416666666667,9.47707096979006
Amazon,Local,14.7,9.40707096979006
Amazon,Local,14.7583333333333,9.33707096979006
Amazon,Local,14.8166666666667,9.26707096979006
Amazon,Local,14.875,9.19707096979005
Amazon,Local,14.9333333333333,9.12707096979005
Amazon,Local,14.9916666666667,9.05707096979005
Amazon,Local,15.05,8.98707096979005
Amazon,Local,15.1083333333333,8.91707096979005
Amazon,Local,15.1666666666667,8.84707096979005
Amazon,Local,15.225,8.77707096979004
Amazon,Local,15.2833333333333,8.70707096979004
Amazon,Local,15.3416666666667,8.63707096979004
Amazon,Local,15.4,8.56707096979004
Amazon,Local,15.4583333333333,8.49707096979004
Amazon,Local,15.5166666666667,8.42707096979004
Amazon,Local,15.575,8.35707096979004
Amazon,Local,15.6333333333333,8.28707096979003
Amazon,Local,15.6916666666667,8.21707096979003
Amazon,Local,15.75,8.14707096979003
Amazon,Local,15.8083333333333,8.07707096979003
Amazon,Local,15.8666666666667,8.00707096979003
Amazon,Local,15.925,7.93707096979003
Amazon,Local,15.9833333333333,7.86707096979003
Amazon,Local,16.0416666666667,7.79707096979003
Amazon,Local,16.1,7.72707096979002
Amazon,Local,16.1583333333333,7.65707096979002
Amazon,Local,16.2166666666667,7.58707096979003
Amazon,Local,16.275,7.51707096979002
Amazon,Local,16.3333333333333,7.44707096979002
Amazon,Local,16.3916666666667,7.37707096979002
Amazon,Local,16.45,7.30707096979002
Amazon,Local,16.5083333333333,7.23707096979002
Amazon,Local,16.5666666666667,7.16707096979001
Amazon,Local,16.625,7.09707096979001
Amazon,Local,16.6833333333333,7.02707096979001
Amazon,Local,16.7416666666667,6.95707096979001
Amazon,Local,16.8,6.88707096979001
Amazon,Local,16.8583333333333,6.81707096979001
Amazon,Local,16.9166666666667,6.74707096979001
Amazon,Local,16.975,6.67707096979001
Amazon,Local,17.0333333333333,6.60707096979
Amazon,Local,17.0916666666667,6.53707096979
Amazon,Local,17.15,6.46707096979
Amazon,Local,17.2083333333333,6.39707096979
Amazon,Local,17.2666666666667,6.32707096979
Amazon,Local,17.325,6.25707096979
Amazon,Local,17.3833333333333,6.18707096979
Amazon,Local,17.4416666666667,6.11707096979
Amazon,Local,17.5,6.04707096979
Amazon,Local,17.5583333333333,5.97707096978999
Amazon,Local,17.6166666666667,5.90707096978999
Amazon,Local,17.675,5.83707096978999
Amazon,Local,17.7333333333333,5.76707096978999
Amazon,Local,17.7916666666667,5.69707096978999
Amazon,Local,17.85,5.62707096978998
Amazon,Local,17.9083333333333,5.55707096978998
Amazon,Local,17.9666666666667,5.48707096978999
Amazon,Local,18.025,5.41707096978998
Amazon,Local,18.0833333333333,5.34707096978998
Amazon,Local,18.1416666666667,5.27707096978998
Amazon,Local,18.2,5.20707096978998
Amazon,Local,18.2583333333333,5.13707096978998
Amazon,Local,18.3166666666667,5.06707096978998
Amazon,Local,18.375,4.99707096978998
Amazon,Local,18.4333333333333,4.92707096978998
Amazon,Local,18.4916666666667,4.85707096978997
Amazon,Local,18.55,4.78707096978997
Amazon,Local,18.6083333333333,4.71707096978997
Amazon,Local,18.6666666666667,4.64707096978997
Amazon,Local,18.725,4.57707096978997
Amazon,Local,18.7833333333333,4.50707096978996
Amazon,Local,18.8416666666667,4.43707096978997
Amazon,Local,18.9,4.36707096978997
Amazon,Local,18.9583333333333,4.29707096978997
Amazon,Local,19.0166666666667,4.22707096978996
Amazon,Local,19.075,4.15707096978996
Amazon,Local,19.1333333333333,4.08707096978996
Amazon,Local,19.1916666666667,4.01707096978996
Amazon,Local,19.25,3.94707096978996
Amazon,Local,19.3083333333333,3.87707096978995
Amazon,Local,19.3666666666667,3.80707096978995
Amazon,Local,19.425,3.73707096978995
Amazon,Local,19.4833333333333,3.66707096978995
Amazon,Local,19.5416666666667,3.59707096978995
Amazon,Local,19.6,3.52707096978995
Amazon,Local,19.6583333333333,3.45707096978995
Amazon,Local,19.7166666666667,3.38707096978995
Amazon,Local,19.775,3.31707096978995
Amazon,Local,19.8333333333333,3.24707096978995
Amazon,Local,19.8916666666667,3.17707096978994
Amazon,Local,19.95,3.10707096978994
Amazon,Local,20.0083333333333,3.03707096978994
Amazon,Local,20.0666666666667,2.96707096978994
Amazon,Local,20.125,2.89707096978994
Amazon,Local,20.1833333333333,2.82707096978994
Amazon,Local,20.2416666666667,2.75707096978993
Amazon,Local,20.3,2.68707096978993
Amazon,Local,20.3583333333333,2.61707096978993
Amazon,Local,20.4166666666667,2.54707096978993
Amazon,Local,20.475,2.47707096978993
Amazon,Local,20.5333333333333,2.40707096978993
Amazon,Local,20.5916666666667,2.33707096978993
Amazon,Local,20.65,2.26707096978993
Amazon,Local,20.7083333333333,2.19707096978992
Amazon,Local,20.7666666666667,2.12707096978992
Amazon,Local,20.825,2.05707096978992
Amazon,Local,20.8833333333333,1.98707096978992
Amazon,Local,20.9416666666667,1.91707096978992
Amazon,Local,21,1.84707096978992
Amazon,Local,21.0583333333333,1.77707096978992
Amazon,Local,21.1166666666667,1.70707096978991
Amazon,Local,21.175,1.63707096978991
Amazon,Local,21.2333333333333,1.56707096978991
Amazon,Local,21.2916666666667,1.49707096978991
Amazon,Local,21.35,1.42707096978991
Amazon,Local,21.4083333333333,1.35707096978991
Amazon,Local,21.4666666666667,1.28707096978991
Amazon,Local,21.525,1.21707096978991
Amazon,Local,21.5833333333333,1.1470709697899
Amazon,Local,21.6416666666667,1.0770709697899
Amazon,Local,21.7,1.0070709697899
Amazon,Local,21.7583333333333,0.937070969789903
Amazon,Local,21.8166666666667,0.867070969789902
Amazon,Local,21.875,0.797070969789896
Amazon,Local,21.9333333333333,0.727070969789896
Amazon,Local,21.9916666666667,0.657070969789895
Amazon,Local,22.05,0.587070969789895
Amazon,Local,22.1083333333333,0.517070969789895
Amazon,Local,22.1666666666667,0.447070969789889
Amazon,Local,22.225,0.377070969789888
Amazon,Local,22.2833333333333,0.307070969789888
Amazon,Local,22.3416666666667,0.237070969789893
Amazon,Local,22.4,0.167070969789887
Amazon,Local,22.4583333333333,0.0970709697898863
Amazon,Local,22.5166666666667,0.0270709697898858
Amazon,Local,22.5392258081582,0
Amazon,Local,22.575,-0.0429290302101146
Amazon,Local,22.6333333333333,-0.112929030210115
Amazon,Local,22.6916666666667,-0.182929030210121
Amazon,Local,22.75,-0.252929030210121
Amazon,Local,22.8083333333333,-0.322929030210122
Amazon,Local,22.8666666666667,-0.392929030210122
Amazon,Local,22.925,-0.462929030210123
Amazon,Local,22.9833333333333,-0.532929030210129
Amazon,Local,23.0416666666667,-0.602929030210129
Amazon,Local,23.1,-0.67292903021013
Amazon,Local,23.1583333333333,-0.74292903021013
Amazon,Local,23.2166666666667,-0.812929030210131
Amazon,Local,23.275,-0.882929030210131
Amazon,Local,23.3333333333333,-0.952929030210132
Amazon,Local,23.3916666666667,-1.02292903021013
Amazon,Local,23.45,-1.09292903021013
Amazon,Local,23.5083333333333,-1.16292903021014
Amazon,Local,23.5666666666667,-1.23292903021014
Amazon,Local,23.625,-1.30292903021014
Amazon,Local,23.6833333333333,-1.37292903021014
Amazon,Local,23.7416666666667,-1.44292903021014
Amazon,Local,23.8,-1.51292903021015
Amazon,Local,23.8583333333333,-1.58292903021015
Amazon,Local,23.9166666666667,-1.65292903021015
Amazon,Local,23.975,-1.72292903021015
Amazon,Local,24.0333333333333,-1.79292903021015
Amazon,Local,24.0916666666667,-1.86292903021015
Amazon,Local,24.15,-1.93292903021015
Amazon,Local,24.2083333333333,-2.00292903021015
Amazon,Local,24.2666666666667,-2.07292903021016
Amazon,Local,24.325,-2.14292903021016
Amazon,Local,24.3833333333333,-2.21292903021016
Amazon,Local,24.4416666666667,-2.28292903021016
Amazon,Local,24.5,-2.35292903021016
Amazon,Local,24.5583333333333,-2.42292903021016
Amazon,Local,24.6166666666667,-2.49292903021016
Amazon,Local,24.675,-2.56292903021016
Amazon,Local,24.7333333333333,-2.63292903021016
Amazon,Local,24.7916666666667,-2.70292903021016
Amazon,Local,24.85,-2.77292903021017
Amazon,Local,24.9083333333333,-2.84292903021017
Amazon,Local,24.9666666666667,-2.91292903021017
Amazon,Local,25.025,-2.98292903021017
Amazon,Local,25.0833333333333,-3.05292903021017
Amazon,Local,25.1416666666667,-3.12292903021017
Amazon,Local,25.2,-3.19292903021017
Amazon,Local,25.2583333333333,-3.26292903021017
Amazon,Local,25.3166666666667,-3.33292903021017
Amazon,Local,25.375,-3.40292903021018
Amazon,Local,25.4333333333333,-3.47292903021018
Amazon,Local,25.4916666666667,-3.54292903021018
Amazon,Local,25.55,-3.61292903021018
Amazon,Local,25.6083333333333,-3.68292903021018
Amazon,Local,25.6666666666667,-3.75292903021019
Amazon,Local,25.725,-3.82292903021019
Amazon,Local,25.7833333333333,-3.89292903021019
Amazon,Local,25.8416666666667,-3.96292903021018
Amazon,Local,25.9,-4.03292903021019
Amazon,Local,25.9583333333333,-4.10292903021019
Amazon,Local,26.0166666666667,-4.17292903021019
Amazon,Local,26.075,-4.24292903021019
Amazon,Local,26.1333333333333,-4.31292903021019
Amazon,Local,26.1916666666667,-4.3829290302102
Amazon,Local,26.25,-4.4529290302102
Amazon,Local,26.3083333333333,-4.5229290302102
Amazon,Local,26.3666666666667,-4.5929290302102
Amazon,Local,26.425,-4.6629290302102
Amazon,Local,26.4833333333333,-4.73292903021021
Amazon,Local,26.5416666666667,-4.80292903021021
Amazon,Local,26.6,-4.87292903021021
Amazon,Local,26.6583333333333,-4.94292903021021
Amazon,Local,26.7166666666667,-5.01292903021021
Amazon,Local,26.775,-5.08292903021021
Amazon,Local,26.8333333333333,-5.15292903021021
Amazon,Local,26.8916666666667,-5.22292903021021
Amazon,Local,26.95,-5.29292903021021
Amazon,Local,27.0083333333333,-5.36292903021022
Amazon,Local,27.0666666666667,-5.43292903021022
Amazon,Local,27.125,-5.50292903021022
Amazon,Local,27.1833333333333,-5.57292903021022
Amazon,Local,27.2416666666667,-5.64292903021022
Amazon,Local,27.3,-5.71292903021022
Amazon,Local,27.3583333333333,-5.78292903021022
Amazon,Local,27.4166666666667,-5.85292903021022
Amazon,Local,27.475,-5.92292903021022
Amazon,Local,27.5333333333333,-5.99292903021023
Amazon,Local,27.5916666666667,-6.06292903021023
Amazon,Local,27.65,-6.13292903021023
Amazon,Local,27.7083333333333,-6.20292903021023
Amazon,Local,27.7666666666667,-6.27292903021023
Amazon,Local,27.825,-6.34292903021023
Amazon,Local,27.8833333333333,-6.41292903021023
Amazon,Local,27.9416666666667,-6.48292903021023
Amazon,Local,28,-6.55292903021023
Amazon,Local,28.0583333333333,-6.62292903021024
Amazon,Local,28.1166666666667,-6.69292903021024
Amazon,Local,28.175,-6.76292903021024
Amazon,Local,28.2333333333333,-6.83292903021024
Amazon,Local,28.2916666666667,-6.90292903021024
Amazon,Local,28.35,-6.97292903021025
Amazon,Local,28.4083333333333,-7.04292903021025
Amazon,Local,28.4666666666667,-7.11292903021024
Amazon,Local,28.525,-7.18292903021024
Amazon,Local,28.5833333333333,-7.25292903021025
Amazon,Local,28.6416666666667,-7.32292903021025
Amazon,Local,28.7,-7.39292903021025
Amazon,Local,28.7583333333333,-7.46292903021025
Amazon,Local,28.8166666666667,-7.53292903021025
Amazon,Local,28.875,-7.60292903021026
Amazon,Local,28.9333333333333,-7.67292903021026
Amazon,Local,28.9916666666667,-7.74292903021026
Amazon,Local,29.05,-7.81292903021026
Amazon,Local,29.1083333333333,-7.88292903021026
Amazon,Local,29.1666666666667,-7.95292903021026
Amazon,Local,29.225,-8.02292903021027
Amazon,Local,29.2833333333333,-8.09292903021027
Amazon,Local,29.3416666666667,-8.16292903021026
Amazon,Local,29.4,-8.23292903021027
Amazon,Local,29.4583333333333,-8.30292903021027
Amazon,Local,29.5166666666667,-8.37292903021027
Amazon,Local,29.575,-8.44292903021027
Amazon,Local,29.6333333333333,-8.51292903021027
Amazon,Local,29.6916666666667,-8.58292903021028
Amazon,Local,29.75,-8.65292903021028
Amazon,Local,29.8083333333333,-8.72292903021028
Amazon,Local,29.8666666666667,-8.79292903021028
Amazon,Local,29.925,-8.86292903021028
Amazon,Local,29.9833333333333,-8.93292903021028
Amazon,Local,30.0416666666667,-9.00292903021028
Amazon,Local,30.1,-9.07292903021028
Amazon,Local,30.1583333333333,-9.14292903021028
Amazon,Local,30.2166666666667,-9.21292903021028
Amazon,Local,30.275,-9.28292903021029
Amazon,Local,30.3333333333333,-9.35292903021029
Amazon,Local,30.3916666666667,-9.42292903021029
Amazon,Local,30.45,-9.49292903021029
Amazon,Local,30.5083333333333,-9.56292903021029
Amazon,Local,30.5666666666667,-9.63292903021029
Amazon,Local,30.625,-9.70292903021029
Amazon,Local,30.6833333333333,-9.77292903021029
Amazon,Local,30.7416666666667,-9.8429290302103
Amazon,Local,30.8,-9.9129290302103
Amazon,Local,30.8583333333333,-9.9829290302103
Amazon,Local,30.9166666666667,-10.0529290302103
Amazon,Local,30.975,-10.1229290302103
Amazon,Local,31.0333333333333,-10.1929290302103
Amazon,Local,31.0916666666667,-10.2629290302103
Amazon,Local,31.15,-10.3329290302103
Amazon,Local,31.2083333333333,-10.4029290302103
Amazon,Local,31.2666666666667,-10.4729290302103
Amazon,Local,31.325,-10.5429290302103
Amazon,Local,31.3833333333333,-10.6129290302103
Amazon,Local,31.4416666666667,-10.6829290302103
Amazon,Local,31.5,-10.7529290302103
Amazon,Local,31.5583333333333,-10.8229290302103
Amazon,Local,31.6166666666667,-10.8929290302103
Amazon,Local,31.675,-10.9629290302103
Amazon,Local,31.7333333333333,-11.0329290302103
Amazon,Local,31.7916666666667,-11.1029290302103
Amazon,Local,31.85,-11.1729290302103
Amazon,Local,31.9083333333333,-11.2429290302103
Amazon,Local,31.9666666666667,-11.3129290302103
Amazon,Local,32.025,-11.3829290302103
Amazon,Local,32.0833333333333,-11.4529290302103
Amazon,Local,32.1416666666667,-11.5229290302103
Amazon,Local,32.2,-11.5929290302103
Amazon,Local,32.2583333333333,-11.6629290302103
Amazon,Local,32.3166666666667,-11.7329290302103
Amazon,Local,32.375,-11.8029290302103
Amazon,Local,32.4333333333333,-11.8729290302103
Amazon,Local,32.4916666666667,-11.9429290302103
Amazon,Local,32.55,-12.0129290302103
Amazon,Local,32.6083333333333,-12.0829290302103
Amazon,Local,32.6666666666667,-12.1529290302103
Amazon,Local,32.725,-12.2229290302103
Amazon,Local,32.7833333333333,-12.2929290302103
Amazon,Local,32.8416666666667,-12.3629290302103
Amazon,Local,32.9,-12.4329290302103
Amazon,Local,32.9583333333333,-12.5029290302103
Amazon,Local,33.0166666666667,-12.5729290302103
Amazon,Local,33.075,-12.6429290302104
Amazon,Local,33.1333333333333,-12.7129290302104
Amazon,Local,33.1916666666667,-12.7829290302104
Amazon,Local,33.25,-12.8529290302104
Amazon,Local,33.3083333333333,-12.9229290302103
Amazon,Local,33.3666666666667,-12.9929290302104
Amazon,Local,33.425,-13.0629290302104
Amazon,Local,33.4833333333333,-13.1329290302104
Amazon,Local,33.5416666666667,-13.2029290302104
Amazon,Local,33.6,-13.2729290302104
Amazon,Local,33.6583333333333,-13.3429290302104
Amazon,Local,33.7166666666667,-13.4129290302104
Amazon,Local,33.775,-13.4829290302104
Amazon,Local,33.8333333333333,-13.5529290302104
Amazon,Local,33.8916666666667,-13.6229290302104
Amazon,Local,33.95,-13.6929290302104
Amazon,Local,34.0083333333333,-13.7629290302104
Amazon,Local,34.0666666666667,-13.8329290302104
Amazon,Local,34.125,-13.9029290302104
Amazon,Local,34.1833333333333,-13.9729290302104
Amazon,Local,34.2416666666667,-14.0429290302104
Amazon,Local,34.3,-14.1129290302104
Amazon,Local,34.3583333333333,-14.1829290302104
Amazon,Local,34.4166666666667,-14.2529290302104
Amazon,Local,34.475,-14.3229290302104
Amazon,Local,34.5333333333333,-14.3929290302104
Amazon,Local,34.5916666666667,-14.4629290302104
Amazon,Local,34.65,-14.5329290302104
Amazon,Local,34.7083333333333,-14.6029290302104
Amazon,Local,34.7666666666667,-14.6729290302104
Amazon,Local,34.825,-14.7429290302104
Amazon,Local,34.8833333333333,-14.8129290302104
Amazon,Local,34.9416666666667,-14.8829290302104
Amazon,Local,35,-14.9529290302104
DBLP,Local,0,27.1569909530821
DBLP,Local,0.0583333333333333,27.0869909530821
DBLP,Local,0.116666666666667,27.0169909530821
DBLP,Local,0.175,26.9469909530821
DBLP,Local,0.233333333333333,26.8769909530821
DBLP,Local,0.291666666666667,26.8069909530821
DBLP,Local,0.35,26.7369909530821
DBLP,Local,0.408333333333333,26.6669909530821
DBLP,Local,0.466666666666667,26.5969909530821
DBLP,Local,0.525,26.5269909530821
DBLP,Local,0.583333333333333,26.4569909530821
DBLP,Local,0.641666666666667,26.3869909530821
DBLP,Local,0.7,26.3169909530821
DBLP,Local,0.758333333333333,26.2469909530821
DBLP,Local,0.816666666666667,26.1769909530821
DBLP,Local,0.875,26.1069909530821
DBLP,Local,0.933333333333333,26.0369909530821
DBLP,Local,0.991666666666667,25.9669909530821
DBLP,Local,1.05,25.8969909530821
DBLP,Local,1.10833333333333,25.826990953082
DBLP,Local,1.16666666666667,25.756990953082
DBLP,Local,1.225,25.686990953082
DBLP,Local,1.28333333333333,25.616990953082
DBLP,Local,1.34166666666667,25.546990953082
DBLP,Local,1.4,25.476990953082
DBLP,Local,1.45833333333333,25.406990953082
DBLP,Local,1.51666666666667,25.336990953082
DBLP,Local,1.575,25.266990953082
DBLP,Local,1.63333333333333,25.196990953082
DBLP,Local,1.69166666666667,25.126990953082
DBLP,Local,1.75,25.056990953082
DBLP,Local,1.80833333333333,24.986990953082
DBLP,Local,1.86666666666667,24.916990953082
DBLP,Local,1.925,24.846990953082
DBLP,Local,1.98333333333333,24.776990953082
DBLP,Local,2.04166666666667,24.706990953082
DBLP,Local,2.1,24.636990953082
DBLP,Local,2.15833333333333,24.566990953082
DBLP,Local,2.21666666666667,24.496990953082
DBLP,Local,2.275,24.426990953082
DBLP,Local,2.33333333333333,24.356990953082
DBLP,Local,2.39166666666667,24.286990953082
DBLP,Local,2.45,24.216990953082
DBLP,Local,2.50833333333333,24.146990953082
DBLP,Local,2.56666666666667,24.076990953082
DBLP,Local,2.625,24.006990953082
DBLP,Local,2.68333333333333,23.936990953082
DBLP,Local,2.74166666666667,23.866990953082
DBLP,Local,2.8,23.796990953082
DBLP,Local,2.85833333333333,23.726990953082
DBLP,Local,2.91666666666667,23.656990953082
DBLP,Local,2.975,23.586990953082
DBLP,Local,3.03333333333333,23.516990953082
DBLP,Local,3.09166666666667,23.446990953082
DBLP,Local,3.15,23.376990953082
DBLP,Local,3.20833333333333,23.306990953082
DBLP,Local,3.26666666666667,23.236990953082
DBLP,Local,3.325,23.166990953082
DBLP,Local,3.38333333333333,23.096990953082
DBLP,Local,3.44166666666667,23.026990953082
DBLP,Local,3.5,22.956990953082
DBLP,Local,3.55833333333333,22.886990953082
DBLP,Local,3.61666666666667,22.816990953082
DBLP,Local,3.675,22.746990953082
DBLP,Local,3.73333333333333,22.676990953082
DBLP,Local,3.79166666666667,22.606990953082
DBLP,Local,3.85,22.536990953082
DBLP,Local,3.90833333333333,22.466990953082
DBLP,Local,3.96666666666667,22.396990953082
DBLP,Local,4.025,22.326990953082
DBLP,Local,4.08333333333333,22.256990953082
DBLP,Local,4.14166666666667,22.186990953082
DBLP,Local,4.2,22.116990953082
DBLP,Local,4.25833333333333,22.046990953082
DBLP,Local,4.31666666666667,21.976990953082
DBLP,Local,4.375,21.906990953082
DBLP,Local,4.43333333333333,21.836990953082
DBLP,Local,4.49166666666667,21.766990953082
DBLP,Local,4.55,21.696990953082
DBLP,Local,4.60833333333333,21.626990953082
DBLP,Local,4.66666666666667,21.556990953082
DBLP,Local,4.725,21.486990953082
DBLP,Local,4.78333333333333,21.416990953082
DBLP,Local,4.84166666666667,21.346990953082
DBLP,Local,4.9,21.276990953082
DBLP,Local,4.95833333333333,21.206990953082
DBLP,Local,5.01666666666667,21.136990953082
DBLP,Local,5.075,21.066990953082
DBLP,Local,5.13333333333333,20.996990953082
DBLP,Local,5.19166666666667,20.926990953082
DBLP,Local,5.25,20.856990953082
DBLP,Local,5.30833333333333,20.786990953082
DBLP,Local,5.36666666666667,20.716990953082
DBLP,Local,5.425,20.6469909530819
DBLP,Local,5.48333333333333,20.5769909530819
DBLP,Local,5.54166666666667,20.5069909530819
DBLP,Local,5.6,20.4369909530819
DBLP,Local,5.65833333333333,20.3669909530819
DBLP,Local,5.71666666666667,20.2969909530819
DBLP,Local,5.775,20.2269909530819
DBLP,Local,5.83333333333333,20.1569909530819
DBLP,Local,5.89166666666667,20.0869909530819
DBLP,Local,5.95,20.0169909530819
DBLP,Local,6.00833333333333,19.9469909530819
DBLP,Local,6.06666666666667,19.8769909530819
DBLP,Local,6.125,19.8069909530819
DBLP,Local,6.18333333333333,19.7369909530819
DBLP,Local,6.24166666666667,19.6669909530819
DBLP,Local,6.3,19.5969909530819
DBLP,Local,6.35833333333333,19.5269909530819
DBLP,Local,6.41666666666667,19.4569909530819
DBLP,Local,6.475,19.3869909530819
DBLP,Local,6.53333333333333,19.3169909530819
DBLP,Local,6.59166666666667,19.2469909530819
DBLP,Local,6.65,19.1769909530819
DBLP,Local,6.70833333333333,19.1069909530819
DBLP,Local,6.76666666666667,19.0369909530819
DBLP,Local,6.825,18.9669909530819
DBLP,Local,6.88333333333333,18.8969909530819
DBLP,Local,6.94166666666667,18.8269909530819
DBLP,Local,7,18.7569909530819
DBLP,Local,7.05833333333333,18.6869909530819
DBLP,Local,7.11666666666667,18.6169909530819
DBLP,Local,7.175,18.5469909530819
DBLP,Local,7.23333333333333,18.4769909530819
DBLP,Local,7.29166666666667,18.4069909530819
DBLP,Local,7.35,18.3369909530819
DBLP,Local,7.40833333333333,18.2669909530819
DBLP,Local,7.46666666666667,18.1969909530819
DBLP,Local,7.525,18.1269909530819
DBLP,Local,7.58333333333333,18.0569909530819
DBLP,Local,7.64166666666667,17.9869909530819
DBLP,Local,7.7,17.9169909530819
DBLP,Local,7.75833333333333,17.8469909530819
DBLP,Local,7.81666666666667,17.7769909530819
DBLP,Local,7.875,17.7069909530819
DBLP,Local,7.93333333333333,17.6369909530819
DBLP,Local,7.99166666666667,17.5669909530819
DBLP,Local,8.05,17.4969909530819
DBLP,Local,8.10833333333333,17.4269909530819
DBLP,Local,8.16666666666667,17.3569909530819
DBLP,Local,8.225,17.2869909530819
DBLP,Local,8.28333333333333,17.2169909530819
DBLP,Local,8.34166666666667,17.1469909530819
DBLP,Local,8.4,17.0769909530819
DBLP,Local,8.45833333333333,17.0069909530819
DBLP,Local,8.51666666666667,16.9369909530819
DBLP,Local,8.575,16.8669909530819
DBLP,Local,8.63333333333333,16.7969909530819
DBLP,Local,8.69166666666667,16.7269909530819
DBLP,Local,8.75,16.6569909530819
DBLP,Local,8.80833333333333,16.5869909530819
DBLP,Local,8.86666666666667,16.5169909530819
DBLP,Local,8.925,16.4469909530819
DBLP,Local,8.98333333333333,16.3769909530819
DBLP,Local,9.04166666666667,16.3069909530819
DBLP,Local,9.1,16.2369909530819
DBLP,Local,9.15833333333333,16.1669909530819
DBLP,Local,9.21666666666667,16.0969909530819
DBLP,Local,9.275,16.0269909530819
DBLP,Local,9.33333333333333,15.9569909530819
DBLP,Local,9.39166666666667,15.8869909530819
DBLP,Local,9.45,15.8169909530819
DBLP,Local,9.50833333333333,15.7469909530819
DBLP,Local,9.56666666666667,15.6769909530819
DBLP,Local,9.625,15.6069909530819
DBLP,Local,9.68333333333333,15.5369909530819
DBLP,Local,9.74166666666667,15.4669909530819
DBLP,Local,9.8,15.3969909530819
DBLP,Local,9.85833333333333,15.3269909530819
DBLP,Local,9.91666666666667,15.2569909530819
DBLP,Local,9.975,15.1869909530818
DBLP,Local,10.0333333333333,15.1169909530818
DBLP,Local,10.0916666666667,15.0469909530818
DBLP,Local,10.15,14.9769909530818
DBLP,Local,10.2083333333333,14.9069909530818
DBLP,Local,10.2666666666667,14.8369909530818
DBLP,Local,10.325,14.7669909530818
DBLP,Local,10.3833333333333,14.6969909530818
DBLP,Local,10.4416666666667,14.6269909530818
DBLP,Local,10.5,14.5569909530818
DBLP,Local,10.5583333333333,14.4869909530818
DBLP,Local,10.6166666666667,14.4169909530818
DBLP,Local,10.675,14.3469909530818
DBLP,Local,10.7333333333333,14.2769909530818
DBLP,Local,10.7916666666667,14.2069909530818
DBLP,Local,10.85,14.1369909530818
DBLP,Local,10.9083333333333,14.0669909530818
DBLP,Local,10.9666666666667,13.9969909530818
DBLP,Local,11.025,13.9269909530818
DBLP,Local,11.0833333333333,13.8569909530818
DBLP,Local,11.1416666666667,13.7869909530818
DBLP,Local,11.2,13.7169909530818
DBLP,Local,11.2583333333333,13.6469909530818
DBLP,Local,11.3166666666667,13.5769909530818
DBLP,Local,11.375,13.5069909530818
DBLP,Local,11.4333333333333,13.4369909530818
DBLP,Local,11.4916666666667,13.3669909530818
DBLP,Local,11.55,13.2969909530818
DBLP,Local,11.6083333333333,13.2269909530818
DBLP,Local,11.6666666666667,13.1569909530818
DBLP,Local,11.725,13.0869909530818
DBLP,Local,11.7833333333333,13.0169909530818
DBLP,Local,11.8416666666667,12.9469909530818
DBLP,Local,11.9,12.8769909530818
DBLP,Local,11.9583333333333,12.8069909530818
DBLP,Local,12.0166666666667,12.7369909530818
DBLP,Local,12.075,12.6669909530818
DBLP,Local,12.1333333333333,12.5969909530818
DBLP,Local,12.1916666666667,12.5269909530818
DBLP,Local,12.25,12.4569909530818
DBLP,Local,12.3083333333333,12.3869909530818
DBLP,Local,12.3666666666667,12.3169909530818
DBLP,Local,12.425,12.2469909530818
DBLP,Local,12.4833333333333,12.1769909530818
DBLP,Local,12.5416666666667,12.1069909530818
DBLP,Local,12.6,12.0369909530818
DBLP,Local,12.6583333333333,11.9669909530818
DBLP,Local,12.7166666666667,11.8969909530818
DBLP,Local,12.775,11.8269909530818
DBLP,Local,12.8333333333333,11.7569909530818
DBLP,Local,12.8916666666667,11.6869909530818
DBLP,Local,12.95,11.6169909530818
DBLP,Local,13.0083333333333,11.5469909530818
DBLP,Local,13.0666666666667,11.4769909530818
DBLP,Local,13.125,11.4069909530818
DBLP,Local,13.1833333333333,11.3369909530818
DBLP,Local,13.2416666666667,11.2669909530818
DBLP,Local,13.3,11.1969909530818
DBLP,Local,13.3583333333333,11.1269909530818
DBLP,Local,13.4166666666667,11.0569909530818
DBLP,Local,13.475,10.9869909530818
DBLP,Local,13.5333333333333,10.9169909530818
DBLP,Local,13.5916666666667,10.8469909530818
DBLP,Local,13.65,10.7769909530818
DBLP,Local,13.7083333333333,10.7069909530818
DBLP,Local,13.7666666666667,10.6369909530818
DBLP,Local,13.825,10.5669909530818
DBLP,Local,13.8833333333333,10.4969909530818
DBLP,Local,13.9416666666667,10.4269909530818
DBLP,Local,14,10.3569909530818
DBLP,Local,14.0583333333333,10.2869909530818
DBLP,Local,14.1166666666667,10.2169909530818
DBLP,Local,14.175,10.1469909530818
DBLP,Local,14.2333333333333,10.0769909530818
DBLP,Local,14.2916666666667,10.0069909530818
DBLP,Local,14.35,9.93699095308175
DBLP,Local,14.4083333333333,9.86699095308175
DBLP,Local,14.4666666666667,9.79699095308175
DBLP,Local,14.525,9.72699095308175
DBLP,Local,14.5833333333333,9.65699095308175
DBLP,Local,14.6416666666667,9.58699095308174
DBLP,Local,14.7,9.51699095308174
DBLP,Local,14.7583333333333,9.44699095308174
DBLP,Local,14.8166666666667,9.37699095308174
DBLP,Local,14.875,9.30699095308174
DBLP,Local,14.9333333333333,9.23699095308174
DBLP,Local,14.9916666666667,9.16699095308174
DBLP,Local,15.05,9.09699095308173
DBLP,Local,15.1083333333333,9.02699095308174
DBLP,Local,15.1666666666667,8.95699095308173
DBLP,Local,15.225,8.88699095308173
DBLP,Local,15.2833333333333,8.81699095308173
DBLP,Local,15.3416666666667,8.74699095308173
DBLP,Local,15.4,8.67699095308173
DBLP,Local,15.4583333333333,8.60699095308173
DBLP,Local,15.5166666666667,8.53699095308172
DBLP,Local,15.575,8.46699095308172
DBLP,Local,15.6333333333333,8.39699095308172
DBLP,Local,15.6916666666667,8.32699095308172
DBLP,Local,15.75,8.25699095308172
DBLP,Local,15.8083333333333,8.18699095308172
DBLP,Local,15.8666666666667,8.11699095308172
DBLP,Local,15.925,8.04699095308171
DBLP,Local,15.9833333333333,7.97699095308171
DBLP,Local,16.0416666666667,7.90699095308171
DBLP,Local,16.1,7.83699095308171
DBLP,Local,16.1583333333333,7.76699095308171
DBLP,Local,16.2166666666667,7.69699095308171
DBLP,Local,16.275,7.62699095308171
DBLP,Local,16.3333333333333,7.55699095308171
DBLP,Local,16.3916666666667,7.48699095308171
DBLP,Local,16.45,7.4169909530817
DBLP,Local,16.5083333333333,7.3469909530817
DBLP,Local,16.5666666666667,7.2769909530817
DBLP,Local,16.625,7.2069909530817
DBLP,Local,16.6833333333333,7.1369909530817
DBLP,Local,16.7416666666667,7.0669909530817
DBLP,Local,16.8,6.99699095308169
DBLP,Local,16.8583333333333,6.92699095308169
DBLP,Local,16.9166666666667,6.85699095308169
DBLP,Local,16.975,6.78699095308169
DBLP,Local,17.0333333333333,6.71699095308169
DBLP,Local,17.0916666666667,6.64699095308169
DBLP,Local,17.15,6.57699095308169
DBLP,Local,17.2083333333333,6.50699095308169
DBLP,Local,17.2666666666667,6.43699095308169
DBLP,Local,17.325,6.36699095308168
DBLP,Local,17.3833333333333,6.29699095308168
DBLP,Local,17.4416666666667,6.22699095308168
DBLP,Local,17.5,6.15699095308168
DBLP,Local,17.5583333333333,6.08699095308168
DBLP,Local,17.6166666666667,6.01699095308168
DBLP,Local,17.675,5.94699095308168
DBLP,Local,17.7333333333333,5.87699095308167
DBLP,Local,17.7916666666667,5.80699095308167
DBLP,Local,17.85,5.73699095308167
DBLP,Local,17.9083333333333,5.66699095308167
DBLP,Local,17.9666666666667,5.59699095308167
DBLP,Local,18.025,5.52699095308167
DBLP,Local,18.0833333333333,5.45699095308167
DBLP,Local,18.1416666666667,5.38699095308167
DBLP,Local,18.2,5.31699095308167
DBLP,Local,18.2583333333333,5.24699095308166
DBLP,Local,18.3166666666667,5.17699095308166
DBLP,Local,18.375,5.10699095308166
DBLP,Local,18.4333333333333,5.03699095308166
DBLP,Local,18.4916666666667,4.96699095308166
DBLP,Local,18.55,4.89699095308166
DBLP,Local,18.6083333333333,4.82699095308165
DBLP,Local,18.6666666666667,4.75699095308165
DBLP,Local,18.725,4.68699095308165
DBLP,Local,18.7833333333333,4.61699095308165
DBLP,Local,18.8416666666667,4.54699095308165
DBLP,Local,18.9,4.47699095308165
DBLP,Local,18.9583333333333,4.40699095308165
DBLP,Local,19.0166666666667,4.33699095308165
DBLP,Local,19.075,4.26699095308165
DBLP,Local,19.1333333333333,4.19699095308164
DBLP,Local,19.1916666666667,4.12699095308164
DBLP,Local,19.25,4.05699095308164
DBLP,Local,19.3083333333333,3.98699095308164
DBLP,Local,19.3666666666667,3.91699095308164
DBLP,Local,19.425,3.84699095308163
DBLP,Local,19.4833333333333,3.77699095308163
DBLP,Local,19.5416666666667,3.70699095308163
DBLP,Local,19.6,3.63699095308163
DBLP,Local,19.6583333333333,3.56699095308163
DBLP,Local,19.7166666666667,3.49699095308163
DBLP,Local,19.775,3.42699095308163
DBLP,Local,19.8333333333333,3.35699095308163
DBLP,Local,19.8916666666667,3.28699095308163
DBLP,Local,19.95,3.21699095308162
DBLP,Local,20.0083333333333,3.14699095308162
DBLP,Local,20.0666666666667,3.07699095308162
DBLP,Local,20.125,3.00699095308162
DBLP,Local,20.1833333333333,2.93699095308162
DBLP,Local,20.2416666666667,2.86699095308162
DBLP,Local,20.3,2.79699095308161
DBLP,Local,20.3583333333333,2.72699095308162
DBLP,Local,20.4166666666667,2.65699095308161
DBLP,Local,20.475,2.58699095308161
DBLP,Local,20.5333333333333,2.51699095308161
DBLP,Local,20.5916666666667,2.44699095308161
DBLP,Local,20.65,2.37699095308161
DBLP,Local,20.7083333333333,2.30699095308161
DBLP,Local,20.7666666666667,2.23699095308161
DBLP,Local,20.825,2.1669909530816
DBLP,Local,20.8833333333333,2.0969909530816
DBLP,Local,20.9416666666667,2.0269909530816
DBLP,Local,21,1.9569909530816
DBLP,Local,21.0583333333333,1.8869909530816
DBLP,Local,21.1166666666667,1.8169909530816
DBLP,Local,21.175,1.7469909530816
DBLP,Local,21.2333333333333,1.67699095308159
DBLP,Local,21.2916666666667,1.60699095308159
DBLP,Local,21.35,1.53699095308159
DBLP,Local,21.4083333333333,1.46699095308159
DBLP,Local,21.4666666666667,1.39699095308159
DBLP,Local,21.525,1.32699095308159
DBLP,Local,21.5833333333333,1.25699095308159
DBLP,Local,21.6416666666667,1.18699095308159
DBLP,Local,21.7,1.11699095308159
DBLP,Local,21.7583333333333,1.04699095308158
DBLP,Local,21.8166666666667,0.976990953081583
DBLP,Local,21.875,0.906990953081581
DBLP,Local,21.9333333333333,0.836990953081579
DBLP,Local,21.9916666666667,0.766990953081577
DBLP,Local,22.05,0.696990953081579
DBLP,Local,22.1083333333333,0.626990953081574
DBLP,Local,22.1666666666667,0.556990953081575
DBLP,Local,22.225,0.48699095308157
DBLP,Local,22.2833333333333,0.416990953081572
DBLP,Local,22.3416666666667,0.346990953081573
DBLP,Local,22.4,0.276990953081568
DBLP,Local,22.4583333333333,0.206990953081569
DBLP,Local,22.5166666666667,0.136990953081565
DBLP,Local,22.575,0.0669909530815658
DBLP,Local,22.6308257942346,0
DBLP,Local,22.6333333333333,-0.00300904691843893
DBLP,Local,22.6916666666667,-0.0730090469184378
DBLP,Local,22.75,-0.143009046918437
DBLP,Local,22.8083333333333,-0.213009046918441
DBLP,Local,22.8666666666667,-0.28300904691844
DBLP,Local,22.925,-0.353009046918445
DBLP,Local,22.9833333333333,-0.423009046918444
DBLP,Local,23.0416666666667,-0.493009046918448
DBLP,Local,23.1,-0.563009046918447
DBLP,Local,23.1583333333333,-0.633009046918452
DBLP,Local,23.2166666666667,-0.703009046918451
DBLP,Local,23.275,-0.77300904691845
DBLP,Local,23.3333333333333,-0.843009046918448
DBLP,Local,23.3916666666667,-0.913009046918453
DBLP,Local,23.45,-0.983009046918452
DBLP,Local,23.5083333333333,-1.05300904691846
DBLP,Local,23.5666666666667,-1.12300904691846
DBLP,Local,23.625,-1.19300904691846
DBLP,Local,23.6833333333333,-1.26300904691846
DBLP,Local,23.7416666666667,-1.33300904691846
DBLP,Local,23.8,-1.40300904691846
DBLP,Local,23.8583333333333,-1.47300904691847
DBLP,Local,23.9166666666667,-1.54300904691847
DBLP,Local,23.975,-1.61300904691847
DBLP,Local,24.0333333333333,-1.68300904691847
DBLP,Local,24.0916666666667,-1.75300904691847
DBLP,Local,24.15,-1.82300904691847
DBLP,Local,24.2083333333333,-1.89300904691847
DBLP,Local,24.2666666666667,-1.96300904691847
DBLP,Local,24.325,-2.03300904691848
DBLP,Local,24.3833333333333,-2.10300904691847
DBLP,Local,24.4416666666667,-2.17300904691848
DBLP,Local,24.5,-2.24300904691848
DBLP,Local,24.5583333333333,-2.31300904691848
DBLP,Local,24.6166666666667,-2.38300904691848
DBLP,Local,24.675,-2.45300904691849
DBLP,Local,24.7333333333333,-2.52300904691848
DBLP,Local,24.7916666666667,-2.59300904691849
DBLP,Local,24.85,-2.66300904691849
DBLP,Local,24.9083333333333,-2.73300904691849
DBLP,Local,24.9666666666667,-2.80300904691849
DBLP,Local,25.025,-2.87300904691849
DBLP,Local,25.0833333333333,-2.94300904691849
DBLP,Local,25.1416666666667,-3.01300904691849
DBLP,Local,25.2,-3.08300904691849
DBLP,Local,25.2583333333333,-3.1530090469185
DBLP,Local,25.3166666666667,-3.2230090469185
DBLP,Local,25.375,-3.2930090469185
DBLP,Local,25.4333333333333,-3.3630090469185
DBLP,Local,25.4916666666667,-3.4330090469185
DBLP,Local,25.55,-3.5030090469185
DBLP,Local,25.6083333333333,-3.5730090469185
DBLP,Local,25.6666666666667,-3.64300904691851
DBLP,Local,25.725,-3.71300904691851
DBLP,Local,25.7833333333333,-3.78300904691851
DBLP,Local,25.8416666666667,-3.85300904691851
DBLP,Local,25.9,-3.92300904691851
DBLP,Local,25.9583333333333,-3.99300904691851
DBLP,Local,26.0166666666667,-4.06300904691851
DBLP,Local,26.075,-4.13300904691851
DBLP,Local,26.1333333333333,-4.20300904691852
DBLP,Local,26.1916666666667,-4.27300904691851
DBLP,Local,26.25,-4.34300904691852
DBLP,Local,26.3083333333333,-4.41300904691852
DBLP,Local,26.3666666666667,-4.48300904691852
DBLP,Local,26.425,-4.55300904691852
DBLP,Local,26.4833333333333,-4.62300904691853
DBLP,Local,26.5416666666667,-4.69300904691853
DBLP,Local,26.6,-4.76300904691853
DBLP,Local,26.6583333333333,-4.83300904691853
DBLP,Local,26.7166666666667,-4.90300904691853
DBLP,Local,26.775,-4.97300904691853
DBLP,Local,26.8333333333333,-5.04300904691853
DBLP,Local,26.8916666666667,-5.11300904691853
DBLP,Local,26.95,-5.18300904691853
DBLP,Local,27.0083333333333,-5.25300904691853
DBLP,Local,27.0666666666667,-5.32300904691854
DBLP,Local,27.125,-5.39300904691854
DBLP,Local,27.1833333333333,-5.46300904691854
DBLP,Local,27.2416666666667,-5.53300904691854
DBLP,Local,27.3,-5.60300904691854
DBLP,Local,27.3583333333333,-5.67300904691854
DBLP,Local,27.4166666666667,-5.74300904691855
DBLP,Local,27.475,-5.81300904691855
DBLP,Local,27.5333333333333,-5.88300904691855
DBLP,Local,27.5916666666667,-5.95300904691854
DBLP,Local,27.65,-6.02300904691855
DBLP,Local,27.7083333333333,-6.09300904691855
DBLP,Local,27.7666666666667,-6.16300904691855
DBLP,Local,27.825,-6.23300904691855
DBLP,Local,27.8833333333333,-6.30300904691856
DBLP,Local,27.9416666666667,-6.37300904691855
DBLP,Local,28,-6.44300904691856
DBLP,Local,28.0583333333333,-6.51300904691856
DBLP,Local,28.1166666666667,-6.58300904691856
DBLP,Local,28.175,-6.65300904691856
DBLP,Local,28.2333333333333,-6.72300904691857
DBLP,Local,28.2916666666667,-6.79300904691857
DBLP,Local,28.35,-6.86300904691856
DBLP,Local,28.4083333333333,-6.93300904691857
DBLP,Local,28.4666666666667,-7.00300904691857
DBLP,Local,28.525,-7.07300904691857
DBLP,Local,28.5833333333333,-7.14300904691857
DBLP,Local,28.6416666666667,-7.21300904691857
DBLP,Local,28.7,-7.28300904691858
DBLP,Local,28.7583333333333,-7.35300904691857
DBLP,Local,28.8166666666667,-7.42300904691858
DBLP,Local,28.875,-7.49300904691858
DBLP,Local,28.9333333333333,-7.56300904691858
DBLP,Local,28.9916666666667,-7.63300904691858
DBLP,Local,29.05,-7.70300904691858
DBLP,Local,29.1083333333333,-7.77300904691858
DBLP,Local,29.1666666666667,-7.84300904691858
DBLP,Local,29.225,-7.91300904691859
DBLP,Local,29.2833333333333,-7.98300904691859
DBLP,Local,29.3416666666667,-8.05300904691859
DBLP,Local,29.4,-8.12300904691859
DBLP,Local,29.4583333333333,-8.19300904691859
DBLP,Local,29.5166666666667,-8.26300904691859
DBLP,Local,29.575,-8.33300904691859
DBLP,Local,29.6333333333333,-8.40300904691859
DBLP,Local,29.6916666666667,-8.4730090469186
DBLP,Local,29.75,-8.54300904691859
DBLP,Local,29.8083333333333,-8.6130090469186
DBLP,Local,29.8666666666667,-8.6830090469186
DBLP,Local,29.925,-8.7530090469186
DBLP,Local,29.9833333333333,-8.8230090469186
DBLP,Local,30.0416666666667,-8.89300904691861
DBLP,Local,30.1,-8.96300904691861
DBLP,Local,30.1583333333333,-9.03300904691861
DBLP,Local,30.2166666666667,-9.1030090469186
DBLP,Local,30.275,-9.17300904691861
DBLP,Local,30.3333333333333,-9.24300904691861
DBLP,Local,30.3916666666667,-9.31300904691861
DBLP,Local,30.45,-9.38300904691861
DBLP,Local,30.5083333333333,-9.45300904691861
DBLP,Local,30.5666666666667,-9.52300904691861
DBLP,Local,30.625,-9.59300904691862
DBLP,Local,30.6833333333333,-9.66300904691862
DBLP,Local,30.7416666666667,-9.73300904691862
DBLP,Local,30.8,-9.80300904691862
DBLP,Local,30.8583333333333,-9.87300904691863
DBLP,Local,30.9166666666667,-9.94300904691863
DBLP,Local,30.975,-10.0130090469186
DBLP,Local,31.0333333333333,-10.0830090469186
DBLP,Local,31.0916666666667,-10.1530090469186
DBLP,Local,31.15,-10.2230090469186
DBLP,Local,31.2083333333333,-10.2930090469186
DBLP,Local,31.2666666666667,-10.3630090469186
DBLP,Local,31.325,-10.4330090469186
DBLP,Local,31.3833333333333,-10.5030090469186
DBLP,Local,31.4416666666667,-10.5730090469186
DBLP,Local,31.5,-10.6430090469186
DBLP,Local,31.5583333333333,-10.7130090469186
DBLP,Local,31.6166666666667,-10.7830090469186
DBLP,Local,31.675,-10.8530090469186
DBLP,Local,31.7333333333333,-10.9230090469186
DBLP,Local,31.7916666666667,-10.9930090469186
DBLP,Local,31.85,-11.0630090469186
DBLP,Local,31.9083333333333,-11.1330090469186
DBLP,Local,31.9666666666667,-11.2030090469186
DBLP,Local,32.025,-11.2730090469186
DBLP,Local,32.0833333333333,-11.3430090469187
DBLP,Local,32.1416666666667,-11.4130090469187
DBLP,Local,32.2,-11.4830090469187
DBLP,Local,32.2583333333333,-11.5530090469186
DBLP,Local,32.3166666666667,-11.6230090469187
DBLP,Local,32.375,-11.6930090469187
DBLP,Local,32.4333333333333,-11.7630090469187
DBLP,Local,32.4916666666667,-11.8330090469187
DBLP,Local,32.55,-11.9030090469187
DBLP,Local,32.6083333333333,-11.9730090469187
DBLP,Local,32.6666666666667,-12.0430090469187
DBLP,Local,32.725,-12.1130090469187
DBLP,Local,32.7833333333333,-12.1830090469187
DBLP,Local,32.8416666666667,-12.2530090469187
DBLP,Local,32.9,-12.3230090469187
DBLP,Local,32.9583333333333,-12.3930090469187
DBLP,Local,33.0166666666667,-12.4630090469187
DBLP,Local,33.075,-12.5330090469187
DBLP,Local,33.1333333333333,-12.6030090469187
DBLP,Local,33.1916666666667,-12.6730090469187
DBLP,Local,33.25,-12.7430090469187
DBLP,Local,33.3083333333333,-12.8130090469187
DBLP,Local,33.3666666666667,-12.8830090469187
DBLP,Local,33.425,-12.9530090469187
DBLP,Local,33.4833333333333,-13.0230090469187
DBLP,Local,33.5416666666667,-13.0930090469187
DBLP,Local,33.6,-13.1630090469187
DBLP,Local,33.6583333333333,-13.2330090469187
DBLP,Local,33.7166666666667,-13.3030090469187
DBLP,Local,33.775,-13.3730090469187
DBLP,Local,33.8333333333333,-13.4430090469187
DBLP,Local,33.8916666666667,-13.5130090469187
DBLP,Local,33.95,-13.5830090469187
DBLP,Local,34.0083333333333,-13.6530090469187
DBLP,Local,34.0666666666667,-13.7230090469187
DBLP,Local,34.125,-13.7930090469187
DBLP,Local,34.1833333333333,-13.8630090469187
DBLP,Local,34.2416666666667,-13.9330090469187
DBLP,Local,34.3,-14.0030090469187
DBLP,Local,34.3583333333333,-14.0730090469187
DBLP,Local,34.4166666666667,-14.1430090469187
DBLP,Local,34.475,-14.2130090469187
DBLP,Local,34.5333333333333,-14.2830090469187
DBLP,Local,34.5916666666667,-14.3530090469187
DBLP,Local,34.65,-14.4230090469187
DBLP,Local,34.7083333333333,-14.4930090469187
DBLP,Local,34.7666666666667,-14.5630090469187
DBLP,Local,34.825,-14.6330090469187
DBLP,Local,34.8833333333333,-14.7030090469187
DBLP,Local,34.9416666666667,-14.7730090469187
DBLP,Local,35,-14.8430090469187
Karate,Global,0,36.0908793888366
Karate,Global,0.0583333333333333,35.9158793888366
Karate,Global,0.116666666666667,35.7408793888366
Karate,Global,0.175,35.5658793888366
Karate,Global,0.233333333333333,35.3908793888366
Karate,Global,0.291666666666667,35.2158793888366
Karate,Global,0.35,35.0408793888366
Karate,Global,0.408333333333333,34.8658793888366
Karate,Global,0.466666666666667,34.6908793888366
Karate,Global,0.525,34.5158793888366
Karate,Global,0.583333333333333,34.3408793888366
Karate,Global,0.641666666666667,34.1658793888366
Karate,Global,0.7,33.9908793888366
Karate,Global,0.758333333333333,33.8158793888366
Karate,Global,0.816666666666667,33.6408793888366
Karate,Global,0.875,33.4658793888366
Karate,Global,0.933333333333333,33.2908793888366
Karate,Global,0.991666666666667,33.1158793888366
Karate,Global,1.05,32.9408793888366
Karate,Global,1.10833333333333,32.7658793888366
Karate,Global,1.16666666666667,32.5908793888366
Karate,Global,1.225,32.4158793888366
Karate,Global,1.28333333333333,32.2408793888366
Karate,Global,1.34166666666667,32.0658793888366
Karate,Global,1.4,31.8908793888366
Karate,Global,1.45833333333333,31.7158793888366
Karate,Global,1.51666666666667,31.5408793888366
Karate,Global,1.575,31.3658793888366
Karate,Global,1.63333333333333,31.1908793888366
Karate,Global,1.69166666666667,31.0158793888366
Karate,Global,1.75,30.8408793888366
Karate,Global,1.80833333333333,30.6658793888366
Karate,Global,1.86666666666667,30.4908793888366
Karate,Global,1.925,30.3158793888366
Karate,Global,1.98333333333333,30.1408793888366
Karate,Global,2.04166666666667,29.9658793888366
Karate,Global,2.1,29.7908793888366
Karate,Global,2.15833333333333,29.6158793888366
Karate,Global,2.21666666666667,29.4408793888366
Karate,Global,2.275,29.2658793888366
Karate,Global,2.33333333333333,29.0908793888366
Karate,Global,2.39166666666667,28.9158793888366
Karate,Global,2.45,28.7408793888366
Karate,Global,2.50833333333333,28.5658793888366
Karate,Global,2.56666666666667,28.3908793888366
Karate,Global,2.625,28.2158793888366
Karate,Global,2.68333333333333,28.0408793888366
Karate,Global,2.74166666666667,27.8658793888366
Karate,Global,2.8,27.6908793888366
Karate,Global,2.85833333333333,27.5158793888366
Karate,Global,2.91666666666667,27.3408793888366
Karate,Global,2.975,27.1658793888366
Karate,Global,3.03333333333333,26.9908793888366
Karate,Global,3.09166666666667,26.8158793888366
Karate,Global,3.15,26.6408793888366
Karate,Global,3.20833333333333,26.4658793888366
Karate,Global,3.26666666666667,26.2908793888366
Karate,Global,3.325,26.1158793888366
Karate,Global,3.38333333333333,25.9408793888366
Karate,Global,3.44166666666667,25.7658793888366
Karate,Global,3.5,25.5908793888366
Karate,Global,3.55833333333333,25.4158793888366
Karate,Global,3.61666666666667,25.2408793888366
Karate,Global,3.675,25.0658793888366
Karate,Global,3.73333333333333,24.8908793888366
Karate,Global,3.79166666666667,24.7158793888366
Karate,Global,3.85,24.5408793888366
Karate,Global,3.90833333333333,24.3658793888366
Karate,Global,3.96666666666667,24.1908793888366
Karate,Global,4.025,24.0158793888366
Karate,Global,4.08333333333333,23.8408793888366
Karate,Global,4.14166666666667,23.6658793888366
Karate,Global,4.2,23.4908793888366
Karate,Global,4.25833333333333,23.3158793888366
Karate,Global,4.31666666666667,23.1408793888366
Karate,Global,4.375,22.9658793888366
Karate,Global,4.43333333333333,22.7908793888366
Karate,Global,4.49166666666667,22.6158793888366
Karate,Global,4.55,22.4408793888366
Karate,Global,4.60833333333333,22.2658793888366
Karate,Global,4.66666666666667,22.0908793888366
Karate,Global,4.725,21.9158793888366
Karate,Global,4.78333333333333,21.7408793888366
Karate,Global,4.84166666666667,21.5658793888366
Karate,Global,4.9,21.3908793888366
Karate,Global,4.95833333333333,21.2158793888366
Karate,Global,5.01666666666667,21.0408793888366
Karate,Global,5.075,20.8658793888366
Karate,Global,5.13333333333333,20.6908793888366
Karate,Global,5.19166666666667,20.5158793888366
Karate,Global,5.25,20.3408793888366
Karate,Global,5.30833333333333,20.1658793888366
Karate,Global,5.36666666666667,19.9908793888366
Karate,Global,5.425,19.8158793888366
Karate,Global,5.48333333333333,19.6408793888366
Karate,Global,5.54166666666667,19.4658793888366
Karate,Global,5.6,19.2908793888366
Karate,Global,5.65833333333333,19.1158793888366
Karate,Global,5.71666666666667,18.9408793888366
Karate,Global,5.775,18.7658793888366
Karate,Global,5.83333333333333,18.5908793888366
Karate,Global,5.89166666666667,18.4158793888366
Karate,Global,5.95,18.2408793888366
Karate,Global,6.00833333333333,18.0658793888366
Karate,Global,6.06666666666667,17.8908793888366
Karate,Global,6.125,17.7158793888366
Karate,Global,6.18333333333333,17.5408793888366
Karate,Global,6.24166666666667,17.3658793888366
Karate,Global,6.3,17.1908793888366
Karate,Global,6.35833333333333,17.0158793888366
Karate,Global,6.41666666666667,16.8408793888366
Karate,Global,6.475,16.6658793888366
Karate,Global,6.53333333333333,16.4908793888366
Karate,Global,6.59166666666667,16.3158793888366
Karate,Global,6.65,16.1408793888366
Karate,Global,6.70833333333333,15.9658793888366
Karate,Global,6.76666666666667,15.7908793888366
Karate,Global,6.825,15.6158793888366
Karate,Global,6.88333333333333,15.4408793888366
Karate,Global,6.94166666666667,15.2658793888366
Karate,Global,7,15.0908793888366
Karate,Global,7.05833333333333,14.9158793888366
Karate,Global,7.11666666666667,14.7408793888366
Karate,Global,7.175,14.5658793888366
Karate,Global,7.23333333333333,14.3908793888366
Karate,Global,7.29166666666667,14.2158793888366
Karate,Global,7.35,14.0408793888366
Karate,Global,7.40833333333333,13.8658793888366
Karate,Global,7.46666666666667,13.6908793888366
Karate,Global,7.525,13.5158793888366
Karate,Global,7.58333333333333,13.3408793888366
Karate,Global,7.64166666666667,13.1658793888366
Karate,Global,7.7,12.9908793888366
Karate,Global,7.75833333333333,12.8158793888366
Karate,Global,7.81666666666667,12.6408793888366
Karate,Global,7.875,12.4658793888366
Karate,Global,7.93333333333333,12.2908793888366
Karate,Global,7.99166666666667,12.1158793888366
Karate,Global,8.05,11.9408793888366
Karate,Global,8.10833333333333,11.7658793888366
Karate,Global,8.16666666666667,11.5908793888366
Karate,Global,8.225,11.4158793888366
Karate,Global,8.28333333333333,11.2408793888366
Karate,Global,8.34166666666667,11.0658793888366
Karate,Global,8.4,10.8908793888366
Karate,Global,8.45833333333333,10.7158793888366
Karate,Global,8.51666666666667,10.5408793888366
Karate,Global,8.575,10.3658793888366
Karate,Global,8.63333333333333,10.1908793888366
Karate,Global,8.69166666666667,10.0158793888366
Karate,Global,8.75,9.84087938883664
Karate,Global,8.80833333333333,9.66587938883664
Karate,Global,8.86666666666667,9.49087938883664
Karate,Global,8.925,9.31587938883664
Karate,Global,8.98333333333333,9.14087938883664
Karate,Global,9.04166666666667,8.96587938883664
Karate,Global,9.1,8.79087938883664
Karate,Global,9.15833333333333,8.61587938883664
Karate,Global,9.21666666666667,8.44087938883664
Karate,Global,9.275,8.26587938883664
Karate,Global,9.33333333333333,8.09087938883664
Karate,Global,9.39166666666667,7.91587938883664
Karate,Global,9.45,7.74087938883664
Karate,Global,9.50833333333333,7.56587938883664
Karate,Global,9.56666666666667,7.39087938883664
Karate,Global,9.625,7.21587938883664
Karate,Global,9.68333333333333,7.04087938883664
Karate,Global,9.74166666666667,6.86587938883664
Karate,Global,9.8,6.69087938883664
Karate,Global,9.85833333333333,6.51587938883664
Karate,Global,9.91666666666667,6.34087938883664
Karate,Global,9.975,6.16587938883664
Karate,Global,10.0333333333333,5.99087938883664
Karate,Global,10.0916666666667,5.81587938883664
Karate,Global,10.15,5.64087938883664
Karate,Global,10.2083333333333,5.46587938883664
Karate,Global,10.2666666666667,5.29087938883664
Karate,Global,10.325,5.11587938883664
Karate,Global,10.3833333333333,4.94087938883664
Karate,Global,10.4416666666667,4.76587938883664
Karate,Global,10.5,4.59087938883664
Karate,Global,10.5583333333333,4.41587938883664
Karate,Global,10.6166666666667,4.24087938883664
Karate,Global,10.675,4.06587938883664
Karate,Global,10.7333333333333,3.89087938883665
Karate,Global,10.7916666666667,3.71587938883664
Karate,Global,10.85,3.54087938883664
Karate,Global,10.9083333333333,3.36587938883664
Karate,Global,10.9666666666667,3.19087938883664
Karate,Global,11.025,3.01587938883664
Karate,Global,11.0833333333333,2.84087938883664
Karate,Global,11.1416666666667,2.66587938883664
Karate,Global,11.2,2.49087938883664
Karate,Global,11.2583333333333,2.31587938883665
Karate,Global,11.3166666666667,2.14087938883665
Karate,Global,11.375,1.96587938883664
Karate,Global,11.4333333333333,1.79087938883664
Karate,Global,11.4916666666667,1.61587938883664
Karate,Global,11.55,1.44087938883664
Karate,Global,11.6083333333333,1.26587938883665
Karate,Global,11.6666666666667,1.09087938883664
Karate,Global,11.725,0.915879388836642
Karate,Global,11.7833333333333,0.740879388836641
Karate,Global,11.8416666666667,0.56587938883664
Karate,Global,11.9,0.390879388836638
Karate,Global,11.9583333333333,0.215879388836637
Karate,Global,12.0166666666667,0.0408793888366424
Karate,Global,12.0302931296122,0
Karate,Global,12.075,-0.134120611163359
Karate,Global,12.1333333333333,-0.309120611163354
Karate,Global,12.1916666666667,-0.484120611163355
Karate,Global,12.25,-0.659120611163356
Karate,Global,12.3083333333333,-0.834120611163358
Karate,Global,12.3666666666667,-1.00912061116336
Karate,Global,12.425,-1.18412061116336
Karate,Global,12.4833333333333,-1.35912061116335
Karate,Global,12.5416666666667,-1.53412061116336
Karate,Global,12.6,-1.70912061116336
Karate,Global,12.6583333333333,-1.88412061116336
Karate,Global,12.7166666666667,-2.05912061116336
Karate,Global,12.775,-2.23412061116336
Karate,Global,12.8333333333333,-2.40912061116336
Karate,Global,12.8916666666667,-2.58412061116336
Karate,Global,12.95,-2.75912061116335
Karate,Global,13.0083333333333,-2.93412061116335
Karate,Global,13.0666666666667,-3.10912061116335
Karate,Global,13.125,-3.28412061116336
Karate,Global,13.1833333333333,-3.45912061116336
Karate,Global,13.2416666666667,-3.63412061116336
Karate,Global,13.3,-3.80912061116336
Karate,Global,13.3583333333333,-3.98412061116335
Karate,Global,13.4166666666667,-4.15912061116336
Karate,Global,13.475,-4.33412061116336
Karate,Global,13.5333333333333,-4.50912061116336
Karate,Global,13.5916666666667,-4.68412061116336
Karate,Global,13.65,-4.85912061116336
Karate,Global,13.7083333333333,-5.03412061116336
Karate,Global,13.7666666666667,-5.20912061116336
Karate,Global,13.825,-5.38412061116335
Karate,Global,13.8833333333333,-5.55912061116335
Karate,Global,13.9416666666667,-5.73412061116336
Karate,Global,14,-5.90912061116336
Karate,Global,14.0583333333333,-6.08412061116336
Karate,Global,14.1166666666667,-6.25912061116336
Karate,Global,14.175,-6.43412061116336
Karate,Global,14.2333333333333,-6.60912061116336
Karate,Global,14.2916666666667,-6.78412061116336
Karate,Global,14.35,-6.95912061116336
Karate,Global,14.4083333333333,-7.13412061116336
Karate,Global,14.4666666666667,-7.30912061116336
Karate,Global,14.525,-7.48412061116336
Karate,Global,14.5833333333333,-7.65912061116336
Karate,Global,14.6416666666667,-7.83412061116336
Karate,Global,14.7,-8.00912061116335
Karate,Global,14.7583333333333,-8.18412061116335
Karate,Global,14.8166666666667,-8.35912061116336
Karate,Global,14.875,-8.53412061116336
Karate,Global,14.9333333333333,-8.70912061116336
Karate,Global,14.9916666666667,-8.88412061116336
Karate,Global,15.05,-9.05912061116336
Karate,Global,15.1083333333333,-9.23412061116336
Karate,Global,15.1666666666667,-9.40912061116336
Karate,Global,15.225,-9.58412061116336
Karate,Global,15.2833333333333,-9.75912061116336
Karate,Global,15.3416666666667,-9.93412061116335
Karate,Global,15.4,-10.1091206111634
Karate,Global,15.4583333333333,-10.2841206111634
Karate,Global,15.5166666666667,-10.4591206111634
Karate,Global,15.575,-10.6341206111634
Karate,Global,15.6333333333333,-10.8091206111634
Karate,Global,15.6916666666667,-10.9841206111634
Karate,Global,15.75,-11.1591206111634
Karate,Global,15.8083333333333,-11.3341206111634
Karate,Global,15.8666666666667,-11.5091206111634
Karate,Global,15.925,-11.6841206111634
Karate,Global,15.9833333333333,-11.8591206111634
Karate,Global,16.0416666666667,-12.0341206111634
Karate,Global,16.1,-12.2091206111634
Karate,Global,16.1583333333333,-12.3841206111634
Karate,Global,16.2166666666667,-12.5591206111634
Karate,Global,16.275,-12.7341206111634
Karate,Global,16.3333333333333,-12.9091206111633
Karate,Global,16.3916666666667,-13.0841206111634
Karate,Global,16.45,-13.2591206111634
Karate,Global,16.5083333333333,-13.4341206111634
Karate,Global,16.5666666666667,-13.6091206111634
Karate,Global,16.625,-13.7841206111634
Karate,Global,16.6833333333333,-13.9591206111634
Karate,Global,16.7416666666667,-14.1341206111634
Karate,Global,16.8,-14.3091206111634
Karate,Global,16.8583333333333,-14.4841206111634
Karate,Global,16.9166666666667,-14.6591206111634
Karate,Global,16.975,-14.8341206111634
Karate,Global,17.0333333333333,-15.0091206111634
Karate,Global,17.0916666666667,-15.1841206111634
Karate,Global,17.15,-15.3591206111633
Karate,Global,17.2083333333333,-15.5341206111633
Karate,Global,17.2666666666667,-15.7091206111634
Karate,Global,17.325,-15.8841206111634
Karate,Global,17.3833333333333,-16.0591206111634
Karate,Global,17.4416666666667,-16.2341206111634
Karate,Global,17.5,-16.4091206111634
Karate,Global,17.5583333333333,-16.5841206111634
Karate,Global,17.6166666666667,-16.7591206111634
Karate,Global,17.675,-16.9341206111634
Karate,Global,17.7333333333333,-17.1091206111634
Karate,Global,17.7916666666667,-17.2841206111634
Karate,Global,17.85,-17.4591206111634
Karate,Global,17.9083333333333,-17.6341206111634
Karate,Global,17.9666666666667,-17.8091206111634
Karate,Global,18.025,-17.9841206111633
Karate,Global,18.0833333333333,-18.1591206111633
Karate,Global,18.1416666666667,-18.3341206111633
Karate,Global,18.2,-18.5091206111634
Karate,Global,18.2583333333333,-18.6841206111634
Karate,Global,18.3166666666667,-18.8591206111634
Karate,Global,18.375,-19.0341206111634
Karate,Global,18.4333333333333,-19.2091206111634
Karate,Global,18.4916666666667,-19.3841206111634
Karate,Global,18.55,-19.5591206111634
Karate,Global,18.6083333333333,-19.7341206111634
Karate,Global,18.6666666666667,-19.9091206111634
Karate,Global,18.725,-20.0841206111634
Karate,Global,18.7833333333333,-20.2591206111634
Karate,Global,18.8416666666667,-20.4341206111633
Karate,Global,18.9,-20.6091206111633
Karate,Global,18.9583333333333,-20.7841206111633
Karate,Global,19.0166666666667,-20.9591206111633
Karate,Global,19.075,-21.1341206111634
Karate,Global,19.1333333333333,-21.3091206111634
Karate,Global,19.1916666666667,-21.4841206111634
Karate,Global,19.25,-21.6591206111634
Karate,Global,19.3083333333333,-21.8341206111634
Karate,Global,19.3666666666667,-22.0091206111634
Karate,Global,19.425,-22.1841206111634
Karate,Global,19.4833333333333,-22.3591206111634
Karate,Global,19.5416666666667,-22.5341206111634
Karate,Global,19.6,-22.7091206111634
Karate,Global,19.6583333333333,-22.8841206111634
Karate,Global,19.7166666666667,-23.0591206111633
Karate,Global,19.775,-23.2341206111633
Karate,Global,19.8333333333333,-23.4091206111633
Karate,Global,19.8916666666667,-23.5841206111633
Karate,Global,19.95,-23.7591206111634
Karate,Global,20.0083333333333,-23.9341206111634
Karate,Global,20.0666666666667,-24.1091206111634
Karate,Global,20.125,-24.2841206111633
Karate,Global,20.1833333333333,-24.4591206111634
Karate,Global,20.2416666666667,-24.6341206111634
Karate,Global,20.3,-24.8091206111634
Karate,Global,20.3583333333333,-24.9841206111634
Karate,Global,20.4166666666667,-25.1591206111634
Karate,Global,20.475,-25.3341206111634
Karate,Global,20.5333333333333,-25.5091206111634
Karate,Global,20.5916666666667,-25.6841206111633
Karate,Global,20.65,-25.8591206111634
Karate,Global,20.7083333333333,-26.0341206111633
Karate,Global,20.7666666666667,-26.2091206111634
Karate,Global,20.825,-26.3841206111634
Karate,Global,20.8833333333333,-26.5591206111633
Karate,Global,20.9416666666667,-26.7341206111634
Karate,Global,21,-26.9091206111633
Karate,Global,21.0583333333333,-27.0841206111634
Karate,Global,21.1166666666667,-27.2591206111634
Karate,Global,21.175,-27.4341206111634
Karate,Global,21.2333333333333,-27.6091206111634
Karate,Global,21.2916666666667,-27.7841206111634
Karate,Global,21.35,-27.9591206111634
Karate,Global,21.4083333333333,-28.1341206111634
Karate,Global,21.4666666666667,-28.3091206111633
Karate,Global,21.525,-28.4841206111634
Karate,Global,21.5833333333333,-28.6591206111633
Karate,Global,21.6416666666667,-28.8341206111634
Karate,Global,21.7,-29.0091206111634
Karate,Global,21.7583333333333,-29.1841206111633
Karate,Global,21.8166666666667,-29.3591206111634
Karate,Global,21.875,-29.5341206111633
Karate,Global,21.9333333333333,-29.7091206111634
Karate,Global,21.9916666666667,-29.8841206111634
Karate,Global,22.05,-30.0591206111634
Karate,Global,22.1083333333333,-30.2341206111634
Karate,Global,22.1666666666667,-30.4091206111634
Karate,Global,22.225,-30.5841206111634
Karate,Global,22.2833333333333,-30.7591206111634
Karate,Global,22.3416666666667,-30.9341206111633
Karate,Global,22.4,-31.1091206111634
Karate,Global,22.4583333333333,-31.2841206111633
Karate,Global,22.5166666666667,-31.4591206111633
Karate,Global,22.575,-31.6341206111634
Karate,Global,22.6333333333333,-31.8091206111633
Karate,Global,22.6916666666667,-31.9841206111634
Karate,Global,22.75,-32.1591206111634
Karate,Global,22.8083333333333,-32.3341206111634
Karate,Global,22.8666666666667,-32.5091206111634
Karate,Global,22.925,-32.6841206111634
Karate,Global,22.9833333333333,-32.8591206111634
Karate,Global,23.0416666666667,-33.0341206111634
Karate,Global,23.1,-33.2091206111634
Karate,Global,23.1583333333333,-33.3841206111634
Karate,Global,23.2166666666667,-33.5591206111633
Karate,Global,23.275,-33.7341206111634
Karate,Global,23.3333333333333,-33.9091206111634
Karate,Global,23.3916666666667,-34.0841206111633
Karate,Global,23.45,-34.2591206111634
Karate,Global,23.5083333333333,-34.4341206111633
Karate,Global,23.5666666666667,-34.6091206111634
Karate,Global,23.625,-34.7841206111634
Karate,Global,23.6833333333333,-34.9591206111634
Karate,Global,23.7416666666667,-35.1341206111634
Karate,Global,23.8,-35.3091206111634
Karate,Global,23.8583333333333,-35.4841206111634
Karate,Global,23.9166666666667,-35.6591206111634
Karate,Global,23.975,-35.8341206111634
Karate,Global,24.0333333333333,-36.0091206111634
Karate,Global,24.0916666666667,-36.1841206111633
Karate,Global,24.15,-36.3591206111634
Karate,Global,24.2083333333333,-36.5341206111634
Karate,Global,24.2666666666667,-36.7091206111633
Karate,Global,24.325,-36.8841206111634
Karate,Global,24.3833333333333,-37.0591206111633
Karate,Global,24.4416666666667,-37.2341206111634
Karate,Global,24.5,-37.4091206111634
Karate,Global,24.5583333333333,-37.5841206111634
Karate,Global,24.6166666666667,-37.7591206111634
Karate,Global,24.675,-37.9341206111634
Karate,Global,24.7333333333333,-38.1091206111634
Karate,Global,24.7916666666667,-38.2841206111634
Karate,Global,24.85,-38.4591206111634
Karate,Global,24.9083333333333,-38.6341206111634
Karate,Global,24.9666666666667,-38.8091206111633
Karate,Global,25.025,-38.9841206111633
Karate,Global,25.0833333333333,-39.1591206111634
Karate,Global,25.1416666666667,-39.3341206111633
Karate,Global,25.2,-39.5091206111634
Karate,Global,25.2583333333333,-39.6841206111633
Karate,Global,25.3166666666667,-39.8591206111634
Karate,Global,25.375,-40.0341206111634
Karate,Global,25.4333333333333,-40.2091206111634
Karate,Global,25.4916666666667,-40.3841206111634
Karate,Global,25.55,-40.5591206111634
Karate,Global,25.6083333333333,-40.7341206111634
Karate,Global,25.6666666666667,-40.9091206111634
Karate,Global,25.725,-41.0841206111634
Karate,Global,25.7833333333333,-41.2591206111634
Karate,Global,25.8416666666667,-41.4341206111633
Karate,Global,25.9,-41.6091206111633
Karate,Global,25.9583333333333,-41.7841206111634
Karate,Global,26.0166666666667,-41.9591206111633
Karate,Global,26.075,-42.1341206111634
Karate,Global,26.1333333333333,-42.3091206111633
Karate,Global,26.1916666666667,-42.4841206111634
Karate,Global,26.25,-42.6591206111634
Karate,Global,26.3083333333333,-42.8341206111634
Karate,Global,26.3666666666667,-43.0091206111634
Karate,Global,26.425,-43.1841206111634
Karate,Global,26.4833333333333,-43.3591206111634
Karate,Global,26.5416666666667,-43.5341206111634
Karate,Global,26.6,-43.7091206111634
Karate,Global,26.6583333333333,-43.8841206111634
Karate,Global,26.7166666666667,-44.0591206111633
Karate,Global,26.775,-44.2341206111633
Karate,Global,26.8333333333333,-44.4091206111634
Karate,Global,26.8916666666667,-44.5841206111633
Karate,Global,26.95,-44.7591206111634
Karate,Global,27.0083333333333,-44.9341206111633
Karate,Global,27.0666666666667,-45.1091206111634
Karate,Global,27.125,-45.2841206111634
Karate,Global,27.1833333333333,-45.4591206111634
Karate,Global,27.2416666666667,-45.6341206111634
Karate,Global,27.3,-45.8091206111634
Karate,Global,27.3583333333333,-45.9841206111634
Karate,Global,27.4166666666667,-46.1591206111634
Karate,Global,27.475,-46.3341206111634
Karate,Global,27.5333333333333,-46.5091206111634
Karate,Global,27.5916666666667,-46.6841206111633
Karate,Global,27.65,-46.8591206111633
Karate,Global,27.7083333333333,-47.0341206111634
Karate,Global,27.7666666666667,-47.2091206111633
Karate,Global,27.825,-47.3841206111634
Karate,Global,27.8833333333333,-47.5591206111633
Karate,Global,27.9416666666667,-47.7341206111634
Karate,Global,28,-47.9091206111634
Karate,Global,28.0583333333333,-48.0841206111634
Karate,Global,28.1166666666667,-48.2591206111634
Karate,Global,28.175,-48.4341206111633
Karate,Global,28.2333333333333,-48.6091206111634
Karate,Global,28.2916666666667,-48.7841206111634
Karate,Global,28.35,-48.9591206111634
Karate,Global,28.4083333333333,-49.1341206111634
Karate,Global,28.4666666666667,-49.3091206111633
Karate,Global,28.525,-49.4841206111633
Karate,Global,28.5833333333333,-49.6591206111634
Karate,Global,28.6416666666667,-49.8341206111633
Karate,Global,28.7,-50.0091206111634
Karate,Global,28.7583333333333,-50.1841206111633
Karate,Global,28.8166666666667,-50.3591206111634
Karate,Global,28.875,-50.5341206111634
Karate,Global,28.9333333333333,-50.7091206111634
Karate,Global,28.9916666666667,-50.8841206111634
Karate,Global,29.05,-51.0591206111633
Karate,Global,29.1083333333333,-51.2341206111634
Karate,Global,29.1666666666667,-51.4091206111634
Karate,Global,29.225,-51.5841206111634
Karate,Global,29.2833333333333,-51.7591206111634
Karate,Global,29.3416666666667,-51.9341206111633
Karate,Global,29.4,-52.1091206111633
Karate,Global,29.4583333333333,-52.2841206111634
Karate,Global,29.5166666666667,-52.4591206111633
Karate,Global,29.575,-52.6341206111634
Karate,Global,29.6333333333333,-52.8091206111633
Karate,Global,29.6916666666667,-52.9841206111634
Karate,Global,29.75,-53.1591206111634
Karate,Global,29.8083333333333,-53.3341206111634
Karate,Global,29.8666666666667,-53.5091206111634
Karate,Global,29.925,-53.6841206111633
Karate,Global,29.9833333333333,-53.8591206111634
Karate,Global,30.0416666666667,-54.0341206111634
Karate,Global,30.1,-54.2091206111634
Karate,Global,30.1583333333333,-54.3841206111634
Karate,Global,30.2166666666667,-54.5591206111633
Karate,Global,30.275,-54.7341206111633
Karate,Global,30.3333333333333,-54.9091206111634
Karate,Global,30.3916666666667,-55.0841206111633
Karate,Global,30.45,-55.2591206111634
Karate,Global,30.5083333333333,-55.4341206111633
Karate,Global,30.5666666666667,-55.6091206111634
Karate,Global,30.625,-55.7841206111634
Karate,Global,30.6833333333333,-55.9591206111633
Karate,Global,30.7416666666667,-56.1341206111634
Karate,Global,30.8,-56.3091206111633
Karate,Global,30.8583333333333,-56.4841206111634
Karate,Global,30.9166666666667,-56.6591206111634
Karate,Global,30.975,-56.8341206111634
Karate,Global,31.0333333333333,-57.0091206111634
Karate,Global,31.0916666666667,-57.1841206111633
Karate,Global,31.15,-57.3591206111633
Karate,Global,31.2083333333333,-57.5341206111634
Karate,Global,31.2666666666667,-57.7091206111633
Karate,Global,31.325,-57.8841206111634
Karate,Global,31.3833333333333,-58.0591206111633
Karate,Global,31.4416666666667,-58.2341206111634
Karate,Global,31.5,-58.4091206111634
Karate,Global,31.5583333333333,-58.5841206111633
Karate,Global,31.6166666666667,-58.7591206111634
Karate,Global,31.675,-58.9341206111633
Karate,Global,31.7333333333333,-59.1091206111634
Karate,Global,31.7916666666667,-59.2841206111634
Karate,Global,31.85,-59.4591206111634
Karate,Global,31.9083333333333,-59.6341206111634
Karate,Global,31.9666666666667,-59.8091206111633
Karate,Global,32.025,-59.9841206111633
Karate,Global,32.0833333333333,-60.1591206111634
Karate,Global,32.1416666666667,-60.3341206111633
Karate,Global,32.2,-60.5091206111634
Karate,Global,32.2583333333333,-60.6841206111633
Karate,Global,32.3166666666667,-60.8591206111634
Karate,Global,32.375,-61.0341206111634
Karate,Global,32.4333333333333,-61.2091206111633
Karate,Global,32.4916666666667,-61.3841206111634
Karate,Global,32.55,-61.5591206111633
Karate,Global,32.6083333333333,-61.7341206111634
Karate,Global,32.6666666666667,-61.9091206111633
Karate,Global,32.725,-62.0841206111634
Karate,Global,32.7833333333333,-62.2591206111633
Karate,Global,32.8416666666667,-62.4341206111634
Karate,Global,32.9,-62.6091206111633
Karate,Global,32.9583333333333,-62.7841206111634
Karate,Global,33.0166666666667,-62.9591206111633
Karate,Global,33.075,-63.1341206111634
Karate,Global,33.1333333333333,-63.3091206111633
Karate,Global,33.1916666666667,-63.4841206111634
Karate,Global,33.25,-63.6591206111634
Karate,Global,33.3083333333333,-63.8341206111633
Karate,Global,33.3666666666667,-64.0091206111634
Karate,Global,33.425,-64.1841206111634
Karate,Global,33.4833333333333,-64.3591206111633
Karate,Global,33.5416666666667,-64.5341206111633
Karate,Global,33.6,-64.7091206111634
Karate,Global,33.6583333333333,-64.8841206111633
Karate,Global,33.7166666666667,-65.0591206111634
Karate,Global,33.775,-65.2341206111633
Karate,Global,33.8333333333333,-65.4091206111633
Karate,Global,33.8916666666667,-65.5841206111633
Karate,Global,33.95,-65.7591206111634
Karate,Global,34.0083333333333,-65.9341206111634
Karate,Global,34.0666666666667,-66.1091206111633
Karate,Global,34.125,-66.2841206111633
Karate,Global,34.1833333333333,-66.4591206111633
Karate,Global,34.2416666666667,-66.6341206111634
Karate,Global,34.3,-66.8091206111633
Karate,Global,34.3583333333333,-66.9841206111633
Karate,Global,34.4166666666667,-67.1591206111633
Karate,Global,34.475,-67.3341206111634
Karate,Global,34.5333333333333,-67.5091206111633
Karate,Global,34.5916666666667,-67.6841206111634
Karate,Global,34.65,-67.8591206111633
Karate,Global,34.7083333333333,-68.0341206111633
Karate,Global,34.7666666666667,-68.2091206111633
Karate,Global,34.825,-68.3841206111634
Karate,Global,34.8833333333333,-68.5591206111634
Karate,Global,34.9416666666667,-68.7341206111633
Karate,Global,35,-68.9091206111633
PolBK,Global,0,31.4037991900255
PolBK,Global,0.0583333333333333,31.2287991900255
PolBK,Global,0.116666666666667,31.0537991900255
PolBK,Global,0.175,30.8787991900255
PolBK,Global,0.233333333333333,30.7037991900255
PolBK,Global,0.291666666666667,30.5287991900255
PolBK,Global,0.35,30.3537991900255
PolBK,Global,0.408333333333333,30.1787991900255
PolBK,Global,0.466666666666667,30.0037991900255
PolBK,Global,0.525,29.8287991900255
PolBK,Global,0.583333333333333,29.6537991900255
PolBK,Global,0.641666666666667,29.4787991900255
PolBK,Global,0.7,29.3037991900255
PolBK,Global,0.758333333333333,29.1287991900255
PolBK,Global,0.816666666666667,28.9537991900255
PolBK,Global,0.875,28.7787991900255
PolBK,Global,0.933333333333333,28.6037991900255
PolBK,Global,0.991666666666667,28.4287991900255
PolBK,Global,1.05,28.2537991900255
PolBK,Global,1.10833333333333,28.0787991900255
PolBK,Global,1.16666666666667,27.9037991900255
PolBK,Global,1.225,27.7287991900255
PolBK,Global,1.28333333333333,27.5537991900255
PolBK,Global,1.34166666666667,27.3787991900255
PolBK,Global,1.4,27.2037991900255
PolBK,Global,1.45833333333333,27.0287991900255
PolBK,Global,1.51666666666667,26.8537991900255
PolBK,Global,1.575,26.6787991900255
PolBK,Global,1.63333333333333,26.5037991900255
PolBK,Global,1.69166666666667,26.3287991900255
PolBK,Global,1.75,26.1537991900255
PolBK,Global,1.80833333333333,25.9787991900255
PolBK,Global,1.86666666666667,25.8037991900255
PolBK,Global,1.925,25.6287991900255
PolBK,Global,1.98333333333333,25.4537991900255
PolBK,Global,2.04166666666667,25.2787991900255
PolBK,Global,2.1,25.1037991900255
PolBK,Global,2.15833333333333,24.9287991900255
PolBK,Global,2.21666666666667,24.7537991900255
PolBK,Global,2.275,24.5787991900255
PolBK,Global,2.33333333333333,24.4037991900255
PolBK,Global,2.39166666666667,24.2287991900255
PolBK,Global,2.45,24.0537991900255
PolBK,Global,2.50833333333333,23.8787991900255
PolBK,Global,2.56666666666667,23.7037991900255
PolBK,Global,2.625,23.5287991900255
PolBK,Global,2.68333333333333,23.3537991900255
PolBK,Global,2.74166666666667,23.1787991900255
PolBK,Global,2.8,23.0037991900255
PolBK,Global,2.85833333333333,22.8287991900255
PolBK,Global,2.91666666666667,22.6537991900255
PolBK,Global,2.975,22.4787991900255
PolBK,Global,3.03333333333333,22.3037991900255
PolBK,Global,3.09166666666667,22.1287991900255
PolBK,Global,3.15,21.9537991900255
PolBK,Global,3.20833333333333,21.7787991900255
PolBK,Global,3.26666666666667,21.6037991900255
PolBK,Global,3.325,21.4287991900255
PolBK,Global,3.38333333333333,21.2537991900255
PolBK,Global,3.44166666666667,21.0787991900255
PolBK,Global,3.5,20.9037991900255
PolBK,Global,3.55833333333333,20.7287991900255
PolBK,Global,3.61666666666667,20.5537991900255
PolBK,Global,3.675,20.3787991900255
PolBK,Global,3.73333333333333,20.2037991900255
PolBK,Global,3.79166666666667,20.0287991900255
PolBK,Global,3.85,19.8537991900255
PolBK,Global,3.90833333333333,19.6787991900255
PolBK,Global,3.96666666666667,19.5037991900255
PolBK,Global,4.025,19.3287991900255
PolBK,Global,4.08333333333333,19.1537991900255
PolBK,Global,4.14166666666667,18.9787991900255
PolBK,Global,4.2,18.8037991900255
PolBK,Global,4.25833333333333,18.6287991900255
PolBK,Global,4.31666666666667,18.4537991900255
PolBK,Global,4.375,18.2787991900255
PolBK,Global,4.43333333333333,18.1037991900255
PolBK,Global,4.49166666666667,17.9287991900255
PolBK,Global,4.55,17.7537991900255
PolBK,Global,4.60833333333333,17.5787991900255
PolBK,Global,4.66666666666667,17.4037991900255
PolBK,Global,4.725,17.2287991900255
PolBK,Global,4.78333333333333,17.0537991900255
PolBK,Global,4.84166666666667,16.8787991900255
PolBK,Global,4.9,16.7037991900255
PolBK,Global,4.95833333333333,16.5287991900255
PolBK,Global,5.01666666666667,16.3537991900255
PolBK,Global,5.075,16.1787991900255
PolBK,Global,5.13333333333333,16.0037991900255
PolBK,Global,5.19166666666667,15.8287991900255
PolBK,Global,5.25,15.6537991900255
PolBK,Global,5.30833333333333,15.4787991900255
PolBK,Global,5.36666666666667,15.3037991900255
PolBK,Global,5.425,15.1287991900255
PolBK,Global,5.48333333333333,14.9537991900255
PolBK,Global,5.54166666666667,14.7787991900255
PolBK,Global,5.6,14.6037991900255
PolBK,Global,5.65833333333333,14.4287991900255
PolBK,Global,5.71666666666667,14.2537991900255
PolBK,Global,5.775,14.0787991900255
PolBK,Global,5.83333333333333,13.9037991900255
PolBK,Global,5.89166666666667,13.7287991900255
PolBK,Global,5.95,13.5537991900255
PolBK,Global,6.00833333333333,13.3787991900255
PolBK,Global,6.06666666666667,13.2037991900255
PolBK,Global,6.125,13.0287991900255
PolBK,Global,6.18333333333333,12.8537991900255
PolBK,Global,6.24166666666667,12.6787991900255
PolBK,Global,6.3,12.5037991900255
PolBK,Global,6.35833333333333,12.3287991900255
PolBK,Global,6.41666666666667,12.1537991900255
PolBK,Global,6.475,11.9787991900255
PolBK,Global,6.53333333333333,11.8037991900255
PolBK,Global,6.59166666666667,11.6287991900255
PolBK,Global,6.65,11.4537991900255
PolBK,Global,6.70833333333333,11.2787991900255
PolBK,Global,6.76666666666667,11.1037991900255
PolBK,Global,6.825,10.9287991900255
PolBK,Global,6.88333333333333,10.7537991900255
PolBK,Global,6.94166666666667,10.5787991900255
PolBK,Global,7,10.4037991900255
PolBK,Global,7.05833333333333,10.2287991900255
PolBK,Global,7.11666666666667,10.0537991900255
PolBK,Global,7.175,9.87879919002555
PolBK,Global,7.23333333333333,9.70379919002555
PolBK,Global,7.29166666666667,9.52879919002555
PolBK,Global,7.35,9.35379919002555
PolBK,Global,7.40833333333333,9.17879919002555
PolBK,Global,7.46666666666667,9.00379919002555
PolBK,Global,7.525,8.82879919002555
PolBK,Global,7.58333333333333,8.65379919002555
PolBK,Global,7.64166666666667,8.47879919002555
PolBK,Global,7.7,8.30379919002555
PolBK,Global,7.75833333333333,8.12879919002555
PolBK,Global,7.81666666666667,7.95379919002555
PolBK,Global,7.875,7.77879919002555
PolBK,Global,7.93333333333333,7.60379919002555
PolBK,Global,7.99166666666667,7.42879919002555
PolBK,Global,8.05,7.25379919002555
PolBK,Global,8.10833333333333,7.07879919002555
PolBK,Global,8.16666666666667,6.90379919002555
PolBK,Global,8.225,6.72879919002555
PolBK,Global,8.28333333333333,6.55379919002555
PolBK,Global,8.34166666666667,6.37879919002555
PolBK,Global,8.4,6.20379919002555
PolBK,Global,8.45833333333333,6.02879919002555
PolBK,Global,8.51666666666667,5.85379919002554
PolBK,Global,8.575,5.67879919002555
PolBK,Global,8.63333333333333,5.50379919002555
PolBK,Global,8.69166666666667,5.32879919002555
PolBK,Global,8.75,5.15379919002555
PolBK,Global,8.80833333333333,4.97879919002555
PolBK,Global,8.86666666666667,4.80379919002555
PolBK,Global,8.925,4.62879919002555
PolBK,Global,8.98333333333333,4.45379919002555
PolBK,Global,9.04166666666667,4.27879919002555
PolBK,Global,9.1,4.10379919002555
PolBK,Global,9.15833333333333,3.92879919002555
PolBK,Global,9.21666666666667,3.75379919002555
PolBK,Global,9.275,3.57879919002555
PolBK,Global,9.33333333333333,3.40379919002555
PolBK,Global,9.39166666666667,3.22879919002554
PolBK,Global,9.45,3.05379919002555
PolBK,Global,9.50833333333333,2.87879919002555
PolBK,Global,9.56666666666667,2.70379919002555
PolBK,Global,9.625,2.52879919002555
PolBK,Global,9.68333333333333,2.35379919002555
PolBK,Global,9.74166666666667,2.17879919002555
PolBK,Global,9.8,2.00379919002555
PolBK,Global,9.85833333333333,1.82879919002555
PolBK,Global,9.91666666666667,1.65379919002555
PolBK,Global,9.975,1.47879919002555
PolBK,Global,10.0333333333333,1.30379919002555
PolBK,Global,10.0916666666667,1.12879919002555
PolBK,Global,10.15,0.953799190025547
PolBK,Global,10.2083333333333,0.778799190025547
PolBK,Global,10.2666666666667,0.603799190025542
PolBK,Global,10.325,0.428799190025547
PolBK,Global,10.3833333333333,0.253799190025547
PolBK,Global,10.4416666666667,0.0787991900255466
PolBK,Global,10.4679330633418,0
PolBK,Global,10.5,-0.0962008099744534
PolBK,Global,10.5583333333333,-0.271200809974453
PolBK,Global,10.6166666666667,-0.446200809974453
PolBK,Global,10.675,-0.621200809974453
PolBK,Global,10.7333333333333,-0.796200809974449
PolBK,Global,10.7916666666667,-0.971200809974453
PolBK,Global,10.85,-1.14620080997445
PolBK,Global,10.9083333333333,-1.32120080997445
PolBK,Global,10.9666666666667,-1.49620080997445
PolBK,Global,11.025,-1.67120080997445
PolBK,Global,11.0833333333333,-1.84620080997445
PolBK,Global,11.1416666666667,-2.02120080997446
PolBK,Global,11.2,-2.19620080997445
PolBK,Global,11.2583333333333,-2.37120080997445
PolBK,Global,11.3166666666667,-2.54620080997445
PolBK,Global,11.375,-2.72120080997445
PolBK,Global,11.4333333333333,-2.89620080997445
PolBK,Global,11.4916666666667,-3.07120080997445
PolBK,Global,11.55,-3.24620080997445
PolBK,Global,11.6083333333333,-3.42120080997445
PolBK,Global,11.6666666666667,-3.59620080997445
PolBK,Global,11.725,-3.77120080997445
PolBK,Global,11.7833333333333,-3.94620080997445
PolBK,Global,11.8416666666667,-4.12120080997445
PolBK,Global,11.9,-4.29620080997445
PolBK,Global,11.9583333333333,-4.47120080997445
PolBK,Global,12.0166666666667,-4.64620080997446
PolBK,Global,12.075,-4.82120080997445
PolBK,Global,12.1333333333333,-4.99620080997445
PolBK,Global,12.1916666666667,-5.17120080997445
PolBK,Global,12.25,-5.34620080997445
PolBK,Global,12.3083333333333,-5.52120080997445
PolBK,Global,12.3666666666667,-5.69620080997445
PolBK,Global,12.425,-5.87120080997445
PolBK,Global,12.4833333333333,-6.04620080997445
PolBK,Global,12.5416666666667,-6.22120080997445
PolBK,Global,12.6,-6.39620080997445
PolBK,Global,12.6583333333333,-6.57120080997445
PolBK,Global,12.7166666666667,-6.74620080997445
PolBK,Global,12.775,-6.92120080997445
PolBK,Global,12.8333333333333,-7.09620080997445
PolBK,Global,12.8916666666667,-7.27120080997446
PolBK,Global,12.95,-7.44620080997445
PolBK,Global,13.0083333333333,-7.62120080997445
PolBK,Global,13.0666666666667,-7.79620080997445
PolBK,Global,13.125,-7.97120080997445
PolBK,Global,13.1833333333333,-8.14620080997445
PolBK,Global,13.2416666666667,-8.32120080997445
PolBK,Global,13.3,-8.49620080997445
PolBK,Global,13.3583333333333,-8.67120080997445
PolBK,Global,13.4166666666667,-8.84620080997445
PolBK,Global,13.475,-9.02120080997445
PolBK,Global,13.5333333333333,-9.19620080997445
PolBK,Global,13.5916666666667,-9.37120080997445
PolBK,Global,13.65,-9.54620080997445
PolBK,Global,13.7083333333333,-9.72120080997445
PolBK,Global,13.7666666666667,-9.89620080997445
PolBK,Global,13.825,-10.0712008099745
PolBK,Global,13.8833333333333,-10.2462008099745
PolBK,Global,13.9416666666667,-10.4212008099745
PolBK,Global,14,-10.5962008099745
PolBK,Global,14.0583333333333,-10.7712008099745
PolBK,Global,14.1166666666667,-10.9462008099745
PolBK,Global,14.175,-11.1212008099745
PolBK,Global,14.2333333333333,-11.2962008099745
PolBK,Global,14.2916666666667,-11.4712008099745
PolBK,Global,14.35,-11.6462008099745
PolBK,Global,14.4083333333333,-11.8212008099745
PolBK,Global,14.4666666666667,-11.9962008099745
PolBK,Global,14.525,-12.1712008099745
PolBK,Global,14.5833333333333,-12.3462008099745
PolBK,Global,14.6416666666667,-12.5212008099745
PolBK,Global,14.7,-12.6962008099745
PolBK,Global,14.7583333333333,-12.8712008099745
PolBK,Global,14.8166666666667,-13.0462008099745
PolBK,Global,14.875,-13.2212008099745
PolBK,Global,14.9333333333333,-13.3962008099745
PolBK,Global,14.9916666666667,-13.5712008099745
PolBK,Global,15.05,-13.7462008099745
PolBK,Global,15.1083333333333,-13.9212008099745
PolBK,Global,15.1666666666667,-14.0962008099745
PolBK,Global,15.225,-14.2712008099745
PolBK,Global,15.2833333333333,-14.4462008099745
PolBK,Global,15.3416666666667,-14.6212008099745
PolBK,Global,15.4,-14.7962008099745
PolBK,Global,15.4583333333333,-14.9712008099745
PolBK,Global,15.5166666666667,-15.1462008099745
PolBK,Global,15.575,-15.3212008099745
PolBK,Global,15.6333333333333,-15.4962008099745
PolBK,Global,15.6916666666667,-15.6712008099745
PolBK,Global,15.75,-15.8462008099745
PolBK,Global,15.8083333333333,-16.0212008099745
PolBK,Global,15.8666666666667,-16.1962008099745
PolBK,Global,15.925,-16.3712008099745
PolBK,Global,15.9833333333333,-16.5462008099745
PolBK,Global,16.0416666666667,-16.7212008099745
PolBK,Global,16.1,-16.8962008099745
PolBK,Global,16.1583333333333,-17.0712008099745
PolBK,Global,16.2166666666667,-17.2462008099744
PolBK,Global,16.275,-17.4212008099745
PolBK,Global,16.3333333333333,-17.5962008099745
PolBK,Global,16.3916666666667,-17.7712008099745
PolBK,Global,16.45,-17.9462008099745
PolBK,Global,16.5083333333333,-18.1212008099745
PolBK,Global,16.5666666666667,-18.2962008099745
PolBK,Global,16.625,-18.4712008099745
PolBK,Global,16.6833333333333,-18.6462008099745
PolBK,Global,16.7416666666667,-18.8212008099745
PolBK,Global,16.8,-18.9962008099745
PolBK,Global,16.8583333333333,-19.1712008099745
PolBK,Global,16.9166666666667,-19.3462008099745
PolBK,Global,16.975,-19.5212008099745
PolBK,Global,17.0333333333333,-19.6962008099745
PolBK,Global,17.0916666666667,-19.8712008099744
PolBK,Global,17.15,-20.0462008099745
PolBK,Global,17.2083333333333,-20.2212008099745
PolBK,Global,17.2666666666667,-20.3962008099745
PolBK,Global,17.325,-20.5712008099745
PolBK,Global,17.3833333333333,-20.7462008099745
PolBK,Global,17.4416666666667,-20.9212008099745
PolBK,Global,17.5,-21.0962008099745
PolBK,Global,17.5583333333333,-21.2712008099745
PolBK,Global,17.6166666666667,-21.4462008099745
PolBK,Global,17.675,-21.6212008099745
PolBK,Global,17.7333333333333,-21.7962008099745
PolBK,Global,17.7916666666667,-21.9712008099745
PolBK,Global,17.85,-22.1462008099745
PolBK,Global,17.9083333333333,-22.3212008099745
PolBK,Global,17.9666666666667,-22.4962008099744
PolBK,Global,18.025,-22.6712008099745
PolBK,Global,18.0833333333333,-22.8462008099745
PolBK,Global,18.1416666666667,-23.0212008099745
PolBK,Global,18.2,-23.1962008099745
PolBK,Global,18.2583333333333,-23.3712008099745
PolBK,Global,18.3166666666667,-23.5462008099745
PolBK,Global,18.375,-23.7212008099745
PolBK,Global,18.4333333333333,-23.8962008099745
PolBK,Global,18.4916666666667,-24.0712008099745
PolBK,Global,18.55,-24.2462008099745
PolBK,Global,18.6083333333333,-24.4212008099745
PolBK,Global,18.6666666666667,-24.5962008099745
PolBK,Global,18.725,-24.7712008099745
PolBK,Global,18.7833333333333,-24.9462008099745
PolBK,Global,18.8416666666667,-25.1212008099744
PolBK,Global,18.9,-25.2962008099745
PolBK,Global,18.9583333333333,-25.4712008099745
PolBK,Global,19.0166666666667,-25.6462008099745
PolBK,Global,19.075,-25.8212008099745
PolBK,Global,19.1333333333333,-25.9962008099745
PolBK,Global,19.1916666666667,-26.1712008099745
PolBK,Global,19.25,-26.3462008099745
PolBK,Global,19.3083333333333,-26.5212008099745
PolBK,Global,19.3666666666667,-26.6962008099745
PolBK,Global,19.425,-26.8712008099745
PolBK,Global,19.4833333333333,-27.0462008099745
PolBK,Global,19.5416666666667,-27.2212008099745
PolBK,Global,19.6,-27.3962008099745
PolBK,Global,19.6583333333333,-27.5712008099745
PolBK,Global,19.7166666666667,-27.7462008099744
PolBK,Global,19.775,-27.9212008099745
PolBK,Global,19.8333333333333,-28.0962008099745
PolBK,Global,19.8916666666667,-28.2712008099745
PolBK,Global,19.95,-28.4462008099745
PolBK,Global,20.0083333333333,-28.6212008099745
PolBK,Global,20.0666666666667,-28.7962008099745
PolBK,Global,20.125,-28.9712008099745
PolBK,Global,20.1833333333333,-29.1462008099745
PolBK,Global,20.2416666666667,-29.3212008099745
PolBK,Global,20.3,-29.4962008099745
PolBK,Global,20.3583333333333,-29.6712008099745
PolBK,Global,20.4166666666667,-29.8462008099745
PolBK,Global,20.475,-30.0212008099745
PolBK,Global,20.5333333333333,-30.1962008099745
PolBK,Global,20.5916666666667,-30.3712008099744
PolBK,Global,20.65,-30.5462008099745
PolBK,Global,20.7083333333333,-30.7212008099745
PolBK,Global,20.7666666666667,-30.8962008099745
PolBK,Global,20.825,-31.0712008099745
PolBK,Global,20.8833333333333,-31.2462008099745
PolBK,Global,20.9416666666667,-31.4212008099745
PolBK,Global,21,-31.5962008099745
PolBK,Global,21.0583333333333,-31.7712008099745
PolBK,Global,21.1166666666667,-31.9462008099745
PolBK,Global,21.175,-32.1212008099745
PolBK,Global,21.2333333333333,-32.2962008099745
PolBK,Global,21.2916666666667,-32.4712008099745
PolBK,Global,21.35,-32.6462008099745
PolBK,Global,21.4083333333333,-32.8212008099745
PolBK,Global,21.4666666666667,-32.9962008099744
PolBK,Global,21.525,-33.1712008099745
PolBK,Global,21.5833333333333,-33.3462008099745
PolBK,Global,21.6416666666667,-33.5212008099745
PolBK,Global,21.7,-33.6962008099745
PolBK,Global,21.7583333333333,-33.8712008099745
PolBK,Global,21.8166666666667,-34.0462008099745
PolBK,Global,21.875,-34.2212008099745
PolBK,Global,21.9333333333333,-34.3962008099745
PolBK,Global,21.9916666666667,-34.5712008099745
PolBK,Global,22.05,-34.7462008099745
PolBK,Global,22.1083333333333,-34.9212008099745
PolBK,Global,22.1666666666667,-35.0962008099745
PolBK,Global,22.225,-35.2712008099745
PolBK,Global,22.2833333333333,-35.4462008099745
PolBK,Global,22.3416666666667,-35.6212008099744
PolBK,Global,22.4,-35.7962008099745
PolBK,Global,22.4583333333333,-35.9712008099745
PolBK,Global,22.5166666666667,-36.1462008099745
PolBK,Global,22.575,-36.3212008099745
PolBK,Global,22.6333333333333,-36.4962008099745
PolBK,Global,22.6916666666667,-36.6712008099745
PolBK,Global,22.75,-36.8462008099745
PolBK,Global,22.8083333333333,-37.0212008099745
PolBK,Global,22.8666666666667,-37.1962008099745
PolBK,Global,22.925,-37.3712008099745
PolBK,Global,22.9833333333333,-37.5462008099745
PolBK,Global,23.0416666666667,-37.7212008099745
PolBK,Global,23.1,-37.8962008099745
PolBK,Global,23.1583333333333,-38.0712008099745
PolBK,Global,23.2166666666667,-38.2462008099744
PolBK,Global,23.275,-38.4212008099745
PolBK,Global,23.3333333333333,-38.5962008099745
PolBK,Global,23.3916666666667,-38.7712008099745
PolBK,Global,23.45,-38.9462008099745
PolBK,Global,23.5083333333333,-39.1212008099745
PolBK,Global,23.5666666666667,-39.2962008099745
PolBK,Global,23.625,-39.4712008099745
PolBK,Global,23.6833333333333,-39.6462008099745
PolBK,Global,23.7416666666667,-39.8212008099745
PolBK,Global,23.8,-39.9962008099745
PolBK,Global,23.8583333333333,-40.1712008099745
PolBK,Global,23.9166666666667,-40.3462008099745
PolBK,Global,23.975,-40.5212008099745
PolBK,Global,24.0333333333333,-40.6962008099745
PolBK,Global,24.0916666666667,-40.8712008099744
PolBK,Global,24.15,-41.0462008099745
PolBK,Global,24.2083333333333,-41.2212008099745
PolBK,Global,24.2666666666667,-41.3962008099745
PolBK,Global,24.325,-41.5712008099745
PolBK,Global,24.3833333333333,-41.7462008099745
PolBK,Global,24.4416666666667,-41.9212008099745
PolBK,Global,24.5,-42.0962008099745
PolBK,Global,24.5583333333333,-42.2712008099745
PolBK,Global,24.6166666666667,-42.4462008099745
PolBK,Global,24.675,-42.6212008099745
PolBK,Global,24.7333333333333,-42.7962008099745
PolBK,Global,24.7916666666667,-42.9712008099745
PolBK,Global,24.85,-43.1462008099745
PolBK,Global,24.9083333333333,-43.3212008099745
PolBK,Global,24.9666666666667,-43.4962008099744
PolBK,Global,25.025,-43.6712008099745
PolBK,Global,25.0833333333333,-43.8462008099745
PolBK,Global,25.1416666666667,-44.0212008099745
PolBK,Global,25.2,-44.1962008099745
PolBK,Global,25.2583333333333,-44.3712008099745
PolBK,Global,25.3166666666667,-44.5462008099745
PolBK,Global,25.375,-44.7212008099745
PolBK,Global,25.4333333333333,-44.8962008099745
PolBK,Global,25.4916666666667,-45.0712008099745
PolBK,Global,25.55,-45.2462008099745
PolBK,Global,25.6083333333333,-45.4212008099745
PolBK,Global,25.6666666666667,-45.5962008099745
PolBK,Global,25.725,-45.7712008099745
PolBK,Global,25.7833333333333,-45.9462008099745
PolBK,Global,25.8416666666667,-46.1212008099744
PolBK,Global,25.9,-46.2962008099745
PolBK,Global,25.9583333333333,-46.4712008099745
PolBK,Global,26.0166666666667,-46.6462008099745
PolBK,Global,26.075,-46.8212008099745
PolBK,Global,26.1333333333333,-46.9962008099745
PolBK,Global,26.1916666666667,-47.1712008099745
PolBK,Global,26.25,-47.3462008099745
PolBK,Global,26.3083333333333,-47.5212008099745
PolBK,Global,26.3666666666667,-47.6962008099745
PolBK,Global,26.425,-47.8712008099745
PolBK,Global,26.4833333333333,-48.0462008099745
PolBK,Global,26.5416666666667,-48.2212008099745
PolBK,Global,26.6,-48.3962008099745
PolBK,Global,26.6583333333333,-48.5712008099745
PolBK,Global,26.7166666666667,-48.7462008099745
PolBK,Global,26.775,-48.9212008099745
PolBK,Global,26.8333333333333,-49.0962008099745
PolBK,Global,26.8916666666667,-49.2712008099745
PolBK,Global,26.95,-49.4462008099745
PolBK,Global,27.0083333333333,-49.6212008099745
PolBK,Global,27.0666666666667,-49.7962008099745
PolBK,Global,27.125,-49.9712008099745
PolBK,Global,27.1833333333333,-50.1462008099745
PolBK,Global,27.2416666666667,-50.3212008099745
PolBK,Global,27.3,-50.4962008099745
PolBK,Global,27.3583333333333,-50.6712008099745
PolBK,Global,27.4166666666667,-50.8462008099745
PolBK,Global,27.475,-51.0212008099745
PolBK,Global,27.5333333333333,-51.1962008099745
PolBK,Global,27.5916666666667,-51.3712008099745
PolBK,Global,27.65,-51.5462008099745
PolBK,Global,27.7083333333333,-51.7212008099745
PolBK,Global,27.7666666666667,-51.8962008099745
PolBK,Global,27.825,-52.0712008099745
PolBK,Global,27.8833333333333,-52.2462008099745
PolBK,Global,27.9416666666667,-52.4212008099745
PolBK,Global,28,-52.5962008099745
PolBK,Global,28.0583333333333,-52.7712008099745
PolBK,Global,28.1166666666667,-52.9462008099745
PolBK,Global,28.175,-53.1212008099745
PolBK,Global,28.2333333333333,-53.2962008099745
PolBK,Global,28.2916666666667,-53.4712008099745
PolBK,Global,28.35,-53.6462008099745
PolBK,Global,28.4083333333333,-53.8212008099745
PolBK,Global,28.4666666666667,-53.9962008099745
PolBK,Global,28.525,-54.1712008099745
PolBK,Global,28.5833333333333,-54.3462008099745
PolBK,Global,28.6416666666667,-54.5212008099745
PolBK,Global,28.7,-54.6962008099745
PolBK,Global,28.7583333333333,-54.8712008099745
PolBK,Global,28.8166666666667,-55.0462008099745
PolBK,Global,28.875,-55.2212008099745
PolBK,Global,28.9333333333333,-55.3962008099745
PolBK,Global,28.9916666666667,-55.5712008099745
PolBK,Global,29.05,-55.7462008099745
PolBK,Global,29.1083333333333,-55.9212008099745
PolBK,Global,29.1666666666667,-56.0962008099745
PolBK,Global,29.225,-56.2712008099745
PolBK,Global,29.2833333333333,-56.4462008099745
PolBK,Global,29.3416666666667,-56.6212008099745
PolBK,Global,29.4,-56.7962008099745
PolBK,Global,29.4583333333333,-56.9712008099745
PolBK,Global,29.5166666666667,-57.1462008099745
PolBK,Global,29.575,-57.3212008099745
PolBK,Global,29.6333333333333,-57.4962008099745
PolBK,Global,29.6916666666667,-57.6712008099745
PolBK,Global,29.75,-57.8462008099745
PolBK,Global,29.8083333333333,-58.0212008099745
PolBK,Global,29.8666666666667,-58.1962008099745
PolBK,Global,29.925,-58.3712008099745
PolBK,Global,29.9833333333333,-58.5462008099745
PolBK,Global,30.0416666666667,-58.7212008099745
PolBK,Global,30.1,-58.8962008099745
PolBK,Global,30.1583333333333,-59.0712008099745
PolBK,Global,30.2166666666667,-59.2462008099745
PolBK,Global,30.275,-59.4212008099745
PolBK,Global,30.3333333333333,-59.5962008099745
PolBK,Global,30.3916666666667,-59.7712008099745
PolBK,Global,30.45,-59.9462008099745
PolBK,Global,30.5083333333333,-60.1212008099745
PolBK,Global,30.5666666666667,-60.2962008099745
PolBK,Global,30.625,-60.4712008099745
PolBK,Global,30.6833333333333,-60.6462008099745
PolBK,Global,30.7416666666667,-60.8212008099745
PolBK,Global,30.8,-60.9962008099745
PolBK,Global,30.8583333333333,-61.1712008099745
PolBK,Global,30.9166666666667,-61.3462008099745
PolBK,Global,30.975,-61.5212008099745
PolBK,Global,31.0333333333333,-61.6962008099745
PolBK,Global,31.0916666666667,-61.8712008099745
PolBK,Global,31.15,-62.0462008099745
PolBK,Global,31.2083333333333,-62.2212008099745
PolBK,Global,31.2666666666667,-62.3962008099745
PolBK,Global,31.325,-62.5712008099745
PolBK,Global,31.3833333333333,-62.7462008099745
PolBK,Global,31.4416666666667,-62.9212008099745
PolBK,Global,31.5,-63.0962008099745
PolBK,Global,31.5583333333333,-63.2712008099745
PolBK,Global,31.6166666666667,-63.4462008099745
PolBK,Global,31.675,-63.6212008099745
PolBK,Global,31.7333333333333,-63.7962008099745
PolBK,Global,31.7916666666667,-63.9712008099745
PolBK,Global,31.85,-64.1462008099745
PolBK,Global,31.9083333333333,-64.3212008099745
PolBK,Global,31.9666666666667,-64.4962008099745
PolBK,Global,32.025,-64.6712008099745
PolBK,Global,32.0833333333333,-64.8462008099744
PolBK,Global,32.1416666666667,-65.0212008099745
PolBK,Global,32.2,-65.1962008099745
PolBK,Global,32.2583333333333,-65.3712008099745
PolBK,Global,32.3166666666667,-65.5462008099745
PolBK,Global,32.375,-65.7212008099744
PolBK,Global,32.4333333333333,-65.8962008099744
PolBK,Global,32.4916666666667,-66.0712008099745
PolBK,Global,32.55,-66.2462008099745
PolBK,Global,32.6083333333333,-66.4212008099745
PolBK,Global,32.6666666666667,-66.5962008099744
PolBK,Global,32.725,-66.7712008099745
PolBK,Global,32.7833333333333,-66.9462008099745
PolBK,Global,32.8416666666667,-67.1212008099745
PolBK,Global,32.9,-67.2962008099745
PolBK,Global,32.9583333333333,-67.4712008099744
PolBK,Global,33.0166666666667,-67.6462008099745
PolBK,Global,33.075,-67.8212008099745
PolBK,Global,33.1333333333333,-67.9962008099745
PolBK,Global,33.1916666666667,-68.1712008099745
PolBK,Global,33.25,-68.3462008099744
PolBK,Global,33.3083333333333,-68.5212008099744
PolBK,Global,33.3666666666667,-68.6962008099745
PolBK,Global,33.425,-68.8712008099745
PolBK,Global,33.4833333333333,-69.0462008099745
PolBK,Global,33.5416666666667,-69.2212008099744
PolBK,Global,33.6,-69.3962008099745
PolBK,Global,33.6583333333333,-69.5712008099745
PolBK,Global,33.7166666666667,-69.7462008099745
PolBK,Global,33.775,-69.9212008099745
PolBK,Global,33.8333333333333,-70.0962008099744
PolBK,Global,33.8916666666667,-70.2712008099745
PolBK,Global,33.95,-70.4462008099745
PolBK,Global,34.0083333333333,-70.6212008099745
PolBK,Global,34.0666666666667,-70.7962008099745
PolBK,Global,34.125,-70.9712008099744
PolBK,Global,34.1833333333333,-71.1462008099744
PolBK,Global,34.2416666666667,-71.3212008099745
PolBK,Global,34.3,-71.4962008099745
PolBK,Global,34.3583333333333,-71.6712008099745
PolBK,Global,34.4166666666667,-71.8462008099744
PolBK,Global,34.475,-72.0212008099745
PolBK,Global,34.5333333333333,-72.1962008099745
PolBK,Global,34.5916666666667,-72.3712008099745
PolBK,Global,34.65,-72.5462008099745
PolBK,Global,34.7083333333333,-72.7212008099744
PolBK,Global,34.7666666666667,-72.8962008099745
PolBK,Global,34.825,-73.0712008099745
PolBK,Global,34.8833333333333,-73.2462008099745
PolBK,Global,34.9416666666667,-73.4212008099745
PolBK,Global,35,-73.5962008099744
LastFM,Global,0,27.4791938121005
LastFM,Global,0.0583333333333333,27.3041938121005
LastFM,Global,0.116666666666667,27.1291938121005
LastFM,Global,0.175,26.9541938121005
LastFM,Global,0.233333333333333,26.7791938121005
LastFM,Global,0.291666666666667,26.6041938121005
LastFM,Global,0.35,26.4291938121005
LastFM,Global,0.408333333333333,26.2541938121005
LastFM,Global,0.466666666666667,26.0791938121005
LastFM,Global,0.525,25.9041938121005
LastFM,Global,0.583333333333333,25.7291938121005
LastFM,Global,0.641666666666667,25.5541938121005
LastFM,Global,0.7,25.3791938121005
LastFM,Global,0.758333333333333,25.2041938121005
LastFM,Global,0.816666666666667,25.0291938121005
LastFM,Global,0.875,24.8541938121005
LastFM,Global,0.933333333333333,24.6791938121005
LastFM,Global,0.991666666666667,24.5041938121005
LastFM,Global,1.05,24.3291938121005
LastFM,Global,1.10833333333333,24.1541938121005
LastFM,Global,1.16666666666667,23.9791938121005
LastFM,Global,1.225,23.8041938121005
LastFM,Global,1.28333333333333,23.6291938121005
LastFM,Global,1.34166666666667,23.4541938121005
LastFM,Global,1.4,23.2791938121005
LastFM,Global,1.45833333333333,23.1041938121005
LastFM,Global,1.51666666666667,22.9291938121005
LastFM,Global,1.575,22.7541938121005
LastFM,Global,1.63333333333333,22.5791938121005
LastFM,Global,1.69166666666667,22.4041938121005
LastFM,Global,1.75,22.2291938121005
LastFM,Global,1.80833333333333,22.0541938121005
LastFM,Global,1.86666666666667,21.8791938121005
LastFM,Global,1.925,21.7041938121005
LastFM,Global,1.98333333333333,21.5291938121005
LastFM,Global,2.04166666666667,21.3541938121005
LastFM,Global,2.1,21.1791938121005
LastFM,Global,2.15833333333333,21.0041938121005
LastFM,Global,2.21666666666667,20.8291938121005
LastFM,Global,2.275,20.6541938121005
LastFM,Global,2.33333333333333,20.4791938121005
LastFM,Global,2.39166666666667,20.3041938121005
LastFM,Global,2.45,20.1291938121005
LastFM,Global,2.50833333333333,19.9541938121005
LastFM,Global,2.56666666666667,19.7791938121005
LastFM,Global,2.625,19.6041938121005
LastFM,Global,2.68333333333333,19.4291938121005
LastFM,Global,2.74166666666667,19.2541938121005
LastFM,Global,2.8,19.0791938121005
LastFM,Global,2.85833333333333,18.9041938121005
LastFM,Global,2.91666666666667,18.7291938121005
LastFM,Global,2.975,18.5541938121005
LastFM,Global,3.03333333333333,18.3791938121005
LastFM,Global,3.09166666666667,18.2041938121005
LastFM,Global,3.15,18.0291938121005
LastFM,Global,3.20833333333333,17.8541938121005
LastFM,Global,3.26666666666667,17.6791938121005
LastFM,Global,3.325,17.5041938121005
LastFM,Global,3.38333333333333,17.3291938121005
LastFM,Global,3.44166666666667,17.1541938121005
LastFM,Global,3.5,16.9791938121005
LastFM,Global,3.55833333333333,16.8041938121005
LastFM,Global,3.61666666666667,16.6291938121005
LastFM,Global,3.675,16.4541938121005
LastFM,Global,3.73333333333333,16.2791938121005
LastFM,Global,3.79166666666667,16.1041938121005
LastFM,Global,3.85,15.9291938121005
LastFM,Global,3.90833333333333,15.7541938121005
LastFM,Global,3.96666666666667,15.5791938121005
LastFM,Global,4.025,15.4041938121005
LastFM,Global,4.08333333333333,15.2291938121005
LastFM,Global,4.14166666666667,15.0541938121005
LastFM,Global,4.2,14.8791938121005
LastFM,Global,4.25833333333333,14.7041938121005
LastFM,Global,4.31666666666667,14.5291938121005
LastFM,Global,4.375,14.3541938121005
LastFM,Global,4.43333333333333,14.1791938121005
LastFM,Global,4.49166666666667,14.0041938121005
LastFM,Global,4.55,13.8291938121005
LastFM,Global,4.60833333333333,13.6541938121005
LastFM,Global,4.66666666666667,13.4791938121005
LastFM,Global,4.725,13.3041938121005
LastFM,Global,4.78333333333333,13.1291938121005
LastFM,Global,4.84166666666667,12.9541938121005
LastFM,Global,4.9,12.7791938121005
LastFM,Global,4.95833333333333,12.6041938121005
LastFM,Global,5.01666666666667,12.4291938121005
LastFM,Global,5.075,12.2541938121005
LastFM,Global,5.13333333333333,12.0791938121005
LastFM,Global,5.19166666666667,11.9041938121005
LastFM,Global,5.25,11.7291938121005
LastFM,Global,5.30833333333333,11.5541938121005
LastFM,Global,5.36666666666667,11.3791938121005
LastFM,Global,5.425,11.2041938121005
LastFM,Global,5.48333333333333,11.0291938121005
LastFM,Global,5.54166666666667,10.8541938121005
LastFM,Global,5.6,10.6791938121005
LastFM,Global,5.65833333333333,10.5041938121005
LastFM,Global,5.71666666666667,10.3291938121005
LastFM,Global,5.775,10.1541938121005
LastFM,Global,5.83333333333333,9.97919381210052
LastFM,Global,5.89166666666667,9.80419381210052
LastFM,Global,5.95,9.62919381210052
LastFM,Global,6.00833333333333,9.45419381210052
LastFM,Global,6.06666666666667,9.27919381210052
LastFM,Global,6.125,9.10419381210052
LastFM,Global,6.18333333333333,8.92919381210052
LastFM,Global,6.24166666666667,8.75419381210052
LastFM,Global,6.3,8.57919381210052
LastFM,Global,6.35833333333333,8.40419381210052
LastFM,Global,6.41666666666667,8.22919381210052
LastFM,Global,6.475,8.05419381210052
LastFM,Global,6.53333333333333,7.87919381210052
LastFM,Global,6.59166666666667,7.70419381210052
LastFM,Global,6.65,7.52919381210052
LastFM,Global,6.70833333333333,7.35419381210052
LastFM,Global,6.76666666666667,7.17919381210052
LastFM,Global,6.825,7.00419381210052
LastFM,Global,6.88333333333333,6.82919381210052
LastFM,Global,6.94166666666667,6.65419381210052
LastFM,Global,7,6.47919381210052
LastFM,Global,7.05833333333333,6.30419381210052
LastFM,Global,7.11666666666667,6.12919381210052
LastFM,Global,7.175,5.95419381210052
LastFM,Global,7.23333333333333,5.77919381210052
LastFM,Global,7.29166666666667,5.60419381210052
LastFM,Global,7.35,5.42919381210052
LastFM,Global,7.40833333333333,5.25419381210052
LastFM,Global,7.46666666666667,5.07919381210052
LastFM,Global,7.525,4.90419381210052
LastFM,Global,7.58333333333333,4.72919381210052
LastFM,Global,7.64166666666667,4.55419381210052
LastFM,Global,7.7,4.37919381210052
LastFM,Global,7.75833333333333,4.20419381210052
LastFM,Global,7.81666666666667,4.02919381210052
LastFM,Global,7.875,3.85419381210052
LastFM,Global,7.93333333333333,3.67919381210052
LastFM,Global,7.99166666666667,3.50419381210052
LastFM,Global,8.05,3.32919381210052
LastFM,Global,8.10833333333333,3.15419381210052
LastFM,Global,8.16666666666667,2.97919381210052
LastFM,Global,8.225,2.80419381210052
LastFM,Global,8.28333333333333,2.62919381210052
LastFM,Global,8.34166666666667,2.45419381210052
LastFM,Global,8.4,2.27919381210052
LastFM,Global,8.45833333333333,2.10419381210052
LastFM,Global,8.51666666666667,1.92919381210052
LastFM,Global,8.575,1.75419381210052
LastFM,Global,8.63333333333333,1.57919381210052
LastFM,Global,8.69166666666667,1.40419381210052
LastFM,Global,8.75,1.22919381210052
LastFM,Global,8.80833333333333,1.05419381210052
LastFM,Global,8.86666666666667,0.879193812100517
LastFM,Global,8.925,0.704193812100519
LastFM,Global,8.98333333333333,0.529193812100521
LastFM,Global,9.04166666666667,0.35419381210052
LastFM,Global,9.1,0.179193812100522
LastFM,Global,9.15833333333333,0.00419381210052034
LastFM,Global,9.15973127070017,3.81739643976045e-15
LastFM,Global,9.21666666666667,-0.170806187899481
LastFM,Global,9.275,-0.345806187899483
LastFM,Global,9.33333333333333,-0.52080618789948
LastFM,Global,9.39166666666667,-0.695806187899482
LastFM,Global,9.45,-0.87080618789948
LastFM,Global,9.50833333333333,-1.04580618789948
LastFM,Global,9.56666666666667,-1.22080618789948
LastFM,Global,9.625,-1.39580618789948
LastFM,Global,9.68333333333333,-1.57080618789948
LastFM,Global,9.74166666666667,-1.74580618789948
LastFM,Global,9.8,-1.92080618789948
LastFM,Global,9.85833333333333,-2.09580618789948
LastFM,Global,9.91666666666667,-2.27080618789948
LastFM,Global,9.975,-2.44580618789948
LastFM,Global,10.0333333333333,-2.62080618789948
LastFM,Global,10.0916666666667,-2.79580618789948
LastFM,Global,10.15,-2.97080618789948
LastFM,Global,10.2083333333333,-3.14580618789948
LastFM,Global,10.2666666666667,-3.32080618789948
LastFM,Global,10.325,-3.49580618789948
LastFM,Global,10.3833333333333,-3.67080618789948
LastFM,Global,10.4416666666667,-3.84580618789948
LastFM,Global,10.5,-4.02080618789948
LastFM,Global,10.5583333333333,-4.19580618789948
LastFM,Global,10.6166666666667,-4.37080618789948
LastFM,Global,10.675,-4.54580618789948
LastFM,Global,10.7333333333333,-4.72080618789948
LastFM,Global,10.7916666666667,-4.89580618789948
LastFM,Global,10.85,-5.07080618789948
LastFM,Global,10.9083333333333,-5.24580618789948
LastFM,Global,10.9666666666667,-5.42080618789948
LastFM,Global,11.025,-5.59580618789948
LastFM,Global,11.0833333333333,-5.77080618789948
LastFM,Global,11.1416666666667,-5.94580618789948
LastFM,Global,11.2,-6.12080618789948
LastFM,Global,11.2583333333333,-6.29580618789948
LastFM,Global,11.3166666666667,-6.47080618789948
LastFM,Global,11.375,-6.64580618789948
LastFM,Global,11.4333333333333,-6.82080618789948
LastFM,Global,11.4916666666667,-6.99580618789948
LastFM,Global,11.55,-7.17080618789949
LastFM,Global,11.6083333333333,-7.34580618789948
LastFM,Global,11.6666666666667,-7.52080618789948
LastFM,Global,11.725,-7.69580618789948
LastFM,Global,11.7833333333333,-7.87080618789948
LastFM,Global,11.8416666666667,-8.04580618789948
LastFM,Global,11.9,-8.22080618789948
LastFM,Global,11.9583333333333,-8.39580618789948
LastFM,Global,12.0166666666667,-8.57080618789948
LastFM,Global,12.075,-8.74580618789948
LastFM,Global,12.1333333333333,-8.92080618789948
LastFM,Global,12.1916666666667,-9.09580618789948
LastFM,Global,12.25,-9.27080618789948
LastFM,Global,12.3083333333333,-9.44580618789948
LastFM,Global,12.3666666666667,-9.62080618789948
LastFM,Global,12.425,-9.79580618789949
LastFM,Global,12.4833333333333,-9.97080618789948
LastFM,Global,12.5416666666667,-10.1458061878995
LastFM,Global,12.6,-10.3208061878995
LastFM,Global,12.6583333333333,-10.4958061878995
LastFM,Global,12.7166666666667,-10.6708061878995
LastFM,Global,12.775,-10.8458061878995
LastFM,Global,12.8333333333333,-11.0208061878995
LastFM,Global,12.8916666666667,-11.1958061878995
LastFM,Global,12.95,-11.3708061878995
LastFM,Global,13.0083333333333,-11.5458061878995
LastFM,Global,13.0666666666667,-11.7208061878995
LastFM,Global,13.125,-11.8958061878995
LastFM,Global,13.1833333333333,-12.0708061878995
LastFM,Global,13.2416666666667,-12.2458061878995
LastFM,Global,13.3,-12.4208061878995
LastFM,Global,13.3583333333333,-12.5958061878995
LastFM,Global,13.4166666666667,-12.7708061878995
LastFM,Global,13.475,-12.9458061878995
LastFM,Global,13.5333333333333,-13.1208061878995
LastFM,Global,13.5916666666667,-13.2958061878995
LastFM,Global,13.65,-13.4708061878995
LastFM,Global,13.7083333333333,-13.6458061878995
LastFM,Global,13.7666666666667,-13.8208061878995
LastFM,Global,13.825,-13.9958061878995
LastFM,Global,13.8833333333333,-14.1708061878995
LastFM,Global,13.9416666666667,-14.3458061878995
LastFM,Global,14,-14.5208061878995
LastFM,Global,14.0583333333333,-14.6958061878995
LastFM,Global,14.1166666666667,-14.8708061878995
LastFM,Global,14.175,-15.0458061878995
LastFM,Global,14.2333333333333,-15.2208061878995
LastFM,Global,14.2916666666667,-15.3958061878995
LastFM,Global,14.35,-15.5708061878995
LastFM,Global,14.4083333333333,-15.7458061878995
LastFM,Global,14.4666666666667,-15.9208061878995
LastFM,Global,14.525,-16.0958061878995
LastFM,Global,14.5833333333333,-16.2708061878995
LastFM,Global,14.6416666666667,-16.4458061878995
LastFM,Global,14.7,-16.6208061878995
LastFM,Global,14.7583333333333,-16.7958061878995
LastFM,Global,14.8166666666667,-16.9708061878995
LastFM,Global,14.875,-17.1458061878995
LastFM,Global,14.9333333333333,-17.3208061878995
LastFM,Global,14.9916666666667,-17.4958061878995
LastFM,Global,15.05,-17.6708061878995
LastFM,Global,15.1083333333333,-17.8458061878995
LastFM,Global,15.1666666666667,-18.0208061878995
LastFM,Global,15.225,-18.1958061878995
LastFM,Global,15.2833333333333,-18.3708061878995
LastFM,Global,15.3416666666667,-18.5458061878995
LastFM,Global,15.4,-18.7208061878995
LastFM,Global,15.4583333333333,-18.8958061878995
LastFM,Global,15.5166666666667,-19.0708061878995
LastFM,Global,15.575,-19.2458061878995
LastFM,Global,15.6333333333333,-19.4208061878995
LastFM,Global,15.6916666666667,-19.5958061878995
LastFM,Global,15.75,-19.7708061878995
LastFM,Global,15.8083333333333,-19.9458061878995
LastFM,Global,15.8666666666667,-20.1208061878995
LastFM,Global,15.925,-20.2958061878995
LastFM,Global,15.9833333333333,-20.4708061878995
LastFM,Global,16.0416666666667,-20.6458061878995
LastFM,Global,16.1,-20.8208061878995
LastFM,Global,16.1583333333333,-20.9958061878995
LastFM,Global,16.2166666666667,-21.1708061878995
LastFM,Global,16.275,-21.3458061878995
LastFM,Global,16.3333333333333,-21.5208061878995
LastFM,Global,16.3916666666667,-21.6958061878995
LastFM,Global,16.45,-21.8708061878995
LastFM,Global,16.5083333333333,-22.0458061878995
LastFM,Global,16.5666666666667,-22.2208061878995
LastFM,Global,16.625,-22.3958061878995
LastFM,Global,16.6833333333333,-22.5708061878995
LastFM,Global,16.7416666666667,-22.7458061878995
LastFM,Global,16.8,-22.9208061878995
LastFM,Global,16.8583333333333,-23.0958061878995
LastFM,Global,16.9166666666667,-23.2708061878995
LastFM,Global,16.975,-23.4458061878995
LastFM,Global,17.0333333333333,-23.6208061878995
LastFM,Global,17.0916666666667,-23.7958061878995
LastFM,Global,17.15,-23.9708061878995
LastFM,Global,17.2083333333333,-24.1458061878995
LastFM,Global,17.2666666666667,-24.3208061878995
LastFM,Global,17.325,-24.4958061878995
LastFM,Global,17.3833333333333,-24.6708061878995
LastFM,Global,17.4416666666667,-24.8458061878995
LastFM,Global,17.5,-25.0208061878995
LastFM,Global,17.5583333333333,-25.1958061878995
LastFM,Global,17.6166666666667,-25.3708061878995
LastFM,Global,17.675,-25.5458061878995
LastFM,Global,17.7333333333333,-25.7208061878995
LastFM,Global,17.7916666666667,-25.8958061878995
LastFM,Global,17.85,-26.0708061878995
LastFM,Global,17.9083333333333,-26.2458061878995
LastFM,Global,17.9666666666667,-26.4208061878995
LastFM,Global,18.025,-26.5958061878995
LastFM,Global,18.0833333333333,-26.7708061878995
LastFM,Global,18.1416666666667,-26.9458061878995
LastFM,Global,18.2,-27.1208061878995
LastFM,Global,18.2583333333333,-27.2958061878995
LastFM,Global,18.3166666666667,-27.4708061878995
LastFM,Global,18.375,-27.6458061878995
LastFM,Global,18.4333333333333,-27.8208061878995
LastFM,Global,18.4916666666667,-27.9958061878995
LastFM,Global,18.55,-28.1708061878995
LastFM,Global,18.6083333333333,-28.3458061878995
LastFM,Global,18.6666666666667,-28.5208061878995
LastFM,Global,18.725,-28.6958061878995
LastFM,Global,18.7833333333333,-28.8708061878995
LastFM,Global,18.8416666666667,-29.0458061878995
LastFM,Global,18.9,-29.2208061878995
LastFM,Global,18.9583333333333,-29.3958061878995
LastFM,Global,19.0166666666667,-29.5708061878995
LastFM,Global,19.075,-29.7458061878995
LastFM,Global,19.1333333333333,-29.9208061878995
LastFM,Global,19.1916666666667,-30.0958061878995
LastFM,Global,19.25,-30.2708061878995
LastFM,Global,19.3083333333333,-30.4458061878995
LastFM,Global,19.3666666666667,-30.6208061878995
LastFM,Global,19.425,-30.7958061878995
LastFM,Global,19.4833333333333,-30.9708061878995
LastFM,Global,19.5416666666667,-31.1458061878995
LastFM,Global,19.6,-31.3208061878995
LastFM,Global,19.6583333333333,-31.4958061878995
LastFM,Global,19.7166666666667,-31.6708061878995
LastFM,Global,19.775,-31.8458061878995
LastFM,Global,19.8333333333333,-32.0208061878995
LastFM,Global,19.8916666666667,-32.1958061878995
LastFM,Global,19.95,-32.3708061878995
LastFM,Global,20.0083333333333,-32.5458061878995
LastFM,Global,20.0666666666667,-32.7208061878995
LastFM,Global,20.125,-32.8958061878995
LastFM,Global,20.1833333333333,-33.0708061878995
LastFM,Global,20.2416666666667,-33.2458061878995
LastFM,Global,20.3,-33.4208061878995
LastFM,Global,20.3583333333333,-33.5958061878995
LastFM,Global,20.4166666666667,-33.7708061878995
LastFM,Global,20.475,-33.9458061878995
LastFM,Global,20.5333333333333,-34.1208061878995
LastFM,Global,20.5916666666667,-34.2958061878995
LastFM,Global,20.65,-34.4708061878995
LastFM,Global,20.7083333333333,-34.6458061878995
LastFM,Global,20.7666666666667,-34.8208061878995
LastFM,Global,20.825,-34.9958061878995
LastFM,Global,20.8833333333333,-35.1708061878995
LastFM,Global,20.9416666666667,-35.3458061878995
LastFM,Global,21,-35.5208061878995
LastFM,Global,21.0583333333333,-35.6958061878995
LastFM,Global,21.1166666666667,-35.8708061878995
LastFM,Global,21.175,-36.0458061878995
LastFM,Global,21.2333333333333,-36.2208061878995
LastFM,Global,21.2916666666667,-36.3958061878995
LastFM,Global,21.35,-36.5708061878995
LastFM,Global,21.4083333333333,-36.7458061878995
LastFM,Global,21.4666666666667,-36.9208061878995
LastFM,Global,21.525,-37.0958061878995
LastFM,Global,21.5833333333333,-37.2708061878995
LastFM,Global,21.6416666666667,-37.4458061878995
LastFM,Global,21.7,-37.6208061878995
LastFM,Global,21.7583333333333,-37.7958061878995
LastFM,Global,21.8166666666667,-37.9708061878995
LastFM,Global,21.875,-38.1458061878995
LastFM,Global,21.9333333333333,-38.3208061878995
LastFM,Global,21.9916666666667,-38.4958061878995
LastFM,Global,22.05,-38.6708061878995
LastFM,Global,22.1083333333333,-38.8458061878995
LastFM,Global,22.1666666666667,-39.0208061878995
LastFM,Global,22.225,-39.1958061878995
LastFM,Global,22.2833333333333,-39.3708061878995
LastFM,Global,22.3416666666667,-39.5458061878995
LastFM,Global,22.4,-39.7208061878995
LastFM,Global,22.4583333333333,-39.8958061878995
LastFM,Global,22.5166666666667,-40.0708061878995
LastFM,Global,22.575,-40.2458061878995
LastFM,Global,22.6333333333333,-40.4208061878995
LastFM,Global,22.6916666666667,-40.5958061878995
LastFM,Global,22.75,-40.7708061878995
LastFM,Global,22.8083333333333,-40.9458061878995
LastFM,Global,22.8666666666667,-41.1208061878995
LastFM,Global,22.925,-41.2958061878995
LastFM,Global,22.9833333333333,-41.4708061878995
LastFM,Global,23.0416666666667,-41.6458061878995
LastFM,Global,23.1,-41.8208061878995
LastFM,Global,23.1583333333333,-41.9958061878995
LastFM,Global,23.2166666666667,-42.1708061878995
LastFM,Global,23.275,-42.3458061878995
LastFM,Global,23.3333333333333,-42.5208061878995
LastFM,Global,23.3916666666667,-42.6958061878995
LastFM,Global,23.45,-42.8708061878995
LastFM,Global,23.5083333333333,-43.0458061878995
LastFM,Global,23.5666666666667,-43.2208061878995
LastFM,Global,23.625,-43.3958061878995
LastFM,Global,23.6833333333333,-43.5708061878995
LastFM,Global,23.7416666666667,-43.7458061878995
LastFM,Global,23.8,-43.9208061878995
LastFM,Global,23.8583333333333,-44.0958061878995
LastFM,Global,23.9166666666667,-44.2708061878995
LastFM,Global,23.975,-44.4458061878995
LastFM,Global,24.0333333333333,-44.6208061878995
LastFM,Global,24.0916666666667,-44.7958061878995
LastFM,Global,24.15,-44.9708061878995
LastFM,Global,24.2083333333333,-45.1458061878995
LastFM,Global,24.2666666666667,-45.3208061878995
LastFM,Global,24.325,-45.4958061878995
LastFM,Global,24.3833333333333,-45.6708061878995
LastFM,Global,24.4416666666667,-45.8458061878995
LastFM,Global,24.5,-46.0208061878995
LastFM,Global,24.5583333333333,-46.1958061878995
LastFM,Global,24.6166666666667,-46.3708061878995
LastFM,Global,24.675,-46.5458061878995
LastFM,Global,24.7333333333333,-46.7208061878995
LastFM,Global,24.7916666666667,-46.8958061878995
LastFM,Global,24.85,-47.0708061878995
LastFM,Global,24.9083333333333,-47.2458061878995
LastFM,Global,24.9666666666667,-47.4208061878995
LastFM,Global,25.025,-47.5958061878995
LastFM,Global,25.0833333333333,-47.7708061878995
LastFM,Global,25.1416666666667,-47.9458061878995
LastFM,Global,25.2,-48.1208061878995
LastFM,Global,25.2583333333333,-48.2958061878995
LastFM,Global,25.3166666666667,-48.4708061878995
LastFM,Global,25.375,-48.6458061878995
LastFM,Global,25.4333333333333,-48.8208061878995
LastFM,Global,25.4916666666667,-48.9958061878995
LastFM,Global,25.55,-49.1708061878995
LastFM,Global,25.6083333333333,-49.3458061878995
LastFM,Global,25.6666666666667,-49.5208061878995
LastFM,Global,25.725,-49.6958061878995
LastFM,Global,25.7833333333333,-49.8708061878995
LastFM,Global,25.8416666666667,-50.0458061878995
LastFM,Global,25.9,-50.2208061878995
LastFM,Global,25.9583333333333,-50.3958061878995
LastFM,Global,26.0166666666667,-50.5708061878995
LastFM,Global,26.075,-50.7458061878995
LastFM,Global,26.1333333333333,-50.9208061878995
LastFM,Global,26.1916666666667,-51.0958061878995
LastFM,Global,26.25,-51.2708061878995
LastFM,Global,26.3083333333333,-51.4458061878995
LastFM,Global,26.3666666666667,-51.6208061878995
LastFM,Global,26.425,-51.7958061878995
LastFM,Global,26.4833333333333,-51.9708061878995
LastFM,Global,26.5416666666667,-52.1458061878995
LastFM,Global,26.6,-52.3208061878995
LastFM,Global,26.6583333333333,-52.4958061878995
LastFM,Global,26.7166666666667,-52.6708061878995
LastFM,Global,26.775,-52.8458061878995
LastFM,Global,26.8333333333333,-53.0208061878995
LastFM,Global,26.8916666666667,-53.1958061878995
LastFM,Global,26.95,-53.3708061878995
LastFM,Global,27.0083333333333,-53.5458061878995
LastFM,Global,27.0666666666667,-53.7208061878995
LastFM,Global,27.125,-53.8958061878995
LastFM,Global,27.1833333333333,-54.0708061878995
LastFM,Global,27.2416666666667,-54.2458061878995
LastFM,Global,27.3,-54.4208061878995
LastFM,Global,27.3583333333333,-54.5958061878995
LastFM,Global,27.4166666666667,-54.7708061878995
LastFM,Global,27.475,-54.9458061878995
LastFM,Global,27.5333333333333,-55.1208061878995
LastFM,Global,27.5916666666667,-55.2958061878995
LastFM,Global,27.65,-55.4708061878995
LastFM,Global,27.7083333333333,-55.6458061878995
LastFM,Global,27.7666666666667,-55.8208061878995
LastFM,Global,27.825,-55.9958061878995
LastFM,Global,27.8833333333333,-56.1708061878995
LastFM,Global,27.9416666666667,-56.3458061878995
LastFM,Global,28,-56.5208061878995
LastFM,Global,28.0583333333333,-56.6958061878995
LastFM,Global,28.1166666666667,-56.8708061878995
LastFM,Global,28.175,-57.0458061878995
LastFM,Global,28.2333333333333,-57.2208061878995
LastFM,Global,28.2916666666667,-57.3958061878995
LastFM,Global,28.35,-57.5708061878995
LastFM,Global,28.4083333333333,-57.7458061878995
LastFM,Global,28.4666666666667,-57.9208061878995
LastFM,Global,28.525,-58.0958061878995
LastFM,Global,28.5833333333333,-58.2708061878995
LastFM,Global,28.6416666666667,-58.4458061878995
LastFM,Global,28.7,-58.6208061878995
LastFM,Global,28.7583333333333,-58.7958061878995
LastFM,Global,28.8166666666667,-58.9708061878995
LastFM,Global,28.875,-59.1458061878995
LastFM,Global,28.9333333333333,-59.3208061878995
LastFM,Global,28.9916666666667,-59.4958061878995
LastFM,Global,29.05,-59.6708061878995
LastFM,Global,29.1083333333333,-59.8458061878995
LastFM,Global,29.1666666666667,-60.0208061878995
LastFM,Global,29.225,-60.1958061878995
LastFM,Global,29.2833333333333,-60.3708061878995
LastFM,Global,29.3416666666667,-60.5458061878995
LastFM,Global,29.4,-60.7208061878995
LastFM,Global,29.4583333333333,-60.8958061878995
LastFM,Global,29.5166666666667,-61.0708061878995
LastFM,Global,29.575,-61.2458061878995
LastFM,Global,29.6333333333333,-61.4208061878995
LastFM,Global,29.6916666666667,-61.5958061878995
LastFM,Global,29.75,-61.7708061878995
LastFM,Global,29.8083333333333,-61.9458061878995
LastFM,Global,29.8666666666667,-62.1208061878995
LastFM,Global,29.925,-62.2958061878995
LastFM,Global,29.9833333333333,-62.4708061878995
LastFM,Global,30.0416666666667,-62.6458061878995
LastFM,Global,30.1,-62.8208061878995
LastFM,Global,30.1583333333333,-62.9958061878995
LastFM,Global,30.2166666666667,-63.1708061878995
LastFM,Global,30.275,-63.3458061878995
LastFM,Global,30.3333333333333,-63.5208061878995
LastFM,Global,30.3916666666667,-63.6958061878995
LastFM,Global,30.45,-63.8708061878995
LastFM,Global,30.5083333333333,-64.0458061878995
LastFM,Global,30.5666666666667,-64.2208061878995
LastFM,Global,30.625,-64.3958061878995
LastFM,Global,30.6833333333333,-64.5708061878995
LastFM,Global,30.7416666666667,-64.7458061878995
LastFM,Global,30.8,-64.9208061878995
LastFM,Global,30.8583333333333,-65.0958061878995
LastFM,Global,30.9166666666667,-65.2708061878995
LastFM,Global,30.975,-65.4458061878995
LastFM,Global,31.0333333333333,-65.6208061878995
LastFM,Global,31.0916666666667,-65.7958061878995
LastFM,Global,31.15,-65.9708061878995
LastFM,Global,31.2083333333333,-66.1458061878995
LastFM,Global,31.2666666666667,-66.3208061878995
LastFM,Global,31.325,-66.4958061878995
LastFM,Global,31.3833333333333,-66.6708061878995
LastFM,Global,31.4416666666667,-66.8458061878995
LastFM,Global,31.5,-67.0208061878995
LastFM,Global,31.5583333333333,-67.1958061878995
LastFM,Global,31.6166666666667,-67.3708061878995
LastFM,Global,31.675,-67.5458061878995
LastFM,Global,31.7333333333333,-67.7208061878995
LastFM,Global,31.7916666666667,-67.8958061878995
LastFM,Global,31.85,-68.0708061878995
LastFM,Global,31.9083333333333,-68.2458061878995
LastFM,Global,31.9666666666667,-68.4208061878995
LastFM,Global,32.025,-68.5958061878995
LastFM,Global,32.0833333333333,-68.7708061878995
LastFM,Global,32.1416666666667,-68.9458061878995
LastFM,Global,32.2,-69.1208061878995
LastFM,Global,32.2583333333333,-69.2958061878995
LastFM,Global,32.3166666666667,-69.4708061878995
LastFM,Global,32.375,-69.6458061878995
LastFM,Global,32.4333333333333,-69.8208061878995
LastFM,Global,32.4916666666667,-69.9958061878995
LastFM,Global,32.55,-70.1708061878995
LastFM,Global,32.6083333333333,-70.3458061878995
LastFM,Global,32.6666666666667,-70.5208061878995
LastFM,Global,32.725,-70.6958061878995
LastFM,Global,32.7833333333333,-70.8708061878995
LastFM,Global,32.8416666666667,-71.0458061878995
LastFM,Global,32.9,-71.2208061878995
LastFM,Global,32.9583333333333,-71.3958061878995
LastFM,Global,33.0166666666667,-71.5708061878995
LastFM,Global,33.075,-71.7458061878995
LastFM,Global,33.1333333333333,-71.9208061878995
LastFM,Global,33.1916666666667,-72.0958061878995
LastFM,Global,33.25,-72.2708061878995
LastFM,Global,33.3083333333333,-72.4458061878995
LastFM,Global,33.3666666666667,-72.6208061878995
LastFM,Global,33.425,-72.7958061878995
LastFM,Global,33.4833333333333,-72.9708061878995
LastFM,Global,33.5416666666667,-73.1458061878995
LastFM,Global,33.6,-73.3208061878995
LastFM,Global,33.6583333333333,-73.4958061878995
LastFM,Global,33.7166666666667,-73.6708061878995
LastFM,Global,33.775,-73.8458061878995
LastFM,Global,33.8333333333333,-74.0208061878995
LastFM,Global,33.8916666666667,-74.1958061878995
LastFM,Global,33.95,-74.3708061878995
LastFM,Global,34.0083333333333,-74.5458061878995
LastFM,Global,34.0666666666667,-74.7208061878995
LastFM,Global,34.125,-74.8958061878995
LastFM,Global,34.1833333333333,-75.0708061878995
LastFM,Global,34.2416666666667,-75.2458061878995
LastFM,Global,34.3,-75.4208061878995
LastFM,Global,34.3583333333333,-75.5958061878995
LastFM,Global,34.4166666666667,-75.7708061878995
LastFM,Global,34.475,-75.9458061878995
LastFM,Global,34.5333333333333,-76.1208061878995
LastFM,Global,34.5916666666667,-76.2958061878995
LastFM,Global,34.65,-76.4708061878995
LastFM,Global,34.7083333333333,-76.6458061878995
LastFM,Global,34.7666666666667,-76.8208061878995
LastFM,Global,34.825,-76.9958061878995
LastFM,Global,34.8833333333333,-77.1708061878995
LastFM,Global,34.9416666666667,-77.3458061878995
LastFM,Global,35,-77.5208061878995
Amazon,Global,0,27.0472986303545
Amazon,Global,0.0583333333333333,26.8722986303545
Amazon,Global,0.116666666666667,26.6972986303545
Amazon,Global,0.175,26.5222986303545
Amazon,Global,0.233333333333333,26.3472986303545
Amazon,Global,0.291666666666667,26.1722986303545
Amazon,Global,0.35,25.9972986303545
Amazon,Global,0.408333333333333,25.8222986303545
Amazon,Global,0.466666666666667,25.6472986303545
Amazon,Global,0.525,25.4722986303545
Amazon,Global,0.583333333333333,25.2972986303545
Amazon,Global,0.641666666666667,25.1222986303545
Amazon,Global,0.7,24.9472986303545
Amazon,Global,0.758333333333333,24.7722986303545
Amazon,Global,0.816666666666667,24.5972986303545
Amazon,Global,0.875,24.4222986303545
Amazon,Global,0.933333333333333,24.2472986303545
Amazon,Global,0.991666666666667,24.0722986303545
Amazon,Global,1.05,23.8972986303545
Amazon,Global,1.10833333333333,23.7222986303545
Amazon,Global,1.16666666666667,23.5472986303545
Amazon,Global,1.225,23.3722986303545
Amazon,Global,1.28333333333333,23.1972986303545
Amazon,Global,1.34166666666667,23.0222986303545
Amazon,Global,1.4,22.8472986303545
Amazon,Global,1.45833333333333,22.6722986303545
Amazon,Global,1.51666666666667,22.4972986303545
Amazon,Global,1.575,22.3222986303545
Amazon,Global,1.63333333333333,22.1472986303545
Amazon,Global,1.69166666666667,21.9722986303545
Amazon,Global,1.75,21.7972986303545
Amazon,Global,1.80833333333333,21.6222986303545
Amazon,Global,1.86666666666667,21.4472986303545
Amazon,Global,1.925,21.2722986303545
Amazon,Global,1.98333333333333,21.0972986303545
Amazon,Global,2.04166666666667,20.9222986303545
Amazon,Global,2.1,20.7472986303545
Amazon,Global,2.15833333333333,20.5722986303545
Amazon,Global,2.21666666666667,20.3972986303545
Amazon,Global,2.275,20.2222986303545
Amazon,Global,2.33333333333333,20.0472986303545
Amazon,Global,2.39166666666667,19.8722986303545
Amazon,Global,2.45,19.6972986303545
Amazon,Global,2.50833333333333,19.5222986303545
Amazon,Global,2.56666666666667,19.3472986303545
Amazon,Global,2.625,19.1722986303545
Amazon,Global,2.68333333333333,18.9972986303545
Amazon,Global,2.74166666666667,18.8222986303545
Amazon,Global,2.8,18.6472986303545
Amazon,Global,2.85833333333333,18.4722986303545
Amazon,Global,2.91666666666667,18.2972986303545
Amazon,Global,2.975,18.1222986303545
Amazon,Global,3.03333333333333,17.9472986303545
Amazon,Global,3.09166666666667,17.7722986303545
Amazon,Global,3.15,17.5972986303545
Amazon,Global,3.20833333333333,17.4222986303545
Amazon,Global,3.26666666666667,17.2472986303545
Amazon,Global,3.325,17.0722986303545
Amazon,Global,3.38333333333333,16.8972986303545
Amazon,Global,3.44166666666667,16.7222986303545
Amazon,Global,3.5,16.5472986303545
Amazon,Global,3.55833333333333,16.3722986303545
Amazon,Global,3.61666666666667,16.1972986303545
Amazon,Global,3.675,16.0222986303545
Amazon,Global,3.73333333333333,15.8472986303545
Amazon,Global,3.79166666666667,15.6722986303545
Amazon,Global,3.85,15.4972986303545
Amazon,Global,3.90833333333333,15.3222986303545
Amazon,Global,3.96666666666667,15.1472986303545
Amazon,Global,4.025,14.9722986303545
Amazon,Global,4.08333333333333,14.7972986303545
Amazon,Global,4.14166666666667,14.6222986303545
Amazon,Global,4.2,14.4472986303545
Amazon,Global,4.25833333333333,14.2722986303545
Amazon,Global,4.31666666666667,14.0972986303545
Amazon,Global,4.375,13.9222986303545
Amazon,Global,4.43333333333333,13.7472986303545
Amazon,Global,4.49166666666667,13.5722986303545
Amazon,Global,4.55,13.3972986303545
Amazon,Global,4.60833333333333,13.2222986303545
Amazon,Global,4.66666666666667,13.0472986303545
Amazon,Global,4.725,12.8722986303545
Amazon,Global,4.78333333333333,12.6972986303545
Amazon,Global,4.84166666666667,12.5222986303545
Amazon,Global,4.9,12.3472986303545
Amazon,Global,4.95833333333333,12.1722986303545
Amazon,Global,5.01666666666667,11.9972986303545
Amazon,Global,5.075,11.8222986303545
Amazon,Global,5.13333333333333,11.6472986303545
Amazon,Global,5.19166666666667,11.4722986303545
Amazon,Global,5.25,11.2972986303545
Amazon,Global,5.30833333333333,11.1222986303545
Amazon,Global,5.36666666666667,10.9472986303545
Amazon,Global,5.425,10.7722986303545
Amazon,Global,5.48333333333333,10.5972986303545
Amazon,Global,5.54166666666667,10.4222986303545
Amazon,Global,5.6,10.2472986303545
Amazon,Global,5.65833333333333,10.0722986303545
Amazon,Global,5.71666666666667,9.89729863035446
Amazon,Global,5.775,9.72229863035446
Amazon,Global,5.83333333333333,9.54729863035446
Amazon,Global,5.89166666666667,9.37229863035446
Amazon,Global,5.95,9.19729863035446
Amazon,Global,6.00833333333333,9.02229863035446
Amazon,Global,6.06666666666667,8.84729863035446
Amazon,Global,6.125,8.67229863035446
Amazon,Global,6.18333333333333,8.49729863035446
Amazon,Global,6.24166666666667,8.32229863035446
Amazon,Global,6.3,8.14729863035446
Amazon,Global,6.35833333333333,7.97229863035446
Amazon,Global,6.41666666666667,7.79729863035446
Amazon,Global,6.475,7.62229863035446
Amazon,Global,6.53333333333333,7.44729863035446
Amazon,Global,6.59166666666667,7.27229863035446
Amazon,Global,6.65,7.09729863035446
Amazon,Global,6.70833333333333,6.92229863035446
Amazon,Global,6.76666666666667,6.74729863035446
Amazon,Global,6.825,6.57229863035446
Amazon,Global,6.88333333333333,6.39729863035446
Amazon,Global,6.94166666666667,6.22229863035446
Amazon,Global,7,6.04729863035446
Amazon,Global,7.05833333333333,5.87229863035446
Amazon,Global,7.11666666666667,5.69729863035446
Amazon,Global,7.175,5.52229863035446
Amazon,Global,7.23333333333333,5.34729863035446
Amazon,Global,7.29166666666667,5.17229863035446
Amazon,Global,7.35,4.99729863035446
Amazon,Global,7.40833333333333,4.82229863035446
Amazon,Global,7.46666666666667,4.64729863035446
Amazon,Global,7.525,4.47229863035446
Amazon,Global,7.58333333333333,4.29729863035446
Amazon,Global,7.64166666666667,4.12229863035446
Amazon,Global,7.7,3.94729863035446
Amazon,Global,7.75833333333333,3.77229863035446
Amazon,Global,7.81666666666667,3.59729863035446
Amazon,Global,7.875,3.42229863035446
Amazon,Global,7.93333333333333,3.24729863035446
Amazon,Global,7.99166666666667,3.07229863035446
Amazon,Global,8.05,2.89729863035446
Amazon,Global,8.10833333333333,2.72229863035446
Amazon,Global,8.16666666666667,2.54729863035447
Amazon,Global,8.225,2.37229863035446
Amazon,Global,8.28333333333333,2.19729863035446
Amazon,Global,8.34166666666667,2.02229863035446
Amazon,Global,8.4,1.84729863035446
Amazon,Global,8.45833333333333,1.67229863035446
Amazon,Global,8.51666666666667,1.49729863035446
Amazon,Global,8.575,1.32229863035447
Amazon,Global,8.63333333333333,1.14729863035446
Amazon,Global,8.69166666666667,0.972298630354464
Amazon,Global,8.75,0.797298630354462
Amazon,Global,8.80833333333333,0.622298630354461
Amazon,Global,8.86666666666667,0.44729863035446
Amazon,Global,8.925,0.272298630354459
Amazon,Global,8.98333333333333,0.0972986303544635
Amazon,Global,9.01576621011815,0
Amazon,Global,9.04166666666667,-0.0777013696455376
Amazon,Global,9.1,-0.252701369645539
Amazon,Global,9.15833333333333,-0.42770136964554
Amazon,Global,9.21666666666667,-0.602701369645535
Amazon,Global,9.275,-0.777701369645536
Amazon,Global,9.33333333333333,-0.952701369645538
Amazon,Global,9.39166666666667,-1.12770136964554
Amazon,Global,9.45,-1.30270136964553
Amazon,Global,9.50833333333333,-1.47770136964554
Amazon,Global,9.56666666666667,-1.65270136964554
Amazon,Global,9.625,-1.82770136964554
Amazon,Global,9.68333333333333,-2.00270136964554
Amazon,Global,9.74166666666667,-2.17770136964554
Amazon,Global,9.8,-2.35270136964554
Amazon,Global,9.85833333333333,-2.52770136964554
Amazon,Global,9.91666666666667,-2.70270136964554
Amazon,Global,9.975,-2.87770136964554
Amazon,Global,10.0333333333333,-3.05270136964554
Amazon,Global,10.0916666666667,-3.22770136964554
Amazon,Global,10.15,-3.40270136964554
Amazon,Global,10.2083333333333,-3.57770136964554
Amazon,Global,10.2666666666667,-3.75270136964554
Amazon,Global,10.325,-3.92770136964553
Amazon,Global,10.3833333333333,-4.10270136964554
Amazon,Global,10.4416666666667,-4.27770136964554
Amazon,Global,10.5,-4.45270136964554
Amazon,Global,10.5583333333333,-4.62770136964554
Amazon,Global,10.6166666666667,-4.80270136964554
Amazon,Global,10.675,-4.97770136964554
Amazon,Global,10.7333333333333,-5.15270136964554
Amazon,Global,10.7916666666667,-5.32770136964554
Amazon,Global,10.85,-5.50270136964554
Amazon,Global,10.9083333333333,-5.67770136964554
Amazon,Global,10.9666666666667,-5.85270136964554
Amazon,Global,11.025,-6.02770136964554
Amazon,Global,11.0833333333333,-6.20270136964554
Amazon,Global,11.1416666666667,-6.37770136964554
Amazon,Global,11.2,-6.55270136964553
Amazon,Global,11.2583333333333,-6.72770136964554
Amazon,Global,11.3166666666667,-6.90270136964554
Amazon,Global,11.375,-7.07770136964554
Amazon,Global,11.4333333333333,-7.25270136964554
Amazon,Global,11.4916666666667,-7.42770136964554
Amazon,Global,11.55,-7.60270136964554
Amazon,Global,11.6083333333333,-7.77770136964554
Amazon,Global,11.6666666666667,-7.95270136964554
Amazon,Global,11.725,-8.12770136964554
Amazon,Global,11.7833333333333,-8.30270136964554
Amazon,Global,11.8416666666667,-8.47770136964554
Amazon,Global,11.9,-8.65270136964554
Amazon,Global,11.9583333333333,-8.82770136964554
Amazon,Global,12.0166666666667,-9.00270136964554
Amazon,Global,12.075,-9.17770136964553
Amazon,Global,12.1333333333333,-9.35270136964554
Amazon,Global,12.1916666666667,-9.52770136964554
Amazon,Global,12.25,-9.70270136964554
Amazon,Global,12.3083333333333,-9.87770136964554
Amazon,Global,12.3666666666667,-10.0527013696455
Amazon,Global,12.425,-10.2277013696455
Amazon,Global,12.4833333333333,-10.4027013696455
Amazon,Global,12.5416666666667,-10.5777013696455
Amazon,Global,12.6,-10.7527013696455
Amazon,Global,12.6583333333333,-10.9277013696455
Amazon,Global,12.7166666666667,-11.1027013696455
Amazon,Global,12.775,-11.2777013696455
Amazon,Global,12.8333333333333,-11.4527013696455
Amazon,Global,12.8916666666667,-11.6277013696455
Amazon,Global,12.95,-11.8027013696455
Amazon,Global,13.0083333333333,-11.9777013696455
Amazon,Global,13.0666666666667,-12.1527013696455
Amazon,Global,13.125,-12.3277013696455
Amazon,Global,13.1833333333333,-12.5027013696455
Amazon,Global,13.2416666666667,-12.6777013696455
Amazon,Global,13.3,-12.8527013696455
Amazon,Global,13.3583333333333,-13.0277013696455
Amazon,Global,13.4166666666667,-13.2027013696455
Amazon,Global,13.475,-13.3777013696455
Amazon,Global,13.5333333333333,-13.5527013696455
Amazon,Global,13.5916666666667,-13.7277013696455
Amazon,Global,13.65,-13.9027013696455
Amazon,Global,13.7083333333333,-14.0777013696455
Amazon,Global,13.7666666666667,-14.2527013696455
Amazon,Global,13.825,-14.4277013696455
Amazon,Global,13.8833333333333,-14.6027013696455
Amazon,Global,13.9416666666667,-14.7777013696455
Amazon,Global,14,-14.9527013696455
Amazon,Global,14.0583333333333,-15.1277013696455
Amazon,Global,14.1166666666667,-15.3027013696455
Amazon,Global,14.175,-15.4777013696455
Amazon,Global,14.2333333333333,-15.6527013696455
Amazon,Global,14.2916666666667,-15.8277013696455
Amazon,Global,14.35,-16.0027013696455
Amazon,Global,14.4083333333333,-16.1777013696455
Amazon,Global,14.4666666666667,-16.3527013696455
Amazon,Global,14.525,-16.5277013696455
Amazon,Global,14.5833333333333,-16.7027013696455
Amazon,Global,14.6416666666667,-16.8777013696455
Amazon,Global,14.7,-17.0527013696455
Amazon,Global,14.7583333333333,-17.2277013696455
Amazon,Global,14.8166666666667,-17.4027013696455
Amazon,Global,14.875,-17.5777013696455
Amazon,Global,14.9333333333333,-17.7527013696455
Amazon,Global,14.9916666666667,-17.9277013696455
Amazon,Global,15.05,-18.1027013696455
Amazon,Global,15.1083333333333,-18.2777013696455
Amazon,Global,15.1666666666667,-18.4527013696455
Amazon,Global,15.225,-18.6277013696455
Amazon,Global,15.2833333333333,-18.8027013696455
Amazon,Global,15.3416666666667,-18.9777013696455
Amazon,Global,15.4,-19.1527013696455
Amazon,Global,15.4583333333333,-19.3277013696455
Amazon,Global,15.5166666666667,-19.5027013696455
Amazon,Global,15.575,-19.6777013696455
Amazon,Global,15.6333333333333,-19.8527013696455
Amazon,Global,15.6916666666667,-20.0277013696455
Amazon,Global,15.75,-20.2027013696455
Amazon,Global,15.8083333333333,-20.3777013696455
Amazon,Global,15.8666666666667,-20.5527013696455
Amazon,Global,15.925,-20.7277013696455
Amazon,Global,15.9833333333333,-20.9027013696455
Amazon,Global,16.0416666666667,-21.0777013696455
Amazon,Global,16.1,-21.2527013696455
Amazon,Global,16.1583333333333,-21.4277013696455
Amazon,Global,16.2166666666667,-21.6027013696455
Amazon,Global,16.275,-21.7777013696455
Amazon,Global,16.3333333333333,-21.9527013696455
Amazon,Global,16.3916666666667,-22.1277013696455
Amazon,Global,16.45,-22.3027013696455
Amazon,Global,16.5083333333333,-22.4777013696455
Amazon,Global,16.5666666666667,-22.6527013696455
Amazon,Global,16.625,-22.8277013696455
Amazon,Global,16.6833333333333,-23.0027013696455
Amazon,Global,16.7416666666667,-23.1777013696455
Amazon,Global,16.8,-23.3527013696455
Amazon,Global,16.8583333333333,-23.5277013696455
Amazon,Global,16.9166666666667,-23.7027013696455
Amazon,Global,16.975,-23.8777013696455
Amazon,Global,17.0333333333333,-24.0527013696455
Amazon,Global,17.0916666666667,-24.2277013696455
Amazon,Global,17.15,-24.4027013696455
Amazon,Global,17.2083333333333,-24.5777013696455
Amazon,Global,17.2666666666667,-24.7527013696455
Amazon,Global,17.325,-24.9277013696455
Amazon,Global,17.3833333333333,-25.1027013696455
Amazon,Global,17.4416666666667,-25.2777013696455
Amazon,Global,17.5,-25.4527013696455
Amazon,Global,17.5583333333333,-25.6277013696455
Amazon,Global,17.6166666666667,-25.8027013696455
Amazon,Global,17.675,-25.9777013696455
Amazon,Global,17.7333333333333,-26.1527013696455
Amazon,Global,17.7916666666667,-26.3277013696455
Amazon,Global,17.85,-26.5027013696455
Amazon,Global,17.9083333333333,-26.6777013696455
Amazon,Global,17.9666666666667,-26.8527013696455
Amazon,Global,18.025,-27.0277013696455
Amazon,Global,18.0833333333333,-27.2027013696455
Amazon,Global,18.1416666666667,-27.3777013696455
Amazon,Global,18.2,-27.5527013696455
Amazon,Global,18.2583333333333,-27.7277013696455
Amazon,Global,18.3166666666667,-27.9027013696455
Amazon,Global,18.375,-28.0777013696455
Amazon,Global,18.4333333333333,-28.2527013696455
Amazon,Global,18.4916666666667,-28.4277013696455
Amazon,Global,18.55,-28.6027013696455
Amazon,Global,18.6083333333333,-28.7777013696455
Amazon,Global,18.6666666666667,-28.9527013696455
Amazon,Global,18.725,-29.1277013696455
Amazon,Global,18.7833333333333,-29.3027013696455
Amazon,Global,18.8416666666667,-29.4777013696455
Amazon,Global,18.9,-29.6527013696455
Amazon,Global,18.9583333333333,-29.8277013696455
Amazon,Global,19.0166666666667,-30.0027013696455
Amazon,Global,19.075,-30.1777013696455
Amazon,Global,19.1333333333333,-30.3527013696455
Amazon,Global,19.1916666666667,-30.5277013696455
Amazon,Global,19.25,-30.7027013696455
Amazon,Global,19.3083333333333,-30.8777013696455
Amazon,Global,19.3666666666667,-31.0527013696455
Amazon,Global,19.425,-31.2277013696455
Amazon,Global,19.4833333333333,-31.4027013696455
Amazon,Global,19.5416666666667,-31.5777013696455
Amazon,Global,19.6,-31.7527013696455
Amazon,Global,19.6583333333333,-31.9277013696455
Amazon,Global,19.7166666666667,-32.1027013696455
Amazon,Global,19.775,-32.2777013696455
Amazon,Global,19.8333333333333,-32.4527013696455
Amazon,Global,19.8916666666667,-32.6277013696455
Amazon,Global,19.95,-32.8027013696455
Amazon,Global,20.0083333333333,-32.9777013696455
Amazon,Global,20.0666666666667,-33.1527013696455
Amazon,Global,20.125,-33.3277013696455
Amazon,Global,20.1833333333333,-33.5027013696455
Amazon,Global,20.2416666666667,-33.6777013696455
Amazon,Global,20.3,-33.8527013696455
Amazon,Global,20.3583333333333,-34.0277013696455
Amazon,Global,20.4166666666667,-34.2027013696455
Amazon,Global,20.475,-34.3777013696455
Amazon,Global,20.5333333333333,-34.5527013696455
Amazon,Global,20.5916666666667,-34.7277013696455
Amazon,Global,20.65,-34.9027013696455
Amazon,Global,20.7083333333333,-35.0777013696455
Amazon,Global,20.7666666666667,-35.2527013696455
Amazon,Global,20.825,-35.4277013696455
Amazon,Global,20.8833333333333,-35.6027013696455
Amazon,Global,20.9416666666667,-35.7777013696455
Amazon,Global,21,-35.9527013696455
Amazon,Global,21.0583333333333,-36.1277013696455
Amazon,Global,21.1166666666667,-36.3027013696455
Amazon,Global,21.175,-36.4777013696455
Amazon,Global,21.2333333333333,-36.6527013696455
Amazon,Global,21.2916666666667,-36.8277013696455
Amazon,Global,21.35,-37.0027013696455
Amazon,Global,21.4083333333333,-37.1777013696455
Amazon,Global,21.4666666666667,-37.3527013696455
Amazon,Global,21.525,-37.5277013696455
Amazon,Global,21.5833333333333,-37.7027013696455
Amazon,Global,21.6416666666667,-37.8777013696455
Amazon,Global,21.7,-38.0527013696455
Amazon,Global,21.7583333333333,-38.2277013696455
Amazon,Global,21.8166666666667,-38.4027013696455
Amazon,Global,21.875,-38.5777013696455
Amazon,Global,21.9333333333333,-38.7527013696455
Amazon,Global,21.9916666666667,-38.9277013696455
Amazon,Global,22.05,-39.1027013696455
Amazon,Global,22.1083333333333,-39.2777013696455
Amazon,Global,22.1666666666667,-39.4527013696455
Amazon,Global,22.225,-39.6277013696455
Amazon,Global,22.2833333333333,-39.8027013696455
Amazon,Global,22.3416666666667,-39.9777013696455
Amazon,Global,22.4,-40.1527013696455
Amazon,Global,22.4583333333333,-40.3277013696455
Amazon,Global,22.5166666666667,-40.5027013696455
Amazon,Global,22.575,-40.6777013696455
Amazon,Global,22.6333333333333,-40.8527013696455
Amazon,Global,22.6916666666667,-41.0277013696455
Amazon,Global,22.75,-41.2027013696455
Amazon,Global,22.8083333333333,-41.3777013696455
Amazon,Global,22.8666666666667,-41.5527013696455
Amazon,Global,22.925,-41.7277013696455
Amazon,Global,22.9833333333333,-41.9027013696455
Amazon,Global,23.0416666666667,-42.0777013696455
Amazon,Global,23.1,-42.2527013696455
Amazon,Global,23.1583333333333,-42.4277013696455
Amazon,Global,23.2166666666667,-42.6027013696455
Amazon,Global,23.275,-42.7777013696455
Amazon,Global,23.3333333333333,-42.9527013696455
Amazon,Global,23.3916666666667,-43.1277013696455
Amazon,Global,23.45,-43.3027013696455
Amazon,Global,23.5083333333333,-43.4777013696455
Amazon,Global,23.5666666666667,-43.6527013696455
Amazon,Global,23.625,-43.8277013696455
Amazon,Global,23.6833333333333,-44.0027013696455
Amazon,Global,23.7416666666667,-44.1777013696455
Amazon,Global,23.8,-44.3527013696455
Amazon,Global,23.8583333333333,-44.5277013696455
Amazon,Global,23.9166666666667,-44.7027013696455
Amazon,Global,23.975,-44.8777013696455
Amazon,Global,24.0333333333333,-45.0527013696455
Amazon,Global,24.0916666666667,-45.2277013696455
Amazon,Global,24.15,-45.4027013696455
Amazon,Global,24.2083333333333,-45.5777013696455
Amazon,Global,24.2666666666667,-45.7527013696455
Amazon,Global,24.325,-45.9277013696455
Amazon,Global,24.3833333333333,-46.1027013696455
Amazon,Global,24.4416666666667,-46.2777013696455
Amazon,Global,24.5,-46.4527013696455
Amazon,Global,24.5583333333333,-46.6277013696455
Amazon,Global,24.6166666666667,-46.8027013696455
Amazon,Global,24.675,-46.9777013696455
Amazon,Global,24.7333333333333,-47.1527013696455
Amazon,Global,24.7916666666667,-47.3277013696455
Amazon,Global,24.85,-47.5027013696455
Amazon,Global,24.9083333333333,-47.6777013696455
Amazon,Global,24.9666666666667,-47.8527013696455
Amazon,Global,25.025,-48.0277013696455
Amazon,Global,25.0833333333333,-48.2027013696455
Amazon,Global,25.1416666666667,-48.3777013696455
Amazon,Global,25.2,-48.5527013696455
Amazon,Global,25.2583333333333,-48.7277013696455
Amazon,Global,25.3166666666667,-48.9027013696455
Amazon,Global,25.375,-49.0777013696455
Amazon,Global,25.4333333333333,-49.2527013696455
Amazon,Global,25.4916666666667,-49.4277013696455
Amazon,Global,25.55,-49.6027013696455
Amazon,Global,25.6083333333333,-49.7777013696455
Amazon,Global,25.6666666666667,-49.9527013696455
Amazon,Global,25.725,-50.1277013696455
Amazon,Global,25.7833333333333,-50.3027013696455
Amazon,Global,25.8416666666667,-50.4777013696455
Amazon,Global,25.9,-50.6527013696455
Amazon,Global,25.9583333333333,-50.8277013696455
Amazon,Global,26.0166666666667,-51.0027013696455
Amazon,Global,26.075,-51.1777013696455
Amazon,Global,26.1333333333333,-51.3527013696455
Amazon,Global,26.1916666666667,-51.5277013696455
Amazon,Global,26.25,-51.7027013696455
Amazon,Global,26.3083333333333,-51.8777013696455
Amazon,Global,26.3666666666667,-52.0527013696455
Amazon,Global,26.425,-52.2277013696455
Amazon,Global,26.4833333333333,-52.4027013696455
Amazon,Global,26.5416666666667,-52.5777013696455
Amazon,Global,26.6,-52.7527013696455
Amazon,Global,26.6583333333333,-52.9277013696455
Amazon,Global,26.7166666666667,-53.1027013696455
Amazon,Global,26.775,-53.2777013696455
Amazon,Global,26.8333333333333,-53.4527013696455
Amazon,Global,26.8916666666667,-53.6277013696455
Amazon,Global,26.95,-53.8027013696455
Amazon,Global,27.0083333333333,-53.9777013696455
Amazon,Global,27.0666666666667,-54.1527013696455
Amazon,Global,27.125,-54.3277013696455
Amazon,Global,27.1833333333333,-54.5027013696455
Amazon,Global,27.2416666666667,-54.6777013696455
Amazon,Global,27.3,-54.8527013696455
Amazon,Global,27.3583333333333,-55.0277013696455
Amazon,Global,27.4166666666667,-55.2027013696455
Amazon,Global,27.475,-55.3777013696455
Amazon,Global,27.5333333333333,-55.5527013696455
Amazon,Global,27.5916666666667,-55.7277013696455
Amazon,Global,27.65,-55.9027013696455
Amazon,Global,27.7083333333333,-56.0777013696455
Amazon,Global,27.7666666666667,-56.2527013696455
Amazon,Global,27.825,-56.4277013696455
Amazon,Global,27.8833333333333,-56.6027013696455
Amazon,Global,27.9416666666667,-56.7777013696455
Amazon,Global,28,-56.9527013696455
Amazon,Global,28.0583333333333,-57.1277013696455
Amazon,Global,28.1166666666667,-57.3027013696455
Amazon,Global,28.175,-57.4777013696455
Amazon,Global,28.2333333333333,-57.6527013696455
Amazon,Global,28.2916666666667,-57.8277013696455
Amazon,Global,28.35,-58.0027013696455
Amazon,Global,28.4083333333333,-58.1777013696455
Amazon,Global,28.4666666666667,-58.3527013696455
Amazon,Global,28.525,-58.5277013696455
Amazon,Global,28.5833333333333,-58.7027013696455
Amazon,Global,28.6416666666667,-58.8777013696455
Amazon,Global,28.7,-59.0527013696455
Amazon,Global,28.7583333333333,-59.2277013696455
Amazon,Global,28.8166666666667,-59.4027013696455
Amazon,Global,28.875,-59.5777013696455
Amazon,Global,28.9333333333333,-59.7527013696455
Amazon,Global,28.9916666666667,-59.9277013696455
Amazon,Global,29.05,-60.1027013696455
Amazon,Global,29.1083333333333,-60.2777013696455
Amazon,Global,29.1666666666667,-60.4527013696455
Amazon,Global,29.225,-60.6277013696455
Amazon,Global,29.2833333333333,-60.8027013696455
Amazon,Global,29.3416666666667,-60.9777013696455
Amazon,Global,29.4,-61.1527013696455
Amazon,Global,29.4583333333333,-61.3277013696455
Amazon,Global,29.5166666666667,-61.5027013696455
Amazon,Global,29.575,-61.6777013696455
Amazon,Global,29.6333333333333,-61.8527013696455
Amazon,Global,29.6916666666667,-62.0277013696455
Amazon,Global,29.75,-62.2027013696455
Amazon,Global,29.8083333333333,-62.3777013696455
Amazon,Global,29.8666666666667,-62.5527013696455
Amazon,Global,29.925,-62.7277013696455
Amazon,Global,29.9833333333333,-62.9027013696455
Amazon,Global,30.0416666666667,-63.0777013696455
Amazon,Global,30.1,-63.2527013696455
Amazon,Global,30.1583333333333,-63.4277013696455
Amazon,Global,30.2166666666667,-63.6027013696455
Amazon,Global,30.275,-63.7777013696455
Amazon,Global,30.3333333333333,-63.9527013696455
Amazon,Global,30.3916666666667,-64.1277013696455
Amazon,Global,30.45,-64.3027013696455
Amazon,Global,30.5083333333333,-64.4777013696455
Amazon,Global,30.5666666666667,-64.6527013696455
Amazon,Global,30.625,-64.8277013696455
Amazon,Global,30.6833333333333,-65.0027013696455
Amazon,Global,30.7416666666667,-65.1777013696455
Amazon,Global,30.8,-65.3527013696455
Amazon,Global,30.8583333333333,-65.5277013696455
Amazon,Global,30.9166666666667,-65.7027013696455
Amazon,Global,30.975,-65.8777013696455
Amazon,Global,31.0333333333333,-66.0527013696455
Amazon,Global,31.0916666666667,-66.2277013696455
Amazon,Global,31.15,-66.4027013696455
Amazon,Global,31.2083333333333,-66.5777013696455
Amazon,Global,31.2666666666667,-66.7527013696455
Amazon,Global,31.325,-66.9277013696455
Amazon,Global,31.3833333333333,-67.1027013696455
Amazon,Global,31.4416666666667,-67.2777013696455
Amazon,Global,31.5,-67.4527013696455
Amazon,Global,31.5583333333333,-67.6277013696455
Amazon,Global,31.6166666666667,-67.8027013696455
Amazon,Global,31.675,-67.9777013696455
Amazon,Global,31.7333333333333,-68.1527013696455
Amazon,Global,31.7916666666667,-68.3277013696455
Amazon,Global,31.85,-68.5027013696455
Amazon,Global,31.9083333333333,-68.6777013696455
Amazon,Global,31.9666666666667,-68.8527013696455
Amazon,Global,32.025,-69.0277013696455
Amazon,Global,32.0833333333333,-69.2027013696456
Amazon,Global,32.1416666666667,-69.3777013696455
Amazon,Global,32.2,-69.5527013696455
Amazon,Global,32.2583333333333,-69.7277013696455
Amazon,Global,32.3166666666667,-69.9027013696455
Amazon,Global,32.375,-70.0777013696455
Amazon,Global,32.4333333333333,-70.2527013696455
Amazon,Global,32.4916666666667,-70.4277013696455
Amazon,Global,32.55,-70.6027013696455
Amazon,Global,32.6083333333333,-70.7777013696455
Amazon,Global,32.6666666666667,-70.9527013696455
Amazon,Global,32.725,-71.1277013696455
Amazon,Global,32.7833333333333,-71.3027013696455
Amazon,Global,32.8416666666667,-71.4777013696455
Amazon,Global,32.9,-71.6527013696455
Amazon,Global,32.9583333333333,-71.8277013696456
Amazon,Global,33.0166666666667,-72.0027013696455
Amazon,Global,33.075,-72.1777013696455
Amazon,Global,33.1333333333333,-72.3527013696455
Amazon,Global,33.1916666666667,-72.5277013696455
Amazon,Global,33.25,-72.7027013696455
Amazon,Global,33.3083333333333,-72.8777013696455
Amazon,Global,33.3666666666667,-73.0527013696455
Amazon,Global,33.425,-73.2277013696455
Amazon,Global,33.4833333333333,-73.4027013696455
Amazon,Global,33.5416666666667,-73.5777013696455
Amazon,Global,33.6,-73.7527013696455
Amazon,Global,33.6583333333333,-73.9277013696455
Amazon,Global,33.7166666666667,-74.1027013696455
Amazon,Global,33.775,-74.2777013696455
Amazon,Global,33.8333333333333,-74.4527013696455
Amazon,Global,33.8916666666667,-74.6277013696455
Amazon,Global,33.95,-74.8027013696455
Amazon,Global,34.0083333333333,-74.9777013696455
Amazon,Global,34.0666666666667,-75.1527013696455
Amazon,Global,34.125,-75.3277013696455
Amazon,Global,34.1833333333333,-75.5027013696455
Amazon,Global,34.2416666666667,-75.6777013696455
Amazon,Global,34.3,-75.8527013696455
Amazon,Global,34.3583333333333,-76.0277013696455
Amazon,Global,34.4166666666667,-76.2027013696455
Amazon,Global,34.475,-76.3777013696455
Amazon,Global,34.5333333333333,-76.5527013696455
Amazon,Global,34.5916666666667,-76.7277013696455
Amazon,Global,34.65,-76.9027013696455
Amazon,Global,34.7083333333333,-77.0777013696455
Amazon,Global,34.7666666666667,-77.2527013696455
Amazon,Global,34.825,-77.4277013696455
Amazon,Global,34.8833333333333,-77.6027013696455
Amazon,Global,34.9416666666667,-77.7777013696455
Amazon,Global,35,-77.9527013696455
DBLP,Global,0,27.1417963902537
DBLP,Global,0.0583333333333333,26.9667963902537
DBLP,Global,0.116666666666667,26.7917963902537
DBLP,Global,0.175,26.6167963902537
DBLP,Global,0.233333333333333,26.4417963902537
DBLP,Global,0.291666666666667,26.2667963902537
DBLP,Global,0.35,26.0917963902537
DBLP,Global,0.408333333333333,25.9167963902537
DBLP,Global,0.466666666666667,25.7417963902537
DBLP,Global,0.525,25.5667963902537
DBLP,Global,0.583333333333333,25.3917963902537
DBLP,Global,0.641666666666667,25.2167963902537
DBLP,Global,0.7,25.0417963902537
DBLP,Global,0.758333333333333,24.8667963902537
DBLP,Global,0.816666666666667,24.6917963902537
DBLP,Global,0.875,24.5167963902537
DBLP,Global,0.933333333333333,24.3417963902537
DBLP,Global,0.991666666666667,24.1667963902537
DBLP,Global,1.05,23.9917963902537
DBLP,Global,1.10833333333333,23.8167963902537
DBLP,Global,1.16666666666667,23.6417963902537
DBLP,Global,1.225,23.4667963902537
DBLP,Global,1.28333333333333,23.2917963902537
DBLP,Global,1.34166666666667,23.1167963902537
DBLP,Global,1.4,22.9417963902537
DBLP,Global,1.45833333333333,22.7667963902537
DBLP,Global,1.51666666666667,22.5917963902537
DBLP,Global,1.575,22.4167963902537
DBLP,Global,1.63333333333333,22.2417963902537
DBLP,Global,1.69166666666667,22.0667963902537
DBLP,Global,1.75,21.8917963902537
DBLP,Global,1.80833333333333,21.7167963902537
DBLP,Global,1.86666666666667,21.5417963902537
DBLP,Global,1.925,21.3667963902537
DBLP,Global,1.98333333333333,21.1917963902537
DBLP,Global,2.04166666666667,21.0167963902537
DBLP,Global,2.1,20.8417963902537
DBLP,Global,2.15833333333333,20.6667963902537
DBLP,Global,2.21666666666667,20.4917963902537
DBLP,Global,2.275,20.3167963902537
DBLP,Global,2.33333333333333,20.1417963902537
DBLP,Global,2.39166666666667,19.9667963902537
DBLP,Global,2.45,19.7917963902537
DBLP,Global,2.50833333333333,19.6167963902537
DBLP,Global,2.56666666666667,19.4417963902537
DBLP,Global,2.625,19.2667963902537
DBLP,Global,2.68333333333333,19.0917963902537
DBLP,Global,2.74166666666667,18.9167963902537
DBLP,Global,2.8,18.7417963902537
DBLP,Global,2.85833333333333,18.5667963902537
DBLP,Global,2.91666666666667,18.3917963902537
DBLP,Global,2.975,18.2167963902537
DBLP,Global,3.03333333333333,18.0417963902537
DBLP,Global,3.09166666666667,17.8667963902537
DBLP,Global,3.15,17.6917963902537
DBLP,Global,3.20833333333333,17.5167963902537
DBLP,Global,3.26666666666667,17.3417963902537
DBLP,Global,3.325,17.1667963902537
DBLP,Global,3.38333333333333,16.9917963902537
DBLP,Global,3.44166666666667,16.8167963902537
DBLP,Global,3.5,16.6417963902537
DBLP,Global,3.55833333333333,16.4667963902537
DBLP,Global,3.61666666666667,16.2917963902537
DBLP,Global,3.675,16.1167963902537
DBLP,Global,3.73333333333333,15.9417963902537
DBLP,Global,3.79166666666667,15.7667963902537
DBLP,Global,3.85,15.5917963902537
DBLP,Global,3.90833333333333,15.4167963902537
DBLP,Global,3.96666666666667,15.2417963902537
DBLP,Global,4.025,15.0667963902537
DBLP,Global,4.08333333333333,14.8917963902537
DBLP,Global,4.14166666666667,14.7167963902537
DBLP,Global,4.2,14.5417963902537
DBLP,Global,4.25833333333333,14.3667963902537
DBLP,Global,4.31666666666667,14.1917963902537
DBLP,Global,4.375,14.0167963902537
DBLP,Global,4.43333333333333,13.8417963902537
DBLP,Global,4.49166666666667,13.6667963902537
DBLP,Global,4.55,13.4917963902537
DBLP,Global,4.60833333333333,13.3167963902537
DBLP,Global,4.66666666666667,13.1417963902537
DBLP,Global,4.725,12.9667963902537
DBLP,Global,4.78333333333333,12.7917963902537
DBLP,Global,4.84166666666667,12.6167963902537
DBLP,Global,4.9,12.4417963902537
DBLP,Global,4.95833333333333,12.2667963902537
DBLP,Global,5.01666666666667,12.0917963902537
DBLP,Global,5.075,11.9167963902537
DBLP,Global,5.13333333333333,11.7417963902537
DBLP,Global,5.19166666666667,11.5667963902537
DBLP,Global,5.25,11.3917963902537
DBLP,Global,5.30833333333333,11.2167963902537
DBLP,Global,5.36666666666667,11.0417963902537
DBLP,Global,5.425,10.8667963902537
DBLP,Global,5.48333333333333,10.6917963902537
DBLP,Global,5.54166666666667,10.5167963902537
DBLP,Global,5.6,10.3417963902537
DBLP,Global,5.65833333333333,10.1667963902537
DBLP,Global,5.71666666666667,9.99179639025374
DBLP,Global,5.775,9.81679639025374
DBLP,Global,5.83333333333333,9.64179639025374
DBLP,Global,5.89166666666667,9.46679639025374
DBLP,Global,5.95,9.29179639025374
DBLP,Global,6.00833333333333,9.11679639025374
DBLP,Global,6.06666666666667,8.94179639025374
DBLP,Global,6.125,8.76679639025374
DBLP,Global,6.18333333333333,8.59179639025374
DBLP,Global,6.24166666666667,8.41679639025374
DBLP,Global,6.3,8.24179639025374
DBLP,Global,6.35833333333333,8.06679639025374
DBLP,Global,6.41666666666667,7.89179639025374
DBLP,Global,6.475,7.71679639025374
DBLP,Global,6.53333333333333,7.54179639025374
DBLP,Global,6.59166666666667,7.36679639025374
DBLP,Global,6.65,7.19179639025374
DBLP,Global,6.70833333333333,7.01679639025374
DBLP,Global,6.76666666666667,6.84179639025374
DBLP,Global,6.825,6.66679639025374
DBLP,Global,6.88333333333333,6.49179639025374
DBLP,Global,6.94166666666667,6.31679639025374
DBLP,Global,7,6.14179639025374
DBLP,Global,7.05833333333333,5.96679639025374
DBLP,Global,7.11666666666667,5.79179639025374
DBLP,Global,7.175,5.61679639025374
DBLP,Global,7.23333333333333,5.44179639025374
DBLP,Global,7.29166666666667,5.26679639025374
DBLP,Global,7.35,5.09179639025374
DBLP,Global,7.40833333333333,4.91679639025374
DBLP,Global,7.46666666666667,4.74179639025374
DBLP,Global,7.525,4.56679639025374
DBLP,Global,7.58333333333333,4.39179639025374
DBLP,Global,7.64166666666667,4.21679639025374
DBLP,Global,7.7,4.04179639025374
DBLP,Global,7.75833333333333,3.86679639025374
DBLP,Global,7.81666666666667,3.69179639025374
DBLP,Global,7.875,3.51679639025374
DBLP,Global,7.93333333333333,3.34179639025374
DBLP,Global,7.99166666666667,3.16679639025374
DBLP,Global,8.05,2.99179639025373
DBLP,Global,8.10833333333333,2.81679639025374
DBLP,Global,8.16666666666667,2.64179639025374
DBLP,Global,8.225,2.46679639025374
DBLP,Global,8.28333333333333,2.29179639025374
DBLP,Global,8.34166666666667,2.11679639025374
DBLP,Global,8.4,1.94179639025374
DBLP,Global,8.45833333333333,1.76679639025373
DBLP,Global,8.51666666666667,1.59179639025373
DBLP,Global,8.575,1.41679639025374
DBLP,Global,8.63333333333333,1.24179639025374
DBLP,Global,8.69166666666667,1.06679639025374
DBLP,Global,8.75,0.891796390253737
DBLP,Global,8.80833333333333,0.716796390253737
DBLP,Global,8.86666666666667,0.541796390253737
DBLP,Global,8.925,0.366796390253737
DBLP,Global,8.98333333333333,0.191796390253737
DBLP,Global,9.04166666666667,0.0167963902537373
DBLP,Global,9.04726546341791,0
DBLP,Global,9.1,-0.158203609746263
DBLP,Global,9.15833333333333,-0.333203609746263
DBLP,Global,9.21666666666667,-0.508203609746263
DBLP,Global,9.275,-0.683203609746263
DBLP,Global,9.33333333333333,-0.858203609746263
DBLP,Global,9.39166666666667,-1.03320360974626
DBLP,Global,9.45,-1.20820360974626
DBLP,Global,9.50833333333333,-1.38320360974626
DBLP,Global,9.56666666666667,-1.55820360974626
DBLP,Global,9.625,-1.73320360974626
DBLP,Global,9.68333333333333,-1.90820360974626
DBLP,Global,9.74166666666667,-2.08320360974626
DBLP,Global,9.8,-2.25820360974626
DBLP,Global,9.85833333333333,-2.43320360974626
DBLP,Global,9.91666666666667,-2.60820360974626
DBLP,Global,9.975,-2.78320360974626
DBLP,Global,10.0333333333333,-2.95820360974626
DBLP,Global,10.0916666666667,-3.13320360974626
DBLP,Global,10.15,-3.30820360974626
DBLP,Global,10.2083333333333,-3.48320360974626
DBLP,Global,10.2666666666667,-3.65820360974626
DBLP,Global,10.325,-3.83320360974626
DBLP,Global,10.3833333333333,-4.00820360974626
DBLP,Global,10.4416666666667,-4.18320360974626
DBLP,Global,10.5,-4.35820360974626
DBLP,Global,10.5583333333333,-4.53320360974626
DBLP,Global,10.6166666666667,-4.70820360974626
DBLP,Global,10.675,-4.88320360974626
DBLP,Global,10.7333333333333,-5.05820360974626
DBLP,Global,10.7916666666667,-5.23320360974626
DBLP,Global,10.85,-5.40820360974626
DBLP,Global,10.9083333333333,-5.58320360974626
DBLP,Global,10.9666666666667,-5.75820360974626
DBLP,Global,11.025,-5.93320360974626
DBLP,Global,11.0833333333333,-6.10820360974626
DBLP,Global,11.1416666666667,-6.28320360974626
DBLP,Global,11.2,-6.45820360974626
DBLP,Global,11.2583333333333,-6.63320360974626
DBLP,Global,11.3166666666667,-6.80820360974626
DBLP,Global,11.375,-6.98320360974626
DBLP,Global,11.4333333333333,-7.15820360974626
DBLP,Global,11.4916666666667,-7.33320360974626
DBLP,Global,11.55,-7.50820360974626
DBLP,Global,11.6083333333333,-7.68320360974626
DBLP,Global,11.6666666666667,-7.85820360974626
DBLP,Global,11.725,-8.03320360974626
DBLP,Global,11.7833333333333,-8.20820360974626
DBLP,Global,11.8416666666667,-8.38320360974626
DBLP,Global,11.9,-8.55820360974626
DBLP,Global,11.9583333333333,-8.73320360974626
DBLP,Global,12.0166666666667,-8.90820360974626
DBLP,Global,12.075,-9.08320360974626
DBLP,Global,12.1333333333333,-9.25820360974626
DBLP,Global,12.1916666666667,-9.43320360974626
DBLP,Global,12.25,-9.60820360974626
DBLP,Global,12.3083333333333,-9.78320360974626
DBLP,Global,12.3666666666667,-9.95820360974626
DBLP,Global,12.425,-10.1332036097463
DBLP,Global,12.4833333333333,-10.3082036097463
DBLP,Global,12.5416666666667,-10.4832036097463
DBLP,Global,12.6,-10.6582036097463
DBLP,Global,12.6583333333333,-10.8332036097463
DBLP,Global,12.7166666666667,-11.0082036097463
DBLP,Global,12.775,-11.1832036097463
DBLP,Global,12.8333333333333,-11.3582036097463
DBLP,Global,12.8916666666667,-11.5332036097463
DBLP,Global,12.95,-11.7082036097463
DBLP,Global,13.0083333333333,-11.8832036097463
DBLP,Global,13.0666666666667,-12.0582036097463
DBLP,Global,13.125,-12.2332036097463
DBLP,Global,13.1833333333333,-12.4082036097463
DBLP,Global,13.2416666666667,-12.5832036097463
DBLP,Global,13.3,-12.7582036097463
DBLP,Global,13.3583333333333,-12.9332036097463
DBLP,Global,13.4166666666667,-13.1082036097463
DBLP,Global,13.475,-13.2832036097463
DBLP,Global,13.5333333333333,-13.4582036097463
DBLP,Global,13.5916666666667,-13.6332036097463
DBLP,Global,13.65,-13.8082036097463
DBLP,Global,13.7083333333333,-13.9832036097463
DBLP,Global,13.7666666666667,-14.1582036097463
DBLP,Global,13.825,-14.3332036097463
DBLP,Global,13.8833333333333,-14.5082036097463
DBLP,Global,13.9416666666667,-14.6832036097463
DBLP,Global,14,-14.8582036097463
DBLP,Global,14.0583333333333,-15.0332036097463
DBLP,Global,14.1166666666667,-15.2082036097463
DBLP,Global,14.175,-15.3832036097463
DBLP,Global,14.2333333333333,-15.5582036097463
DBLP,Global,14.2916666666667,-15.7332036097463
DBLP,Global,14.35,-15.9082036097463
DBLP,Global,14.4083333333333,-16.0832036097463
DBLP,Global,14.4666666666667,-16.2582036097463
DBLP,Global,14.525,-16.4332036097463
DBLP,Global,14.5833333333333,-16.6082036097463
DBLP,Global,14.6416666666667,-16.7832036097463
DBLP,Global,14.7,-16.9582036097463
DBLP,Global,14.7583333333333,-17.1332036097463
DBLP,Global,14.8166666666667,-17.3082036097463
DBLP,Global,14.875,-17.4832036097463
DBLP,Global,14.9333333333333,-17.6582036097463
DBLP,Global,14.9916666666667,-17.8332036097463
DBLP,Global,15.05,-18.0082036097463
DBLP,Global,15.1083333333333,-18.1832036097463
DBLP,Global,15.1666666666667,-18.3582036097463
DBLP,Global,15.225,-18.5332036097463
DBLP,Global,15.2833333333333,-18.7082036097463
DBLP,Global,15.3416666666667,-18.8832036097463
DBLP,Global,15.4,-19.0582036097463
DBLP,Global,15.4583333333333,-19.2332036097463
DBLP,Global,15.5166666666667,-19.4082036097463
DBLP,Global,15.575,-19.5832036097463
DBLP,Global,15.6333333333333,-19.7582036097463
DBLP,Global,15.6916666666667,-19.9332036097463
DBLP,Global,15.75,-20.1082036097463
DBLP,Global,15.8083333333333,-20.2832036097463
DBLP,Global,15.8666666666667,-20.4582036097463
DBLP,Global,15.925,-20.6332036097463
DBLP,Global,15.9833333333333,-20.8082036097463
DBLP,Global,16.0416666666667,-20.9832036097463
DBLP,Global,16.1,-21.1582036097463
DBLP,Global,16.1583333333333,-21.3332036097463
DBLP,Global,16.2166666666667,-21.5082036097463
DBLP,Global,16.275,-21.6832036097463
DBLP,Global,16.3333333333333,-21.8582036097463
DBLP,Global,16.3916666666667,-22.0332036097463
DBLP,Global,16.45,-22.2082036097463
DBLP,Global,16.5083333333333,-22.3832036097463
DBLP,Global,16.5666666666667,-22.5582036097463
DBLP,Global,16.625,-22.7332036097463
DBLP,Global,16.6833333333333,-22.9082036097463
DBLP,Global,16.7416666666667,-23.0832036097463
DBLP,Global,16.8,-23.2582036097463
DBLP,Global,16.8583333333333,-23.4332036097463
DBLP,Global,16.9166666666667,-23.6082036097463
DBLP,Global,16.975,-23.7832036097463
DBLP,Global,17.0333333333333,-23.9582036097463
DBLP,Global,17.0916666666667,-24.1332036097463
DBLP,Global,17.15,-24.3082036097463
DBLP,Global,17.2083333333333,-24.4832036097463
DBLP,Global,17.2666666666667,-24.6582036097463
DBLP,Global,17.325,-24.8332036097463
DBLP,Global,17.3833333333333,-25.0082036097463
DBLP,Global,17.4416666666667,-25.1832036097463
DBLP,Global,17.5,-25.3582036097463
DBLP,Global,17.5583333333333,-25.5332036097463
DBLP,Global,17.6166666666667,-25.7082036097463
DBLP,Global,17.675,-25.8832036097463
DBLP,Global,17.7333333333333,-26.0582036097463
DBLP,Global,17.7916666666667,-26.2332036097463
DBLP,Global,17.85,-26.4082036097463
DBLP,Global,17.9083333333333,-26.5832036097463
DBLP,Global,17.9666666666667,-26.7582036097463
DBLP,Global,18.025,-26.9332036097463
DBLP,Global,18.0833333333333,-27.1082036097463
DBLP,Global,18.1416666666667,-27.2832036097463
DBLP,Global,18.2,-27.4582036097463
DBLP,Global,18.2583333333333,-27.6332036097463
DBLP,Global,18.3166666666667,-27.8082036097463
DBLP,Global,18.375,-27.9832036097463
DBLP,Global,18.4333333333333,-28.1582036097463
DBLP,Global,18.4916666666667,-28.3332036097463
DBLP,Global,18.55,-28.5082036097463
DBLP,Global,18.6083333333333,-28.6832036097463
DBLP,Global,18.6666666666667,-28.8582036097463
DBLP,Global,18.725,-29.0332036097463
DBLP,Global,18.7833333333333,-29.2082036097463
DBLP,Global,18.8416666666667,-29.3832036097463
DBLP,Global,18.9,-29.5582036097463
DBLP,Global,18.9583333333333,-29.7332036097463
DBLP,Global,19.0166666666667,-29.9082036097463
DBLP,Global,19.075,-30.0832036097463
DBLP,Global,19.1333333333333,-30.2582036097463
DBLP,Global,19.1916666666667,-30.4332036097463
DBLP,Global,19.25,-30.6082036097463
DBLP,Global,19.3083333333333,-30.7832036097463
DBLP,Global,19.3666666666667,-30.9582036097463
DBLP,Global,19.425,-31.1332036097463
DBLP,Global,19.4833333333333,-31.3082036097463
DBLP,Global,19.5416666666667,-31.4832036097463
DBLP,Global,19.6,-31.6582036097463
DBLP,Global,19.6583333333333,-31.8332036097463
DBLP,Global,19.7166666666667,-32.0082036097463
DBLP,Global,19.775,-32.1832036097463
DBLP,Global,19.8333333333333,-32.3582036097463
DBLP,Global,19.8916666666667,-32.5332036097463
DBLP,Global,19.95,-32.7082036097463
DBLP,Global,20.0083333333333,-32.8832036097463
DBLP,Global,20.0666666666667,-33.0582036097463
DBLP,Global,20.125,-33.2332036097463
DBLP,Global,20.1833333333333,-33.4082036097463
DBLP,Global,20.2416666666667,-33.5832036097463
DBLP,Global,20.3,-33.7582036097463
DBLP,Global,20.3583333333333,-33.9332036097463
DBLP,Global,20.4166666666667,-34.1082036097463
DBLP,Global,20.475,-34.2832036097463
DBLP,Global,20.5333333333333,-34.4582036097463
DBLP,Global,20.5916666666667,-34.6332036097463
DBLP,Global,20.65,-34.8082036097463
DBLP,Global,20.7083333333333,-34.9832036097463
DBLP,Global,20.7666666666667,-35.1582036097463
DBLP,Global,20.825,-35.3332036097463
DBLP,Global,20.8833333333333,-35.5082036097463
DBLP,Global,20.9416666666667,-35.6832036097463
DBLP,Global,21,-35.8582036097463
DBLP,Global,21.0583333333333,-36.0332036097463
DBLP,Global,21.1166666666667,-36.2082036097463
DBLP,Global,21.175,-36.3832036097463
DBLP,Global,21.2333333333333,-36.5582036097463
DBLP,Global,21.2916666666667,-36.7332036097463
DBLP,Global,21.35,-36.9082036097463
DBLP,Global,21.4083333333333,-37.0832036097463
DBLP,Global,21.4666666666667,-37.2582036097463
DBLP,Global,21.525,-37.4332036097463
DBLP,Global,21.5833333333333,-37.6082036097463
DBLP,Global,21.6416666666667,-37.7832036097463
DBLP,Global,21.7,-37.9582036097463
DBLP,Global,21.7583333333333,-38.1332036097463
DBLP,Global,21.8166666666667,-38.3082036097463
DBLP,Global,21.875,-38.4832036097463
DBLP,Global,21.9333333333333,-38.6582036097463
DBLP,Global,21.9916666666667,-38.8332036097463
DBLP,Global,22.05,-39.0082036097463
DBLP,Global,22.1083333333333,-39.1832036097463
DBLP,Global,22.1666666666667,-39.3582036097463
DBLP,Global,22.225,-39.5332036097463
DBLP,Global,22.2833333333333,-39.7082036097463
DBLP,Global,22.3416666666667,-39.8832036097463
DBLP,Global,22.4,-40.0582036097463
DBLP,Global,22.4583333333333,-40.2332036097463
DBLP,Global,22.5166666666667,-40.4082036097463
DBLP,Global,22.575,-40.5832036097463
DBLP,Global,22.6333333333333,-40.7582036097463
DBLP,Global,22.6916666666667,-40.9332036097463
DBLP,Global,22.75,-41.1082036097463
DBLP,Global,22.8083333333333,-41.2832036097463
DBLP,Global,22.8666666666667,-41.4582036097463
DBLP,Global,22.925,-41.6332036097463
DBLP,Global,22.9833333333333,-41.8082036097463
DBLP,Global,23.0416666666667,-41.9832036097463
DBLP,Global,23.1,-42.1582036097463
DBLP,Global,23.1583333333333,-42.3332036097463
DBLP,Global,23.2166666666667,-42.5082036097463
DBLP,Global,23.275,-42.6832036097463
DBLP,Global,23.3333333333333,-42.8582036097463
DBLP,Global,23.3916666666667,-43.0332036097463
DBLP,Global,23.45,-43.2082036097463
DBLP,Global,23.5083333333333,-43.3832036097463
DBLP,Global,23.5666666666667,-43.5582036097463
DBLP,Global,23.625,-43.7332036097463
DBLP,Global,23.6833333333333,-43.9082036097463
DBLP,Global,23.7416666666667,-44.0832036097463
DBLP,Global,23.8,-44.2582036097463
DBLP,Global,23.8583333333333,-44.4332036097463
DBLP,Global,23.9166666666667,-44.6082036097463
DBLP,Global,23.975,-44.7832036097463
DBLP,Global,24.0333333333333,-44.9582036097463
DBLP,Global,24.0916666666667,-45.1332036097463
DBLP,Global,24.15,-45.3082036097463
DBLP,Global,24.2083333333333,-45.4832036097463
DBLP,Global,24.2666666666667,-45.6582036097463
DBLP,Global,24.325,-45.8332036097463
DBLP,Global,24.3833333333333,-46.0082036097463
DBLP,Global,24.4416666666667,-46.1832036097463
DBLP,Global,24.5,-46.3582036097463
DBLP,Global,24.5583333333333,-46.5332036097463
DBLP,Global,24.6166666666667,-46.7082036097463
DBLP,Global,24.675,-46.8832036097463
DBLP,Global,24.7333333333333,-47.0582036097463
DBLP,Global,24.7916666666667,-47.2332036097463
DBLP,Global,24.85,-47.4082036097463
DBLP,Global,24.9083333333333,-47.5832036097463
DBLP,Global,24.9666666666667,-47.7582036097463
DBLP,Global,25.025,-47.9332036097463
DBLP,Global,25.0833333333333,-48.1082036097463
DBLP,Global,25.1416666666667,-48.2832036097463
DBLP,Global,25.2,-48.4582036097463
DBLP,Global,25.2583333333333,-48.6332036097463
DBLP,Global,25.3166666666667,-48.8082036097463
DBLP,Global,25.375,-48.9832036097463
DBLP,Global,25.4333333333333,-49.1582036097463
DBLP,Global,25.4916666666667,-49.3332036097463
DBLP,Global,25.55,-49.5082036097463
DBLP,Global,25.6083333333333,-49.6832036097463
DBLP,Global,25.6666666666667,-49.8582036097463
DBLP,Global,25.725,-50.0332036097463
DBLP,Global,25.7833333333333,-50.2082036097463
DBLP,Global,25.8416666666667,-50.3832036097463
DBLP,Global,25.9,-50.5582036097463
DBLP,Global,25.9583333333333,-50.7332036097463
DBLP,Global,26.0166666666667,-50.9082036097463
DBLP,Global,26.075,-51.0832036097463
DBLP,Global,26.1333333333333,-51.2582036097463
DBLP,Global,26.1916666666667,-51.4332036097463
DBLP,Global,26.25,-51.6082036097463
DBLP,Global,26.3083333333333,-51.7832036097463
DBLP,Global,26.3666666666667,-51.9582036097463
DBLP,Global,26.425,-52.1332036097463
DBLP,Global,26.4833333333333,-52.3082036097463
DBLP,Global,26.5416666666667,-52.4832036097463
DBLP,Global,26.6,-52.6582036097463
DBLP,Global,26.6583333333333,-52.8332036097463
DBLP,Global,26.7166666666667,-53.0082036097463
DBLP,Global,26.775,-53.1832036097463
DBLP,Global,26.8333333333333,-53.3582036097463
DBLP,Global,26.8916666666667,-53.5332036097463
DBLP,Global,26.95,-53.7082036097463
DBLP,Global,27.0083333333333,-53.8832036097463
DBLP,Global,27.0666666666667,-54.0582036097463
DBLP,Global,27.125,-54.2332036097463
DBLP,Global,27.1833333333333,-54.4082036097463
DBLP,Global,27.2416666666667,-54.5832036097463
DBLP,Global,27.3,-54.7582036097463
DBLP,Global,27.3583333333333,-54.9332036097463
DBLP,Global,27.4166666666667,-55.1082036097463
DBLP,Global,27.475,-55.2832036097463
DBLP,Global,27.5333333333333,-55.4582036097463
DBLP,Global,27.5916666666667,-55.6332036097463
DBLP,Global,27.65,-55.8082036097463
DBLP,Global,27.7083333333333,-55.9832036097463
DBLP,Global,27.7666666666667,-56.1582036097463
DBLP,Global,27.825,-56.3332036097463
DBLP,Global,27.8833333333333,-56.5082036097463
DBLP,Global,27.9416666666667,-56.6832036097463
DBLP,Global,28,-56.8582036097463
DBLP,Global,28.0583333333333,-57.0332036097463
DBLP,Global,28.1166666666667,-57.2082036097463
DBLP,Global,28.175,-57.3832036097463
DBLP,Global,28.2333333333333,-57.5582036097463
DBLP,Global,28.2916666666667,-57.7332036097463
DBLP,Global,28.35,-57.9082036097463
DBLP,Global,28.4083333333333,-58.0832036097463
DBLP,Global,28.4666666666667,-58.2582036097463
DBLP,Global,28.525,-58.4332036097463
DBLP,Global,28.5833333333333,-58.6082036097463
DBLP,Global,28.6416666666667,-58.7832036097463
DBLP,Global,28.7,-58.9582036097463
DBLP,Global,28.7583333333333,-59.1332036097463
DBLP,Global,28.8166666666667,-59.3082036097463
DBLP,Global,28.875,-59.4832036097463
DBLP,Global,28.9333333333333,-59.6582036097463
DBLP,Global,28.9916666666667,-59.8332036097463
DBLP,Global,29.05,-60.0082036097463
DBLP,Global,29.1083333333333,-60.1832036097463
DBLP,Global,29.1666666666667,-60.3582036097463
DBLP,Global,29.225,-60.5332036097463
DBLP,Global,29.2833333333333,-60.7082036097463
DBLP,Global,29.3416666666667,-60.8832036097463
DBLP,Global,29.4,-61.0582036097463
DBLP,Global,29.4583333333333,-61.2332036097463
DBLP,Global,29.5166666666667,-61.4082036097463
DBLP,Global,29.575,-61.5832036097463
DBLP,Global,29.6333333333333,-61.7582036097463
DBLP,Global,29.6916666666667,-61.9332036097463
DBLP,Global,29.75,-62.1082036097463
DBLP,Global,29.8083333333333,-62.2832036097463
DBLP,Global,29.8666666666667,-62.4582036097463
DBLP,Global,29.925,-62.6332036097463
DBLP,Global,29.9833333333333,-62.8082036097463
DBLP,Global,30.0416666666667,-62.9832036097463
DBLP,Global,30.1,-63.1582036097463
DBLP,Global,30.1583333333333,-63.3332036097463
DBLP,Global,30.2166666666667,-63.5082036097463
DBLP,Global,30.275,-63.6832036097463
DBLP,Global,30.3333333333333,-63.8582036097463
DBLP,Global,30.3916666666667,-64.0332036097463
DBLP,Global,30.45,-64.2082036097463
DBLP,Global,30.5083333333333,-64.3832036097463
DBLP,Global,30.5666666666667,-64.5582036097463
DBLP,Global,30.625,-64.7332036097463
DBLP,Global,30.6833333333333,-64.9082036097463
DBLP,Global,30.7416666666667,-65.0832036097463
DBLP,Global,30.8,-65.2582036097463
DBLP,Global,30.8583333333333,-65.4332036097463
DBLP,Global,30.9166666666667,-65.6082036097463
DBLP,Global,30.975,-65.7832036097463
DBLP,Global,31.0333333333333,-65.9582036097463
DBLP,Global,31.0916666666667,-66.1332036097463
DBLP,Global,31.15,-66.3082036097463
DBLP,Global,31.2083333333333,-66.4832036097463
DBLP,Global,31.2666666666667,-66.6582036097463
DBLP,Global,31.325,-66.8332036097463
DBLP,Global,31.3833333333333,-67.0082036097463
DBLP,Global,31.4416666666667,-67.1832036097463
DBLP,Global,31.5,-67.3582036097463
DBLP,Global,31.5583333333333,-67.5332036097463
DBLP,Global,31.6166666666667,-67.7082036097463
DBLP,Global,31.675,-67.8832036097463
DBLP,Global,31.7333333333333,-68.0582036097463
DBLP,Global,31.7916666666667,-68.2332036097463
DBLP,Global,31.85,-68.4082036097463
DBLP,Global,31.9083333333333,-68.5832036097463
DBLP,Global,31.9666666666667,-68.7582036097463
DBLP,Global,32.025,-68.9332036097463
DBLP,Global,32.0833333333333,-69.1082036097463
DBLP,Global,32.1416666666667,-69.2832036097463
DBLP,Global,32.2,-69.4582036097463
DBLP,Global,32.2583333333333,-69.6332036097463
DBLP,Global,32.3166666666667,-69.8082036097463
DBLP,Global,32.375,-69.9832036097463
DBLP,Global,32.4333333333333,-70.1582036097463
DBLP,Global,32.4916666666667,-70.3332036097463
DBLP,Global,32.55,-70.5082036097462
DBLP,Global,32.6083333333333,-70.6832036097463
DBLP,Global,32.6666666666667,-70.8582036097462
DBLP,Global,32.725,-71.0332036097463
DBLP,Global,32.7833333333333,-71.2082036097463
DBLP,Global,32.8416666666667,-71.3832036097463
DBLP,Global,32.9,-71.5582036097463
DBLP,Global,32.9583333333333,-71.7332036097463
DBLP,Global,33.0166666666667,-71.9082036097463
DBLP,Global,33.075,-72.0832036097463
DBLP,Global,33.1333333333333,-72.2582036097463
DBLP,Global,33.1916666666667,-72.4332036097463
DBLP,Global,33.25,-72.6082036097463
DBLP,Global,33.3083333333333,-72.7832036097463
DBLP,Global,33.3666666666667,-72.9582036097463
DBLP,Global,33.425,-73.1332036097462
DBLP,Global,33.4833333333333,-73.3082036097463
DBLP,Global,33.5416666666667,-73.4832036097462
DBLP,Global,33.6,-73.6582036097463
DBLP,Global,33.6583333333333,-73.8332036097463
DBLP,Global,33.7166666666667,-74.0082036097463
DBLP,Global,33.775,-74.1832036097463
DBLP,Global,33.8333333333333,-74.3582036097463
DBLP,Global,33.8916666666667,-74.5332036097463
DBLP,Global,33.95,-74.7082036097463
DBLP,Global,34.0083333333333,-74.8832036097463
DBLP,Global,34.0666666666667,-75.0582036097463
DBLP,Global,34.125,-75.2332036097463
DBLP,Global,34.1833333333333,-75.4082036097463
DBLP,Global,34.2416666666667,-75.5832036097463
DBLP,Global,34.3,-75.7582036097462
DBLP,Global,34.3583333333333,-75.9332036097463
DBLP,Global,34.4166666666667,-76.1082036097462
DBLP,Global,34.475,-76.2832036097463
DBLP,Global,34.5333333333333,-76.4582036097463
DBLP,Global,34.5916666666667,-76.6332036097463
DBLP,Global,34.65,-76.8082036097463
DBLP,Global,34.7083333333333,-76.9832036097463
DBLP,Global,34.7666666666667,-77.1582036097463
DBLP,Global,34.825,-77.3332036097463
DBLP,Global,34.8833333333333,-77.5082036097463
DBLP,Global,34.9416666666667,-77.6832036097463
DBLP,Global,35,-77.8582036097463
