Dataset,NetworkType,c,Alternative,IsCandidate,IsUniqueOptimum,Welfare,SingletonSum,Surplus,SurplusPerNode,ImputationExists,Status,ImputationDiameter
Karate,Local,0,5,1,1,1777.10980392157,476.890196078431,1300.21960784314,38.241753171857,1,Nonempty,1838.78820347519
Karate,Local,0.122161155965654,5,1,1,1774.61771633987,479.382283660131,1295.23543267974,38.0951597846982,1,Nonempty,1831.73951536187
Karate,Local,0.244322311931308,5,1,1,1772.12562875817,481.87437124183,1290.25125751634,37.9485663975394,1,Nonempty,1824.69082724855
Karate,Local,0.366483467896963,5,1,1,1769.63354117647,484.366458823529,1285.26708235294,37.8019730103806,1,Nonempty,1817.64213913523
Karate,Local,0.488644623862617,5,1,1,1767.14145359477,486.858546405229,1280.28290718954,37.6553796232218,1,Nonempty,1810.59345102191
Karate,Local,0.610805779828271,5,1,1,1764.64936601307,489.350633986928,1275.29873202614,37.5087862360631,1,Nonempty,1803.54476290858
Karate,Local,0.732966935793925,5,1,1,1762.15727843137,491.842721568627,1270.31455686275,37.3621928489043,1,Nonempty,1796.49607479526
Karate,Local,0.85512809175958,5,1,1,1759.66519084967,494.334809150327,1265.33038169935,37.2155994617455,1,Nonempty,1789.44738668194
Karate,Local,0.977289247725234,5,1,1,1757.17310326797,496.826896732026,1260.34620653595,37.0690060745867,1,Nonempty,1782.39869856862
Karate,Local,1.09945040369089,5,1,1,1754.68101568627,499.318984313725,1255.36203137255,36.9224126874279,1,Nonempty,1775.3500104553
Karate,Local,1.22161155965654,5,1,1,1752.18892810458,501.811071895425,1250.37785620915,36.7758193002691,1,Nonempty,1768.30132234198
Karate,Local,1.3437727156222,5,1,1,1749.69684052288,504.303159477124,1245.39368104575,36.6292259131104,1,Nonempty,1761.25263422866
Karate,Local,1.46593387158785,5,1,1,1747.20475294118,506.795247058824,1240.40950588235,36.4826325259516,1,Nonempty,1754.20394611533
Karate,Local,1.5880950275535,5,1,1,1744.71266535948,509.287334640523,1235.42533071895,36.3360391387928,1,Nonempty,1747.15525800201
Karate,Local,1.71025618351916,5,1,1,1742.22057777778,511.779422222222,1230.44115555556,36.189445751634,1,Nonempty,1740.10656988869
Karate,Local,1.83241733948481,5,1,1,1739.72849019608,514.271509803922,1225.45698039216,36.0428523644752,1,Nonempty,1733.05788177537
Karate,Local,1.95457849545047,5,1,1,1737.23640261438,516.763597385621,1220.47280522876,35.8962589773164,1,Nonempty,1726.00919366205
Karate,Local,2.07673965141612,5,1,1,1734.74431503268,519.25568496732,1215.48863006536,35.7496655901576,1,Nonempty,1718.96050554873
Karate,Local,2.19890080738178,5,1,1,1732.25222745098,521.74777254902,1210.50445490196,35.6030722029989,1,Nonempty,1711.9118174354
Karate,Local,2.32106196334743,5,1,1,1729.76013986928,524.239860130719,1205.52027973856,35.4564788158401,1,Nonempty,1704.86312932208
Karate,Local,2.44322311931308,5,1,1,1727.26805228758,526.731947712418,1200.53610457516,35.3098854286813,1,Nonempty,1697.81444120876
Karate,Local,2.56538427527874,5,1,1,1724.77596470588,529.224035294118,1195.55192941177,35.1632920415225,1,Nonempty,1690.76575309544
Karate,Local,2.68754543124439,5,1,1,1722.28387712418,531.716122875817,1190.56775424837,35.0166986543637,1,Nonempty,1683.71706498212
Karate,Local,2.80970658721005,5,1,1,1719.79178954248,534.208210457516,1185.58357908497,34.8701052672049,1,Nonempty,1676.6683768688
Karate,Local,2.9318677431757,5,1,1,1717.29970196078,536.700298039216,1180.59940392157,34.7235118800461,1,Nonempty,1669.61968875547
Karate,Local,3.05402889914135,5,1,1,1714.80761437909,539.192385620915,1175.61522875817,34.5769184928874,1,Nonempty,1662.57100064215
Karate,Local,3.17619005510701,5,1,1,1712.31552679739,541.684473202614,1170.63105359477,34.4303251057286,1,Nonempty,1655.52231252883
Karate,Local,3.29835121107266,5,1,1,1709.82343921569,544.176560784314,1165.64687843137,34.2837317185698,1,Nonempty,1648.47362441551
Karate,Local,3.42051236703832,5,1,1,1707.33135163399,546.668648366013,1160.66270326797,34.137138331411,1,Nonempty,1641.42493630219
Karate,Local,3.54267352300397,5,1,1,1704.83926405229,549.160735947712,1155.67852810458,33.9905449442522,1,Nonempty,1634.37624818887
Karate,Local,3.66483467896963,5,1,1,1702.34717647059,551.652823529412,1150.69435294118,33.8439515570934,1,Nonempty,1627.32756007555
Karate,Local,3.78699583493528,5,1,1,1699.85508888889,554.144911111111,1145.71017777778,33.6973581699346,1,Nonempty,1620.27887196222
Karate,Local,3.90915699090093,5,1,1,1697.36300130719,556.63699869281,1140.72600261438,33.5507647827759,1,Nonempty,1613.2301838489
Karate,Local,4.03131814686659,5,1,1,1694.87091372549,559.12908627451,1135.74182745098,33.4041713956171,1,Nonempty,1606.18149573558
Karate,Local,4.15347930283224,5,1,1,1692.37882614379,561.621173856209,1130.75765228758,33.2575780084583,1,Nonempty,1599.13280762226
Karate,Local,4.2756404587979,5,1,1,1689.88673856209,564.113261437908,1125.77347712418,33.1109846212995,1,Nonempty,1592.08411950894
Karate,Local,4.39780161476355,5,1,1,1687.39465098039,566.605349019608,1120.78930196078,32.9643912341407,1,Nonempty,1585.03543139562
Karate,Local,4.51996277072921,5,1,1,1684.90256339869,569.097436601307,1115.80512679739,32.8177978469819,1,Nonempty,1577.98674328229
Karate,Local,4.64212392669486,5,1,1,1682.41047581699,571.589524183007,1110.82095163399,32.6712044598232,1,Nonempty,1570.93805516897
Karate,Local,4.76428508266051,5,1,1,1679.91838823529,574.081611764706,1105.83677647059,32.5246110726644,1,Nonempty,1563.88936705565
Karate,Local,4.88644623862617,5,1,1,1677.42630065359,576.573699346405,1100.85260130719,32.3780176855056,1,Nonempty,1556.84067894233
Karate,Local,5.00860739459182,5,1,1,1674.9342130719,579.065786928105,1095.86842614379,32.2314242983468,1,Nonempty,1549.79199082901
Karate,Local,5.13076855055748,5,1,1,1672.4421254902,581.557874509804,1090.88425098039,32.084830911188,1,Nonempty,1542.74330271569
Karate,Local,5.25292970652313,5,1,1,1669.9500379085,584.049962091503,1085.90007581699,31.9382375240292,1,Nonempty,1535.69461460236
Karate,Local,5.37509086248879,5,1,1,1667.4579503268,586.542049673203,1080.91590065359,31.7916441368704,1,Nonempty,1528.64592648904
Karate,Local,5.49725201845444,5,1,1,1664.9658627451,589.034137254902,1075.9317254902,31.6450507497117,1,Nonempty,1521.59723837572
Karate,Local,5.61941317442009,5,1,1,1662.4737751634,591.526224836601,1070.9475503268,31.4984573625529,1,Nonempty,1514.5485502624
Karate,Local,5.74157433038575,5,1,1,1659.9816875817,594.018312418301,1065.9633751634,31.3518639753941,1,Nonempty,1507.49986214908
Karate,Local,5.8637354863514,5,1,1,1657.4896,596.5104,1060.9792,31.2052705882353,1,Nonempty,1500.45117403576
Karate,Local,5.98589664231706,5,1,1,1654.9975124183,599.002487581699,1055.9950248366,31.0586772010765,1,Nonempty,1493.40248592244
Karate,Local,6.10805779828271,5,1,1,1652.5054248366,601.494575163399,1051.0108496732,30.9120838139177,1,Nonempty,1486.35379780911
Karate,Local,6.23021895424836,5,1,1,1650.0133372549,603.986662745098,1046.0266745098,30.7654904267589,1,Nonempty,1479.30510969579
Karate,Local,6.35238011021402,5,1,1,1647.5212496732,606.478750326797,1041.04249934641,30.6188970396002,1,Nonempty,1472.25642158247
Karate,Local,6.47454126617967,5,1,1,1645.0291620915,608.970837908497,1036.05832418301,30.4723036524414,1,Nonempty,1465.20773346915
Karate,Local,6.59670242214533,5,1,1,1642.5370745098,611.462925490196,1031.07414901961,30.3257102652826,1,Nonempty,1458.15904535583
Karate,Local,6.71886357811098,5,1,1,1640.0449869281,613.955013071895,1026.08997385621,30.1791168781238,1,Nonempty,1451.11035724251
Karate,Local,6.84102473407664,5,1,1,1637.55289934641,616.447100653595,1021.10579869281,30.032523490965,1,Nonempty,1444.06166912918
Karate,Local,6.96318589004229,5,1,1,1635.06081176471,618.939188235294,1016.12162352941,29.8859301038062,1,Nonempty,1437.01298101586
Karate,Local,7.08534704600794,5,1,1,1632.56872418301,621.431275816993,1011.13744836601,29.7393367166475,1,Nonempty,1429.96429290254
Karate,Local,7.18772786386532,5,1,1,1630.48015549872,623.519844501284,1006.96031099743,29.6164797352186,1,Nonempty,1424.056928584
Karate,Local,7.18779974186274,5,1,1,1630.47868918757,623.521310812431,1006.95737837514,29.6163934816217,1,Nonempty,1424.05278122978
Karate,Local,7.18787161986016,5,1,1,1630.47722287642,623.522777123579,1006.95444575284,29.6163072280248,1,Nonempty,1424.04863387555
Karate,Local,7.2075082019736,5,1,1,1630.07663660131,623.923363398693,1006.15327320261,29.5927433294887,1,Nonempty,1422.91560478922
Karate,Local,7.32966935793925,5,1,1,1627.58454901961,626.415450980392,1001.16909803922,29.4461499423299,1,Nonempty,1415.8669166759
Karate,Local,7.35246907379743,5,1,1,1627.1194348161,626.880565183899,1000.2388696322,29.4187902833001,1,Nonempty,1414.55137504659
Karate,Local,7.35254259922343,5,1,1,1627.11793489741,626.882065102589,1000.23586979482,29.4187020527889,1,Nonempty,1414.54713263589
Karate,Local,7.35261612464942,5,1,1,1627.11643497872,626.88356502128,1000.23286995744,29.4186138222777,1,Nonempty,1414.54289022518
Karate,Local,7.45183051390491,5,1,1,1625.09246143791,628.907538562092,996.184922875817,29.2995565551711,1,Nonempty,1408.81822856258
Karate,Local,7.57399166987056,5,1,1,1622.60037385621,631.399626143791,991.200747712419,29.1529631680123,1,Nonempty,1401.76954044925
Karate,Local,7.69615282583621,5,1,1,1620.10828627451,633.89171372549,986.21657254902,29.0063697808535,1,Nonempty,1394.72085233593
Karate,Local,7.81831398180187,5,1,1,1617.61619869281,636.38380130719,981.232397385621,28.8597763936947,1,Nonempty,1387.67216422261
Karate,Local,7.94047513776752,5,1,1,1615.12411111111,638.875888888889,976.248222222222,28.713183006536,1,Nonempty,1380.62347610929
Karate,Local,8.06263629373318,5,1,1,1612.63202352941,641.367976470588,971.264047058824,28.5665896193772,1,Nonempty,1373.57478799597
Karate,Local,8.18479744969883,5,1,1,1610.13993594771,643.860064052288,966.279871895425,28.4199962322184,1,Nonempty,1366.52609988265
Karate,Local,8.28017384837035,5,1,1,1608.19425741481,645.805742585187,962.388514829627,28.3055445538126,1,Nonempty,1361.02288994416
Karate,Local,8.28025665093686,5,1,1,1608.19256824246,645.807431757543,962.385136484913,28.3054451907327,1,Nonempty,1361.01811224325
Karate,Local,8.28033945350337,5,1,1,1608.1908790701,645.8091209299,962.3817581402,28.3053458276529,1,Nonempty,1361.01333454233
Karate,Local,8.29078597333203,5,1,1,1607.9777700656,646.022229934405,961.95554013119,28.2928100038585,1,Nonempty,1360.41057125347
Karate,Local,8.29086888202085,5,1,1,1607.97607872834,646.023921271657,961.952157456687,28.292710513432,1,Nonempty,1360.40578742931
Karate,Local,8.29095179070968,5,1,1,1607.97438739109,646.025612608909,961.948774782183,28.2926110230054,1,Nonempty,1360.40100360514
Karate,Local,8.30695860566449,5,1,1,1607.64784836601,646.352151633987,961.295696732026,28.2734028450596,1,Nonempty,1359.47741176933
Karate,Local,8.35488870489337,5,1,1,1606.67007434174,647.329925658256,959.340148683488,28.2158867259849,1,Nonempty,1356.71184919721
Karate,Local,8.35497225461592,5,1,1,1606.6683699274,647.331630072596,959.336739854808,28.2157864663179,1,Nonempty,1356.70702838546
Karate,Local,8.35505580433847,5,1,1,1606.66666551306,647.333334486936,959.333331026128,28.2156862066508,1,Nonempty,1356.70220757371
Karate,Local,8.42911976163014,5,1,1,1605.15576078431,648.844239215686,956.311521568628,28.1268094579008,1,Nonempty,1352.428723656
Karate,Local,8.52696458000834,5,1,1,1603.1597264894,650.840273510601,952.319452978797,28.009395675847,1,Nonempty,1346.78308611434
Karate,Local,8.52704985050684,5,1,1,1603.15798697123,650.842013028771,952.315973942458,28.0092933512488,1,Nonempty,1346.77816601397
Karate,Local,8.52713512100535,5,1,1,1603.15624745306,650.843752546941,952.312494906119,28.0091910266506,1,Nonempty,1346.77324591359
Karate,Local,8.55128091759579,5,1,1,1602.66367320261,651.336326797386,951.327346405229,27.980216070742,1,Nonempty,1345.38003554268
Karate,Local,8.63592962901206,5,1,1,1600.93683948972,653.063160510277,947.873678979445,27.8786376170425,1,Nonempty,1340.49581222921
Karate,Local,8.63601598917196,5,1,1,1600.93507774246,653.064922257539,947.870155484922,27.8785339848506,1,Nonempty,1340.49082925547
Karate,Local,8.63610234933185,5,1,1,1600.9333159952,653.066684004801,947.866631990398,27.8784303526588,1,Nonempty,1340.48584628173
Karate,Local,8.67344207356145,5,1,1,1600.17158562092,653.828414379085,946.34317124183,27.8336226835832,1,Nonempty,1338.33134742936
Karate,Local,8.73562312488827,5,1,1,1598.90309217385,655.096907826152,943.806184347696,27.7590054219911,1,Nonempty,1334.74350615611
Karate,Local,8.73571048199309,5,1,1,1598.90131008891,655.09868991109,943.80262017782,27.7589005934653,1,Nonempty,1334.73846565874
Karate,Local,8.73579783909791,5,1,1,1598.89952800397,655.100471996029,943.799056007943,27.7587957649395,1,Nonempty,1334.73342516136
Karate,Local,8.78404674389113,5,1,1,1597.91525034619,656.08474965381,941.830500692379,27.7008970791876,1,Nonempty,1331.94946753581
Karate,Local,8.78413458523698,5,1,1,1597.91345838273,656.086541617266,941.826916765469,27.7007916695726,1,Nonempty,1331.94439909776
Karate,Local,8.78422242658283,5,1,1,1597.91166641928,656.088333580721,941.823332838558,27.7006862599576,1,Nonempty,1331.93933065972
Karate,Local,8.7956032295271,5,1,1,1597.67949803922,656.320501960784,941.358996078432,27.6870292964245,1,Nonempty,1331.28265931604
Karate,Local,8.89258698336861,5,1,1,1595.70102946085,658.298970539151,937.402058921698,27.5706487918146,1,Nonempty,1325.68670512353
Karate,Local,8.89267591012771,5,1,1,1595.69921535496,658.300784645037,937.398430709927,27.5705420797037,1,Nonempty,1325.68157405723
Karate,Local,8.89276483688682,5,1,1,1595.69740124908,658.302598750922,937.394802498155,27.5704353675928,1,Nonempty,1325.67644299094
Karate,Local,8.90728441998734,5,1,1,1595.40120175383,658.598798246173,936.802403507654,27.5530118678722,1,Nonempty,1324.83866430424
Karate,Local,8.90737349372227,5,1,1,1595.39938464963,658.600615350366,936.798769299269,27.5529049793903,1,Nonempty,1324.83352475745
Karate,Local,8.90746256745721,5,1,1,1595.39756754544,658.602432454559,936.795135090883,27.5527980909083,1,Nonempty,1324.82838521066
Karate,Local,8.91776438549276,5,1,1,1595.18741045752,658.812589542484,936.374820915033,27.5404359092657,1,Nonempty,1324.23397120272
Karate,Local,8.95511651775248,5,1,1,1594.42542695942,659.574573040582,934.850853918836,27.495613350554,1,Nonempty,1322.07875640809
Karate,Local,8.95520606981318,5,1,1,1594.42360009738,659.57639990262,934.84720019476,27.4955058880812,1,Nonempty,1322.07358926195
Karate,Local,8.95529562187387,5,1,1,1594.42177323534,659.578226764658,934.843546470683,27.4953984256083,1,Nonempty,1322.0684221158
Karate,Local,8.95912126700135,5,1,1,1594.34373007474,659.656269925259,934.687460149482,27.4908076514554,1,Nonempty,1321.84768272346
Karate,Local,8.95921085910994,5,1,1,1594.34190239573,659.658097604274,934.683804791452,27.490700140925,1,Nonempty,1321.84251326656
Karate,Local,8.95930045121853,5,1,1,1594.34007471671,659.659925283289,934.680149433421,27.4905926303947,1,Nonempty,1321.83734380966
Karate,Local,8.96478404337901,5,1,1,1594.22820943664,659.771790563363,934.456418873274,27.4840123198022,1,Nonempty,1321.52094101718
Karate,Local,8.96487369211594,5,1,1,1594.2263806024,659.773619397596,934.452761204807,27.4839047413179,1,Nonempty,1321.51576829283
Karate,Local,8.96496334085286,5,1,1,1594.22455176817,659.77544823183,934.449103536341,27.4837971628336,1,Nonempty,1321.51059556847
Karate,Local,8.9743146079736,5,1,1,1594.03378591891,659.966214081093,934.067571837815,27.4725756422887,1,Nonempty,1320.97102826594
Karate,Local,8.97440435201712,5,1,1,1594.03195514042,659.968044859581,934.063910280839,27.4724679494364,1,Nonempty,1320.96585004241
Karate,Local,8.97449409606064,5,1,1,1594.03012436193,659.969875638068,934.060248723863,27.4723602565842,1,Nonempty,1320.96067181887
Karate,Local,8.97452490499112,5,1,1,1594.02949585975,659.97050414025,934.0589917195,27.4723232858676,1,Nonempty,1320.95889414626
Karate,Local,8.97461465113763,5,1,1,1594.02766503836,659.972334961639,934.055330076722,27.4722155904918,1,Nonempty,1320.95371580138
Karate,Local,8.97470439728414,5,1,1,1594.02583421697,659.974165783028,934.051668433944,27.472107895116,1,Nonempty,1320.9485374565
Karate,Local,8.98503224306695,5,1,1,1593.815146163,660.184853836997,933.630292326006,27.4597144801766,1,Nonempty,1320.35262164979
Karate,Local,8.9851220942879,5,1,1,1593.8133131981,660.186686801904,933.626626396191,27.4596066587115,1,Nonempty,1320.34743724213
Karate,Local,8.98521194550884,5,1,1,1593.81148023319,660.188519766812,933.622960466377,27.4594988372464,1,Nonempty,1320.34225283447
Karate,Local,8.98712433639839,5,1,1,1593.77246745904,660.227532540958,933.544934918083,27.4572039681789,1,Nonempty,1320.23190804586
Karate,Local,8.98721420854047,5,1,1,1593.77063406734,660.229365932657,933.541268134686,27.4570961216084,1,Nonempty,1320.22672243105
Karate,Local,8.98730408068256,5,1,1,1593.76880067564,660.231199324356,933.537601351289,27.4569882750379,1,Nonempty,1320.22153681624
Karate,Local,8.98891529313116,5,1,1,1593.73593194169,660.264068058307,933.471863883386,27.4550548200996,1,Nonempty,1320.12856999758
Karate,Local,8.98900518318299,5,1,1,1593.73409818464,660.265901815364,933.468196369271,27.4549469520374,1,Nonempty,1320.12338334937
Karate,Local,8.98909507323483,5,1,1,1593.73226442758,660.267735572422,933.464528855156,27.4548390839752,1,Nonempty,1320.11819670117
Karate,Local,8.9954967525962,5,1,1,1593.60167016861,660.398329831394,933.203340337212,27.4471570687415,1,Nonempty,1319.74882035676
Karate,Local,8.99558670846329,5,1,1,1593.59983506892,660.400164931082,933.199670137835,27.447049121701,1,Nonempty,1319.74362991103
Karate,Local,8.99567666433037,5,1,1,1593.59799996923,660.402000030771,933.195999938458,27.4469411746605,1,Nonempty,1319.73843946529
Karate,Local,8.99918957234718,5,1,1,1593.52633664569,660.473663354314,933.052673291373,27.4427256850404,1,Nonempty,1319.53574497713
Karate,Local,8.99927956514283,5,1,1,1593.52450079266,660.475499207345,933.04900158531,27.4426176936856,1,Nonempty,1319.53055240062
Karate,Local,8.99936955793848,5,1,1,1593.52266493962,660.477335060376,933.045329879247,27.4425097023308,1,Nonempty,1319.52535982411
Karate,Local,9.00228395916643,5,1,1,1593.46321115457,660.536788845427,932.926422309147,27.4390124208573,1,Nonempty,1319.35719912581
Karate,Local,9.00237398290626,5,1,1,1593.46137467028,660.538625329719,932.922749340562,27.4389043923695,1,Nonempty,1319.35200476382
Karate,Local,9.00246400664609,5,1,1,1593.45953818599,660.540461814012,932.919076371977,27.4387963638817,1,Nonempty,1319.34681040183
Karate,Local,9.00756352162496,5,1,1,1593.35550808042,660.644491919581,932.711016160839,27.432676945907,1,Nonempty,1319.05256882945
Karate,Local,9.00765359816094,5,1,1,1593.35367051909,660.646329480915,932.707341038171,27.4325688540639,1,Nonempty,1319.04737142113
Karate,Local,9.00774367469692,5,1,1,1593.35183295775,660.648167042249,932.703665915503,27.4324607622207,1,Nonempty,1319.04217401281
Karate,Local,9.0089671911551,5,1,1,1593.326873222,660.673126777995,932.653746444009,27.4309925424709,1,Nonempty,1318.9715772192
Karate,Local,9.00905728172791,5,1,1,1593.32503537432,660.674964625681,932.650070748638,27.4308844337835,1,Nonempty,1318.96637900095
Karate,Local,9.00914737230073,5,1,1,1593.32319752663,660.676802473366,932.646395053267,27.4307763250961,1,Nonempty,1318.96118078271
Karate,Local,9.01209135202732,5,1,1,1593.26314034021,660.736859659789,932.526280680423,27.4272435494242,1,Nonempty,1318.79131340759
Karate,Local,9.01218147384205,5,1,1,1593.26130185519,660.738698144809,932.522603710382,27.4271354032465,1,Nonempty,1318.78611338669
Karate,Local,9.01227159565679,5,1,1,1593.25946337017,660.74053662983,932.51892674034,27.4270272570688,1,Nonempty,1318.78091336579
Karate,Local,9.01567605245605,5,1,1,1593.19001245147,660.809987548535,932.38002490293,27.4229419089097,1,Nonempty,1318.58447650349
Karate,Local,9.01576621011815,5,1,1,1593.18817323516,660.811826764842,932.376346470317,27.4228337197152,1,Nonempty,1318.5792744142
Karate,Local,9.01585636778025,5,1,1,1593.18633401885,660.813665981149,932.372668037703,27.4227255305207,1,Nonempty,1318.57407232491
Karate,Local,9.01801077857193,5,1,1,1593.1423840387,660.857615961299,932.284768077403,27.4201402375707,1,Nonempty,1318.44976300892
Karate,Local,9.01810095958153,5,1,1,1593.14054434611,660.859455653895,932.281088692211,27.4200320203591,1,Nonempty,1318.44455957248
Karate,Local,9.01819114059112,5,1,1,1593.13870465351,660.86129534649,932.27740930702,27.4199238031476,1,Nonempty,1318.43935613604
Karate,Local,9.03260374082072,5,1,1,1592.84468760883,661.155312391174,931.689375217652,27.4026286828721,1,Nonempty,1317.60775035172
Karate,Local,9.0326940677614,5,1,1,1592.84284493924,661.157155060764,931.685689878472,27.4025202905433,1,Nonempty,1317.60253849507
Karate,Local,9.03278439470208,5,1,1,1592.84100226965,661.158997730354,931.682004539293,27.4024118982145,1,Nonempty,1317.59732663842
Karate,Local,9.03992554145841,5,1,1,1592.69532287582,661.304677124183,931.390645751634,27.3938425221069,1,Nonempty,1317.1852830894
Karate,Local,9.04273982823953,5,1,1,1592.63791142548,661.362088574518,931.275822850964,27.3904653779695,1,Nonempty,1317.022898986
Karate,Local,9.0428302565421,5,1,1,1592.63606668811,661.36393331189,931.27213337622,27.3903568640065,1,Nonempty,1317.01768128078
Karate,Local,9.04292068484467,5,1,1,1592.63422195074,661.365778049263,931.268443901475,27.3902483500434,1,Nonempty,1317.01246357555
Karate,Local,9.04717499076328,5,1,1,1592.54743411,661.452565890002,931.094868219996,27.385143182941,1,Nonempty,1316.76699049271
Karate,Local,9.04726546341791,5,1,1,1592.54558846784,661.454411532157,931.091176935686,27.3850346157555,1,Nonempty,1316.76177022838
Karate,Local,9.04735593607255,5,1,1,1592.54374282569,661.456257174311,931.087485651378,27.3849260485699,1,Nonempty,1316.75654996404
Karate,Local,9.10438556992821,5,1,1,1591.38033829503,662.619661704967,928.760676590067,27.3164904879431,1,Nonempty,1313.46594503248
Karate,Local,9.10447661469435,5,1,1,1591.3784809818,662.621519018196,928.756961963608,27.3163812342238,1,Nonempty,1313.46069175737
Karate,Local,9.1045676594605,5,1,1,1591.37662366857,662.623376331426,928.753247337149,27.3162719805044,1,Nonempty,1313.45543848225
Karate,Local,9.11975038774126,5,1,1,1591.06689601165,662.933103988353,928.133792023294,27.2980527065675,1,Nonempty,1312.57939637611
Karate,Local,9.11984158615712,5,1,1,1591.06503556396,662.934964436037,928.130071127927,27.2979432684684,1,Nonempty,1312.57413423542
Karate,Local,9.11993278457298,5,1,1,1591.06317511628,662.93682488372,928.12635023256,27.2978338303694,1,Nonempty,1312.56887209473
Karate,Local,9.14867403267506,5,1,1,1590.476853655,663.523146345003,926.953707309995,27.2633443326469,1,Nonempty,1310.91050456982
Karate,Local,9.14876552033027,5,1,1,1590.47498730683,663.525012693169,926.949974613663,27.2632345474607,1,Nonempty,1310.90522574004
Karate,Local,9.14885700798547,5,1,1,1590.47312095867,663.526879041335,926.94624191733,27.2631247622744,1,Nonempty,1310.89994691026
Karate,Local,9.15963967338747,5,1,1,1590.25315458446,663.746845415536,926.506309168929,27.250185563792,1,Nonempty,1310.27778805094
Karate,Local,9.15973127070017,5,1,1,1590.25128599929,663.748714000715,926.50257199857,27.2500756470168,1,Nonempty,1310.27250289393
Karate,Local,9.15982286801288,5,1,1,1590.24941741411,663.750582585894,926.498834828212,27.2499657302415,1,Nonempty,1310.26721773693
Karate,Local,9.16208669742407,5,1,1,1590.20323529412,663.796764705882,926.406470588236,27.2472491349481,1,Nonempty,1310.13659497607
Karate,Local,9.16734097416254,5,1,1,1590.09604804865,663.903951951347,926.192096097306,27.2409440028619,1,Nonempty,1309.83342366357
Karate,Local,9.16743264848903,5,1,1,1590.09417789239,663.905822107608,926.188355784785,27.2408339936701,1,Nonempty,1309.82813406288
Karate,Local,9.16752432281551,5,1,1,1590.09230773613,663.907692263868,926.184615472264,27.2407239844784,1,Nonempty,1309.82284446219
Karate,Local,9.28424785338972,5,1,1,1587.71114771242,666.288852287582,921.422295424837,27.1006557477893,1,Nonempty,1303.08790686275
Karate,Local,9.40640900935537,5,1,1,1585.21906013072,668.780939869281,916.438120261438,26.9540623606305,1,Nonempty,1296.03921874943
Karate,Local,9.52857016532103,5,1,1,1582.72697254902,671.27302745098,911.453945098039,26.8074689734717,1,Nonempty,1288.99053063611
Karate,Local,9.60578959341049,5,1,1,1581.15169621599,672.848303784005,908.30339243199,26.7148056597644,1,Nonempty,1284.53497632681
Karate,Local,9.60588565226701,5,1,1,1581.14973661532,672.850263384678,908.299473230643,26.7146903891366,1,Nonempty,1284.52943373911
Karate,Local,9.60598171112353,5,1,1,1581.14777701465,672.852222985351,908.295554029297,26.7145751185087,1,Nonempty,1284.52389115142
Karate,Local,9.6297043030257,5,1,1,1580.66383613984,673.336163860156,907.327672279689,26.6861080082261,1,Nonempty,1283.15509965435
Karate,Local,9.62980060103171,5,1,1,1580.66187166052,673.338128339478,907.323743321044,26.6859924506189,1,Nonempty,1283.14954326774
Karate,Local,9.62989689903772,5,1,1,1580.6599071812,673.340092818801,907.319814362398,26.6858768930117,1,Nonempty,1283.14398688114
Karate,Local,9.64390235484305,5,1,1,1580.37419588277,673.62580411723,906.748391765541,26.6690703460453,1,Nonempty,1282.33587329482
Karate,Local,9.643998794831,5,1,1,1580.37222850702,673.627771492984,906.744457014033,26.6689546180598,1,Nonempty,1282.33030871587
Karate,Local,9.64409523481895,5,1,1,1580.37026113126,673.629738868738,906.740522262524,26.6688388900742,1,Nonempty,1282.32474413693
Karate,Local,9.65073132128668,5,1,1,1580.23488496732,673.76511503268,906.469769934641,26.660875586313,1,Nonempty,1281.94184252279
Karate,Local,9.77289247725234,5,1,1,1577.74279738562,676.257202614379,901.485594771242,26.5142821991542,1,Nonempty,1274.89315440947
Karate,Local,9.89505363321799,5,1,1,1575.25070980392,678.749290196078,896.501419607843,26.3676888119954,1,Nonempty,1267.84446629615
Karate,Local,10.0172147891836,5,1,1,1572.75862222222,681.241377777778,891.517244444445,26.2210954248366,1,Nonempty,1260.79577818282
Karate,Local,10.1393759451493,5,1,1,1570.26653464052,683.733465359477,886.533069281046,26.0745020376778,1,Nonempty,1253.7470900695
Karate,Local,10.261537101115,5,1,1,1567.77444705882,686.225552941176,881.548894117647,25.927908650519,1,Nonempty,1246.69840195618
Karate,Local,10.3836982570806,5,1,1,1565.28235947712,688.717640522876,876.564718954249,25.7813152633603,1,Nonempty,1239.64971384286
Karate,Local,10.4678283840112,5,1,1,1563.56610488774,690.43389511226,873.13220977548,25.6803591110435,1,Nonempty,1234.79541280927
Karate,Local,10.4679330633418,5,1,1,1563.5639694294,690.436030570605,873.12793885879,25.6802334958468,1,Nonempty,1234.78937282097
Karate,Local,10.4680377426725,5,1,1,1563.56183397105,690.43816602895,873.1236679421,25.68010788065,1,Nonempty,1234.78333283266
Karate,Local,10.5058594130463,5,1,1,1562.79027189542,691.209728104575,871.58054379085,25.6347218762015,1,Nonempty,1232.60102572954
Karate,Local,10.6280205690119,5,1,1,1560.29818431373,693.701815686274,866.596368627451,25.4881284890427,1,Nonempty,1225.55233761622
Karate,Local,10.7501817249776,5,1,1,1557.80609673203,696.193903267974,861.612193464053,25.3415351018839,1,Nonempty,1218.50364950289
Karate,Local,10.8723428809432,5,1,1,1555.31400915033,698.685990849673,856.628018300654,25.1949417147251,1,Nonempty,1211.45496138957
Karate,Local,10.9945040369089,5,1,1,1552.82192156863,701.178078431373,851.643843137255,25.0483483275663,1,Nonempty,1204.40627327625
Karate,Local,11.1166651928745,5,1,1,1550.32983398693,703.670166013072,846.659667973856,24.9017549404075,1,Nonempty,1197.35758516293
Karate,Local,11.2388263488402,5,1,1,1547.83774640523,706.162253594771,841.675492810458,24.7551615532488,1,Nonempty,1190.30889704961
Karate,Local,11.3609875048058,5,1,1,1545.34565882353,708.654341176471,836.691317647059,24.60856816609,1,Nonempty,1183.26020893629
Karate,Local,11.4831486607715,5,1,1,1542.85357124183,711.14642875817,831.70714248366,24.4619747789312,1,Nonempty,1176.21152082296
Karate,Local,11.6053098167371,5,1,1,1540.36148366013,713.638516339869,826.722967320262,24.3153813917724,1,Nonempty,1169.16283270964
Karate,Local,11.7274709727028,5,1,1,1537.86939607843,716.130603921569,821.738792156863,24.1687880046136,1,Nonempty,1162.11414459632
Karate,Local,11.8496321286685,5,1,1,1535.37730849673,718.622691503268,816.754616993464,24.0221946174548,1,Nonempty,1155.065456483
Karate,Local,11.9717932846341,5,1,1,1532.88522091503,721.114779084967,811.770441830066,23.875601230296,1,Nonempty,1148.01676836968
Karate,Local,12.0301728266809,5,1,1,1531.69427825728,722.305721742722,809.388556514556,23.8055457798399,1,Nonempty,1144.64827385247
Karate,Local,12.0302931296122,5,1,1,1531.69182407748,722.308175922521,809.383648154959,23.8054014163223,1,Nonempty,1144.64133238376
Karate,Local,12.0304134325435,5,1,1,1531.68936989768,722.310630102319,809.378739795362,23.8052570528048,1,Nonempty,1144.63439091505
Karate,Local,12.0939544405998,5,1,1,1530.39313333333,723.606866666667,806.786266666667,23.7290078431373,1,Nonempty,1140.96808025636
Karate,Local,12.2161155965654,5,1,1,1527.90104575163,726.098954248366,801.802091503268,23.5824144559785,1,Nonempty,1133.91939214304
Karate,Local,12.3382767525311,5,1,1,1525.40895816993,728.591041830065,796.817916339869,23.4358210688197,1,Nonempty,1126.87070402971
Karate,Local,12.4604379084967,5,1,1,1522.91687058824,731.083129411765,791.833741176471,23.2892276816609,1,Nonempty,1119.82201591639
Karate,Local,12.5825990644624,5,1,1,1520.42478300654,733.575216993464,786.849566013072,23.1426342945021,1,Nonempty,1112.77332780307
Karate,Local,12.704760220428,5,1,1,1517.93269542484,736.067304575163,781.865390849673,22.9960409073433,1,Nonempty,1105.72463968975
Karate,Local,12.8269213763937,5,1,1,1515.44060784314,738.559392156863,776.881215686275,22.8494475201846,1,Nonempty,1098.67595157643
Karate,Local,12.9490825323593,5,1,1,1512.94852026144,741.051479738562,771.897040522876,22.7028541330258,1,Nonempty,1091.62726346311
Karate,Local,13.071243688325,5,1,1,1510.45643267974,743.543567320261,766.912865359477,22.556260745867,1,Nonempty,1084.57857534978
Karate,Local,13.1934048442907,5,1,1,1507.96434509804,746.035654901961,761.928690196079,22.4096673587082,1,Nonempty,1077.52988723646
Karate,Local,13.3155660002563,5,1,1,1505.47225751634,748.52774248366,756.94451503268,22.2630739715494,1,Nonempty,1070.48119912314
Karate,Local,13.437727156222,5,1,1,1502.98016993464,751.019830065359,751.960339869281,22.1164805843906,1,Nonempty,1063.43251100982
Karate,Local,13.5598883121876,5,1,1,1500.48808235294,753.511917647059,746.976164705883,21.9698871972318,1,Nonempty,1056.3838228965
Karate,Local,13.6820494681533,5,1,1,1497.99599477124,756.004005228758,741.991989542484,21.8232938100731,1,Nonempty,1049.33513478318
Karate,Local,13.8042106241189,5,1,1,1495.50390718954,758.496092810458,737.007814379085,21.6767004229143,1,Nonempty,1042.28644666985
Karate,Local,13.9263717800846,5,1,1,1493.01181960784,760.988180392157,732.023639215687,21.5301070357555,1,Nonempty,1035.23775855653
Karate,Local,14.0485329360502,5,1,1,1490.51973202614,763.480267973856,727.039464052288,21.3835136485967,1,Nonempty,1028.18907044321
Karate,Local,14.1706940920159,5,1,1,1488.02764444444,765.972355555556,722.055288888889,21.2369202614379,1,Nonempty,1021.14038232989
Karate,Local,14.2928552479815,5,1,1,1485.53555686275,768.464443137255,717.07111372549,21.0903268742791,1,Nonempty,1014.09169421657
Karate,Local,14.4150164039472,5,1,1,1483.04346928105,770.956530718954,712.086938562092,20.9437334871203,1,Nonempty,1007.04300610325
Karate,Local,14.5371775599129,5,1,1,1480.55138169935,773.448618300654,707.102763398693,20.7971400999616,1,Nonempty,999.994317989925
Karate,Local,14.6593387158785,5,1,1,1478.05929411765,775.940705882353,702.118588235294,20.6505467128028,1,Nonempty,992.945629876604
Karate,Local,14.7814998718442,5,1,1,1475.56720653595,778.432793464052,697.134413071896,20.503953325644,1,Nonempty,985.896941763282
Karate,Local,14.9036610278098,5,1,1,1473.07511895425,780.924881045752,692.150237908497,20.3573599384852,1,Nonempty,978.848253649961
Karate,Local,15.0258221837755,5,1,1,1470.58303137255,783.416968627451,687.166062745098,20.2107665513264,1,Nonempty,971.799565536639
Karate,Local,15.1479833397411,5,1,1,1468.09094379085,785.90905620915,682.1818875817,20.0641731641676,1,Nonempty,964.750877423318
Karate,Local,15.2701444957068,5,1,1,1465.59885620915,788.40114379085,677.197712418301,19.9175797770089,1,Nonempty,957.702189309996
Karate,Local,15.3923056516724,5,1,1,1463.10676862745,790.893231372549,672.213537254902,19.7709863898501,1,Nonempty,950.653501196675
Karate,Local,15.5144668076381,5,1,1,1460.61468104575,793.385318954248,667.229362091504,19.6243930026913,1,Nonempty,943.604813083353
Karate,Local,15.6366279636037,5,1,1,1458.12259346405,795.877406535948,662.245186928105,19.4777996155325,1,Nonempty,936.556124970031
Karate,Local,15.7587891195694,5,1,1,1455.63050588235,798.369494117647,657.261011764706,19.3312062283737,1,Nonempty,929.50743685671
Karate,Local,15.880950275535,5,1,1,1453.13841830065,800.861581699346,652.276836601307,19.1846128412149,1,Nonempty,922.458748743388
Karate,Local,16.0031114315007,5,1,1,1450.64633071895,803.353669281046,647.292661437909,19.0380194540561,1,Nonempty,915.410060630067
Karate,Local,16.1252725874664,5,1,1,1448.15424313725,805.845756862745,642.30848627451,18.8914260668974,1,Nonempty,908.361372516745
Karate,Local,16.247433743432,5,1,1,1445.66215555556,808.337844444444,637.324311111111,18.7448326797386,1,Nonempty,901.312684403424
Karate,Local,16.3695948993977,5,1,1,1443.17006797386,810.829932026144,632.340135947713,18.5982392925798,1,Nonempty,894.263996290102
Karate,Local,16.3920409991349,5,1,1,1442.71216753922,811.287832460784,631.424335078432,18.571303972895,1,Nonempty,892.968858280332
Karate,Local,16.3922049211842,5,1,1,1442.70882352941,811.291176470588,631.417647058824,18.571107266436,1,Nonempty,892.959399992297
Karate,Local,16.3923688432334,5,1,1,1442.70547951961,811.294520480392,631.410959039216,18.5709105599769,1,Nonempty,892.949941704262
Karate,Local,16.4917560553633,5,1,1,1440.67798039216,813.322019607843,627.355960784314,18.451645905421,1,Nonempty,887.21530817678
Karate,Local,16.613917211329,5,1,1,1438.18589281046,815.814107189542,622.371785620915,18.3050525182622,1,Nonempty,880.166620063459
Karate,Local,16.7360783672946,5,1,1,1435.69380522876,818.306194771242,617.387610457517,18.1584591311034,1,Nonempty,873.117931950137
Karate,Local,16.8582395232603,5,1,1,1433.20171764706,820.798282352941,612.403435294118,18.0118657439446,1,Nonempty,866.069243836816
Karate,Local,16.9804006792259,5,1,1,1430.70963006536,823.29036993464,607.419260130719,17.8652723567859,1,Nonempty,859.020555723494
Karate,Local,17.1025618351916,5,1,1,1428.21754248366,825.78245751634,602.435084967321,17.7186789696271,1,Nonempty,851.971867610173
Karate,Local,17.2247229911572,5,1,1,1425.72545490196,828.274545098039,597.450909803922,17.5720855824683,1,Nonempty,844.923179496851
Karate,Local,17.2590546280277,5,1,1,1425.0250895098,828.974910490196,596.050179019608,17.5308876182238,1,Nonempty,842.942247024441
Karate,Local,17.2592272202999,5,1,1,1425.02156862745,828.978431372549,596.043137254902,17.5306805074971,1,Nonempty,842.932288465291
Karate,Local,17.2593998125721,5,1,1,1425.0180477451,828.981952254902,596.036095490196,17.5304733967705,1,Nonempty,842.922329906141
Karate,Local,17.3468841471229,5,1,1,1423.23336732026,830.766632679739,592.466734640523,17.4254921953095,1,Nonempty,837.874491383529
Karate,Local,17.4690453030885,5,1,1,1420.74127973856,833.258720261438,587.482559477124,17.2788988081507,1,Nonempty,830.825803270208
Karate,Local,17.5912064590542,5,1,1,1418.24919215686,835.750807843137,582.498384313726,17.1323054209919,1,Nonempty,823.777115156886
Karate,Local,17.7133676150199,5,1,1,1415.75710457516,838.242895424837,577.514209150327,16.9857120338331,1,Nonempty,816.728427043565
Karate,Local,17.8355287709855,5,1,1,1413.26501699346,840.734983006536,572.530033986928,16.8391186466744,1,Nonempty,809.679738930243
Karate,Local,17.9576899269512,5,1,1,1410.77292941176,843.227070588235,567.54585882353,16.6925252595156,1,Nonempty,802.631050816922
Karate,Local,18.0798510829168,5,1,1,1408.28084183007,845.719158169935,562.561683660131,16.5459318723568,1,Nonempty,795.5823627036
Karate,Local,18.2020122388825,5,1,1,1405.78875424837,848.211245751634,557.577508496732,16.399338485198,1,Nonempty,788.533674590278
Karate,Local,18.3241733948481,5,1,1,1403.29666666667,850.703333333333,552.593333333334,16.2527450980392,1,Nonempty,781.484986476957
Karate,Local,18.4463345508138,5,1,1,1400.80457908497,853.195420915033,547.609158169935,16.1061517108804,1,Nonempty,774.436298363635
Karate,Local,18.5684957067794,5,1,1,1398.31249150327,855.687508496732,542.624983006536,15.9595583237217,1,Nonempty,767.387610250314
Karate,Local,18.6906568627451,5,1,1,1395.82040392157,858.179596078431,537.640807843138,15.8129649365629,1,Nonempty,760.338922136992
Karate,Local,18.8128180187107,5,1,1,1393.32831633987,860.671683660131,532.656632679739,15.6663715494041,1,Nonempty,753.290234023671
Karate,Local,18.9349791746764,5,1,1,1390.83622875817,863.16377124183,527.67245751634,15.5197781622453,1,Nonempty,746.241545910349
Karate,Local,19.0571403306421,5,1,1,1388.34414117647,865.655858823529,522.688282352941,15.3731847750865,1,Nonempty,739.192857797028
Karate,Local,19.1793014866077,5,1,1,1385.85205359477,868.147946405229,517.704107189543,15.2265913879277,1,Nonempty,732.144169683706
Karate,Local,19.3014626425734,5,1,1,1383.35996601307,870.640033986928,512.719932026144,15.0799980007689,1,Nonempty,725.095481570384
Karate,Local,19.423623798539,5,1,1,1380.86787843137,873.132121568627,507.735756862745,14.9334046136102,1,Nonempty,718.046793457063
Karate,Local,19.5457849545047,5,1,1,1378.37579084967,875.624209150327,502.751581699347,14.7868112264514,1,Nonempty,710.998105343741
Karate,Local,19.6679461104703,5,1,1,1375.88370326797,878.116296732026,497.767406535948,14.6402178392926,1,Nonempty,703.94941723042
Karate,Local,19.790107266436,5,1,1,1373.39161568627,880.608384313726,492.783231372549,14.4936244521338,1,Nonempty,696.900729117098
Karate,Local,19.9122684224016,5,1,1,1370.89952810458,883.100471895425,487.799056209151,14.347031064975,1,Nonempty,689.852041003776
Karate,Local,20.0344295783673,5,1,1,1368.40744052288,885.592559477124,482.814881045752,14.2004376778162,1,Nonempty,682.803352890455
Karate,Local,20.1213626059688,5,1,1,1366.6340067598,887.365993240196,479.268013519608,14.0961180446944,1,Nonempty,677.787324731042
Karate,Local,20.1215638216071,5,1,1,1366.62990196078,887.370098039216,479.259803921569,14.0958765859285,1,Nonempty,677.775714606153
Karate,Local,20.1217650372453,5,1,1,1366.62579716176,887.374202838235,479.25159432353,14.0956351271626,1,Nonempty,677.764104481264
Karate,Local,20.1565907343329,5,1,1,1365.91535294118,888.084647058824,477.830705882353,14.0538442906574,1,Nonempty,675.754664777133
Karate,Local,20.2787518902986,5,1,1,1363.42326535948,890.576734640523,472.846530718954,13.9072509034987,1,Nonempty,668.705976663812
Karate,Local,20.4009130462643,5,1,1,1360.93117777778,893.068822222222,467.862355555556,13.7606575163399,1,Nonempty,661.65728855049
Karate,Local,20.5230742022299,5,1,1,1358.43909019608,895.560909803922,462.878180392157,13.6140641291811,1,Nonempty,654.608600437169
Karate,Local,20.6452353581956,5,1,1,1355.94700261438,898.052997385621,457.894005228758,13.4674707420223,1,Nonempty,647.559912323847
Karate,Local,20.6896946188367,5,1,1,1355.0400336973,898.959966302699,456.080067394602,13.414119629253,1,Nonempty,644.994616837481
Karate,Local,20.6899015178518,5,1,1,1355.03581295739,898.964187042609,456.071625914782,13.4138713504348,1,Nonempty,644.982678782234
Karate,Local,20.690108416867,5,1,1,1355.03159221748,898.968407782519,456.063184434963,13.4136230716166,1,Nonempty,644.970740726987
Karate,Local,20.7673965141612,5,1,1,1353.45491503268,900.54508496732,452.90983006536,13.3208773548635,1,Nonempty,640.511224210525
Karate,Local,20.8798376472217,5,1,1,1351.16111591825,902.838884081755,448.322231836491,13.1859479951909,1,Nonempty,634.02338057654
Karate,Local,20.8800464476862,5,1,1,1351.15685638877,902.84314361123,448.31371277754,13.1856974346335,1,Nonempty,634.011332807834
Karate,Local,20.8802552481507,5,1,1,1351.15259685929,902.847403140705,448.305193718589,13.1854468740762,1,Nonempty,633.999285039127
Karate,Local,20.8895576701269,5,1,1,1350.96282745098,903.03717254902,447.925654901961,13.1742839677047,1,Nonempty,633.462536097204
Karate,Local,21.0117188260925,5,1,1,1348.47073986928,905.529260130719,442.941479738562,13.027690580546,1,Nonempty,626.413847983883
Karate,Local,21.0520024133134,5,1,1,1347.64895468998,906.351045310025,441.297909379951,12.9793502758809,1,Nonempty,624.089488492019
Karate,Local,21.0522129354428,5,1,1,1347.64466003854,906.355339961464,441.289320077073,12.9790976493257,1,Nonempty,624.077341383398
Karate,Local,21.0524234575721,5,1,1,1347.6403653871,906.359634612902,441.280730774195,12.9788450227704,1,Nonempty,624.065194274777
Karate,Local,21.1338799820582,5,1,1,1345.97865228758,908.021347712418,437.957304575164,12.8810971933872,1,Nonempty,619.365159870561
Karate,Local,21.2560411380238,5,1,1,1343.48656470588,910.513435294118,432.973129411765,12.7345038062284,1,Nonempty,612.316471757239
Karate,Local,21.3782022939895,5,1,1,1340.99447712418,913.005522875817,427.988954248366,12.5879104190696,1,Nonempty,605.267783643918
Karate,Local,21.5003634499551,5,1,1,1338.50238954248,915.497610457516,423.004779084967,12.4413170319108,1,Nonempty,598.219095530596
Karate,Local,21.6225246059208,5,1,1,1336.01030196078,917.989698039216,418.020603921569,12.294723644752,1,Nonempty,591.170407417275
Karate,Local,21.7446857618864,5,1,1,1333.51821437909,920.481785620915,413.03642875817,12.1481302575932,1,Nonempty,584.121719303953
Karate,Local,21.7770073334775,5,1,1,1332.85885431863,921.141145681373,411.717708637255,12.109344371684,1,Nonempty,582.25676742398
Karate,Local,21.7772251057286,5,1,1,1332.85441176471,921.145588235294,411.708823529412,12.1090830449827,1,Nonempty,582.244201983965
Karate,Local,21.7774428779796,5,1,1,1332.84996921078,921.150030789216,411.699938421569,12.1088217182814,1,Nonempty,582.23163654395
Karate,Local,21.8668469178521,5,1,1,1331.02612679739,922.973873202614,408.052253594772,12.0015368704345,1,Nonempty,577.073031190631
Karate,Local,21.8755242798154,5,1,1,1330.84910861334,923.150891386665,407.698217226671,11.9911240360785,1,Nonempty,576.57234815729
Karate,Local,21.8757430372457,5,1,1,1330.84464596176,923.155354038244,407.689291923511,11.9908615271621,1,Nonempty,576.559725872514
Karate,Local,21.8759617946761,5,1,1,1330.84018331018,923.159816689824,407.680366620352,11.9905990182457,1,Nonempty,576.547103587738
Karate,Local,21.9890080738178,5,1,1,1328.53403921569,925.465960784314,403.068078431373,11.8549434832757,1,Nonempty,570.02434307731
Karate,Local,22.1111692297834,5,1,1,1326.04195163399,927.958048366013,398.083903267974,11.7083500961169,1,Nonempty,562.975654963988
Karate,Local,22.12565962819,5,1,1,1325.74634750649,928.253652493508,397.492695012984,11.6909616180289,1,Nonempty,562.139560231594
Karate,Local,22.1258808869989,5,1,1,1325.74183382679,928.258166173209,397.483667653582,11.6906961074583,1,Nonempty,562.126793617496
Karate,Local,22.1261021458078,5,1,1,1325.73732014709,928.26267985291,397.47464029418,11.6904305968877,1,Nonempty,562.114027003397
Karate,Local,22.1798960696365,5,1,1,1324.63992410098,929.360075899017,395.279848201966,11.6258778882931,1,Nonempty,559.010122259999
Karate,Local,22.1801178708152,5,1,1,1324.63539935694,929.364600643063,395.270798713875,11.6256117268787,1,Nonempty,558.997324351208
Karate,Local,22.180339671994,5,1,1,1324.63087461289,929.369125387108,395.261749225784,11.6253455654642,1,Nonempty,558.984526442417
Karate,Local,22.2185527961804,5,1,1,1323.85132687949,930.148673120512,393.702653758976,11.5794898164405,1,Nonempty,556.779632488222
Karate,Local,22.2187749839303,5,1,1,1323.84679424939,930.153205750609,393.693588498782,11.5792231911407,1,Nonempty,556.76681227431
Karate,Local,22.2189971716801,5,1,1,1323.84226161929,930.157738380706,393.684523238589,11.5789565658409,1,Nonempty,556.753992060399
Karate,Local,22.2333303857491,5,1,1,1323.54986405229,930.450135947712,393.099728104575,11.5617567089581,1,Nonempty,555.926966850667
Karate,Local,22.3217213074044,5,1,1,1321.74668925052,932.253310749482,389.493378501037,11.4556876029717,1,Nonempty,550.826818330684
Karate,Local,22.3219445268497,5,1,1,1321.74213557384,932.257864426165,389.48427114767,11.4554197396374,1,Nonempty,550.813938588035
Karate,Local,22.322167746295,5,1,1,1321.73758189715,932.262418102848,389.475163794303,11.455151876303,1,Nonempty,550.801058845386
Karate,Local,22.3554915417147,5,1,1,1321.05777647059,932.942223529412,388.115552941177,11.4151633217993,1,Nonempty,548.878278737345
Karate,Local,22.3684378673094,5,1,1,1320.79367142846,933.206328571542,387.587342856916,11.3996277310858,1,Nonempty,548.131276872401
Karate,Local,22.3686615539249,5,1,1,1320.7891082215,933.210891778499,387.578216443002,11.3993593071471,1,Nonempty,548.118370174068
Karate,Local,22.3688852405404,5,1,1,1320.78454501454,933.215454985456,387.569090029088,11.3990908832085,1,Nonempty,548.105463475735
Karate,Local,22.4191453663004,5,1,1,1319.75923844904,934.240761550959,385.518476898082,11.3387787322965,1,Nonempty,545.205458574687
Karate,Local,22.419369559996,5,1,1,1319.75466489765,934.245335102349,385.509329795302,11.3385096998618,1,Nonempty,545.192522617878
Karate,Local,22.4195937536916,5,1,1,1319.75009134626,934.24990865374,385.500182692521,11.3382406674271,1,Nonempty,545.179586661069
Karate,Local,22.4288204668742,5,1,1,1319.56186639734,934.438133602665,385.12373279467,11.327168611608,1,Nonempty,544.647206109975
Karate,Local,22.4290447573218,5,1,1,1319.5572908722,934.442709127795,385.114581744409,11.3268994630709,1,Nonempty,544.634264570586
Karate,Local,22.4292690477693,5,1,1,1319.55271534707,934.447284652926,385.105430694148,11.3266303145338,1,Nonempty,544.621323031197
Karate,Local,22.4488217345291,5,1,1,1319.15384053717,934.846159462826,384.307681074349,11.303167090422,1,Nonempty,543.493134699498
Karate,Local,22.4490462249914,5,1,1,1319.14926093174,934.850739068256,384.298521863489,11.3028977018673,1,Nonempty,543.480181619279
Karate,Local,22.4492707154536,5,1,1,1319.14468132631,934.855318673686,384.289362652629,11.3026283133126,1,Nonempty,543.467228539061
Karate,Local,22.4606622411981,5,1,1,1318.91229420113,935.087705798872,383.824588402257,11.2889584824193,1,Nonempty,542.809938490742
Karate,Local,22.4608868500666,5,1,1,1318.90771218021,935.092287819789,383.815424360422,11.2886889517771,1,Nonempty,542.796978578493
Karate,Local,22.4611114589351,5,1,1,1318.90313015929,935.096869840707,383.806260318587,11.2884194211349,1,Nonempty,542.784018666244
Karate,Local,22.476403525121,5,1,1,1318.5911720091,935.4088279909,383.1823440182,11.2700689417118,1,Nonempty,541.901667772452
Karate,Local,22.4766282914039,5,1,1,1318.58658677693,935.413413223071,383.173173553857,11.2697992221723,1,Nonempty,541.888698777405
Karate,Local,22.4768530576868,5,1,1,1318.58200154476,935.417998455243,383.164003089514,11.2695295026328,1,Nonempty,541.875729782358
Karate,Local,22.4776526976804,5,1,1,1318.56568888889,935.434311111111,383.131377777778,11.2685699346405,1,Nonempty,541.829590624023
Karate,Local,22.4846540249062,5,1,1,1318.42286181348,935.577138186519,382.845723626963,11.2601683419695,1,Nonempty,541.425614649792
Karate,Local,22.484878873695,5,1,1,1318.41827489819,935.581725101809,382.836549796382,11.259898523423,1,Nonempty,541.412640894167
Karate,Local,22.4851037224837,5,1,1,1318.4136879829,935.586312017099,382.827375965802,11.2596287048765,1,Nonempty,541.399667138541
Karate,Local,22.4889940180294,5,1,1,1318.33432595377,935.66567404623,382.66865190754,11.2549603502218,1,Nonempty,541.175197422671
Karate,Local,22.4892189102185,5,1,1,1318.32973815311,935.670261846888,382.659476306224,11.2546904795948,1,Nonempty,541.162221162848
Karate,Local,22.4894438024076,5,1,1,1318.32515035245,935.674849647546,382.650300704909,11.2544206089679,1,Nonempty,541.149244903025
Karate,Local,22.5074866218246,5,1,1,1317.95707683635,936.042923163652,381.914153672695,11.2327692256675,1,Nonempty,540.108175786168
Karate,Local,22.5077116989415,5,1,1,1317.95248526316,936.047514736839,381.904970526322,11.2324991331271,1,Nonempty,540.095188856022
Karate,Local,22.5079367760585,5,1,1,1317.94789368997,936.052106310026,381.895787379949,11.2322290405867,1,Nonempty,540.082201925876
Karate,Local,22.5147589765775,5,1,1,1317.80872079939,936.191279200614,381.617441598773,11.2240423999639,1,Nonempty,539.688561547108
Karate,Local,22.5149841264188,5,1,1,1317.80412774263,936.195872257375,381.60825548525,11.2237722201544,1,Nonempty,539.675570420777
Karate,Local,22.5152092762601,5,1,1,1317.79953468586,936.200465314137,381.599069371726,11.2235020403449,1,Nonempty,539.662579294447
Karate,Local,22.5162694816351,5,1,1,1317.77790649621,936.222093503787,381.555812992426,11.2222297938949,1,Nonempty,539.601405536181
Karate,Local,22.5164946465816,5,1,1,1317.7733131313,936.226686868695,381.54662626261,11.2219595959591,1,Nonempty,539.588413538281
Karate,Local,22.516719811528,5,1,1,1317.7687197664,936.231280233603,381.537439532794,11.2216893980233,1,Nonempty,539.575421540382
Karate,Local,22.5224302014582,5,1,1,1317.65222781182,936.347772188179,381.304455623642,11.2148369301071,1,Nonempty,539.245932536244
Karate,Local,22.5226554280125,5,1,1,1317.64763319011,936.352366809887,381.295266380227,11.214566658242,1,Nonempty,539.232936983579
Karate,Local,22.5228806545668,5,1,1,1317.64303856841,936.356961431594,381.286077136812,11.2142963863768,1,Nonempty,539.219941430914
Karate,Local,22.5390004159002,5,1,1,1317.31419543721,936.685804562795,380.628390874411,11.1949526727768,1,Nonempty,538.28983259884
Karate,Local,22.5392258081582,5,1,1,1317.30959743514,936.690402564859,380.619194870281,11.1946822020671,1,Nonempty,538.27682748508
Karate,Local,22.5394512004163,5,1,1,1317.30499943308,936.695000566924,380.609998866151,11.1944117313574,1,Nonempty,538.26382237132
Karate,Local,22.5456183821257,5,1,1,1317.1791889262,936.820811073795,380.35837785241,11.1870111133062,1,Nonempty,537.907976521108
Karate,Local,22.5457949373102,5,1,1,1317.17558720044,936.82441279956,380.35117440088,11.1867992470847,1,Nonempty,537.89778930226
Karate,Local,22.5458438405641,5,1,1,1317.17458957406,936.825410425939,380.349179148123,11.1867405631801,1,Nonempty,537.89496758875
Karate,Local,22.5460203975142,5,1,1,1317.17098781228,936.829012187721,380.341975624558,11.1865286948399,1,Nonempty,537.884780268027
Karate,Local,22.5460692990025,5,1,1,1317.16999022192,936.830009778082,380.339980443836,11.186470013054,1,Nonempty,537.881958656391
Karate,Local,22.5462458577182,5,1,1,1317.16638842412,936.833611575882,380.332776848236,11.1862581425952,1,Nonempty,537.871771233795
Karate,Local,22.5555943187716,5,1,1,1316.97567981863,937.024320181373,379.951359637255,11.175039989331,1,Nonempty,537.332365841103
Karate,Local,22.5558198769704,5,1,1,1316.97107843137,937.028921568628,379.942156862745,11.1747693194925,1,Nonempty,537.31935115258
Karate,Local,22.5560454351692,5,1,1,1316.96647704412,937.033522955883,379.932954088235,11.174498649654,1,Nonempty,537.306336464057
Karate,Local,22.599813853646,5,1,1,1316.07360130719,937.92639869281,378.147202614379,11.1219765474817,1,Nonempty,534.780902510702
Karate,Local,22.605988874742,5,1,1,1315.94763087683,938.052369123169,377.895261753663,11.1145665221666,1,Nonempty,534.424604328561
Karate,Local,22.6062149368914,5,1,1,1315.94301920898,938.056980791016,377.886038417969,11.1142952475873,1,Nonempty,534.411560562132
Karate,Local,22.6064409990407,5,1,1,1315.93840754114,938.061592458863,377.876815082275,11.1140239730081,1,Nonempty,534.398516795703
Karate,Local,22.6247993628886,5,1,1,1315.56389691864,938.436103081359,377.127793837283,11.0919939363907,1,Nonempty,533.33924079253
Karate,Local,22.6250256131447,5,1,1,1315.55928141342,938.440718586584,377.118562826833,11.0917224360833,1,Nonempty,533.326186172357
Karate,Local,22.6252518634009,5,1,1,1315.55466590819,938.445334091809,377.109331816382,11.091450935776,1,Nonempty,533.313131552184
Karate,Local,22.6305994859767,5,1,1,1315.44557440764,938.554425592356,376.891148815288,11.0850337886849,1,Nonempty,533.004574192957
Karate,Local,22.6308257942346,5,1,1,1315.44095771918,938.559042280818,376.881915438364,11.0847622187754,1,Nonempty,532.991516226085
Karate,Local,22.6310521024926,5,1,1,1315.43634103072,938.56365896928,376.87268206144,11.0844906488659,1,Nonempty,532.978458259212
Karate,Local,22.6781381463464,5,1,1,1314.4757857361,939.524214263898,374.951571472205,11.0279873962413,1,Nonempty,530.261597609097
Karate,Local,22.6783649299957,5,1,1,1314.47115934966,939.528840650343,374.942318699314,11.0277152558622,1,Nonempty,530.248512212185
Karate,Local,22.678591713645,5,1,1,1314.46653296321,939.533467036789,374.933065926422,11.027443115483,1,Nonempty,530.235426815272
Karate,Local,22.7084022025227,5,1,1,1313.8583989901,940.141601009895,373.716797980209,10.9916705288297,1,Nonempty,528.515364190258
Karate,Local,22.7086292888156,5,1,1,1313.85376642973,940.14623357027,373.707532859459,10.9913980252782,1,Nonempty,528.502261330837
Karate,Local,22.7088563751085,5,1,1,1313.84913386935,940.150866130645,373.69826773871,10.9911255217268,1,Nonempty,528.489158471415
Karate,Local,22.7219750096117,5,1,1,1313.58151372549,940.41848627451,373.163027450981,10.975383160323,1,Nonempty,527.73221439738
Karate,Local,22.7800487569052,5,1,1,1312.3968092807,941.603190719298,370.793618561405,10.9056946635707,1,Nonempty,524.381364210935
Karate,Local,22.7802765596708,5,1,1,1312.39216210428,941.607837895716,370.784324208569,10.905421300252,1,Nonempty,524.368220011101
Karate,Local,22.7805043624364,5,1,1,1312.38751492787,941.612485072134,370.775029855732,10.9051479369333,1,Nonempty,524.355075811266
Karate,Local,22.8441361655773,5,1,1,1311.08942614379,942.910573856209,368.178852287582,10.8287897731642,1,Nonempty,520.683526284059
Karate,Local,22.966297321543,5,1,1,1308.59733856209,945.402661437909,363.194677124183,10.6821963860054,1,Nonempty,513.634838170737
Karate,Local,23.0305854551775,5,1,1,1307.28586063595,946.714139364052,360.571721271896,10.605050625644,1,Nonempty,509.925418430926
Karate,Local,23.0308157633351,5,1,1,1307.28116234953,946.718837650468,360.562324699064,10.6047742558548,1,Nonempty,509.912129670188
Karate,Local,23.0310460714928,5,1,1,1307.27646406312,946.723535936884,360.552928126233,10.6044978860657,1,Nonempty,509.89884090945
Karate,Local,23.0884584775086,5,1,1,1306.10525098039,947.894749019608,358.210501960785,10.5356029988466,1,Nonempty,506.586150057416
Karate,Local,23.2106196334743,5,1,1,1303.61316339869,950.386836601307,353.226326797386,10.3890096116878,1,Nonempty,499.537461944094
Karate,Local,23.33278078944,5,1,1,1301.12107581699,952.878924183007,348.242151633987,10.242416224529,1,Nonempty,492.488773830772
Karate,Local,23.4549419454056,5,1,1,1298.62898823529,955.371011764706,343.257976470588,10.0958228373702,1,Nonempty,485.440085717451
Karate,Local,23.5771031013713,5,1,1,1296.13690065359,957.863099346405,338.27380130719,9.94922945021147,1,Nonempty,478.39139760413
Karate,Local,23.6992642573369,5,1,1,1293.6448130719,960.355186928105,333.289626143791,9.80263606305268,1,Nonempty,471.342709490808
Karate,Local,23.8214254133026,5,1,1,1291.1527254902,962.847274509804,328.305450980392,9.65604267589389,1,Nonempty,464.294021377486
Karate,Local,23.9435865692682,5,1,1,1288.6606379085,965.339362091503,323.321275816994,9.50944928873511,1,Nonempty,457.245333264165
Karate,Local,24.0657477252339,5,1,1,1286.1685503268,967.831449673203,318.337100653595,9.36285590157632,1,Nonempty,450.196645150843
Karate,Local,24.1879088811995,5,1,1,1283.6764627451,970.323537254902,313.352925490196,9.21626251441754,1,Nonempty,443.147957037522
Karate,Local,24.3068498419091,5,1,1,1281.25006714662,972.749932853378,308.500134293244,9.07353336156601,1,Nonempty,436.285073911427
Karate,Local,24.3070929128383,5,1,1,1281.24510849967,972.754891500332,308.490216999336,9.07324167645106,1,Nonempty,436.27104873988
Karate,Local,24.3073359837674,5,1,1,1281.24014985271,972.759850147286,308.480299705428,9.07294999133611,1,Nonempty,436.257023568333
Karate,Local,24.3100700371652,5,1,1,1281.1843751634,972.815624836601,308.368750326798,9.06966912725876,1,Nonempty,436.0992689242
Karate,Local,24.4322311931308,5,1,1,1278.6922875817,975.307712418301,303.384575163399,8.92307574009997,1,Nonempty,429.050580810879
Karate,Local,24.5543923490965,5,1,1,1276.2002,977.7998,298.4004,8.77648235294118,1,Nonempty,422.001892697557
Karate,Local,24.6765535050621,5,1,1,1273.7081124183,980.291887581699,293.416224836602,8.6298889657824,1,Nonempty,414.953204584235
Karate,Local,24.7987146610278,5,1,1,1271.2160248366,982.783975163399,288.432049673203,8.48329557862361,1,Nonempty,407.904516470914
Karate,Local,24.8973384904844,5,1,1,1269.20409871569,984.795901284314,284.408197431373,8.36494698327567,1,Nonempty,402.213930057532
Karate,Local,24.8975874663591,5,1,1,1269.19901960784,984.800980392157,284.398039215686,8.36464821222607,1,Nonempty,402.199564171139
Karate,Local,24.8978364422337,5,1,1,1269.1939405,984.8060595,284.387881,8.36434944117648,1,Nonempty,402.185198284746
Karate,Local,24.9208758169935,5,1,1,1268.7239372549,985.276062745098,283.447874509804,8.33670219146483,1,Nonempty,400.855828357592
Karate,Local,25.0430369729591,5,1,1,1266.2318496732,987.768150326797,278.463699346405,8.19010880430604,1,Nonempty,393.80714024427
Karate,Local,25.1279926621972,5,1,1,1264.49875361275,989.501246387255,274.99750722549,8.08816197722031,1,Nonempty,388.905204337082
Karate,Local,25.1282439446367,5,1,1,1264.49362745098,989.50637254902,274.987254901961,8.08786043829297,1,Nonempty,388.890705362101
Karate,Local,25.1284952270761,5,1,1,1264.48850128922,989.511498710784,274.977002578432,8.08755889936564,1,Nonempty,388.87620638712
Karate,Local,25.1651981289248,5,1,1,1263.7397620915,990.260237908497,273.479524183007,8.04351541714726,1,Nonempty,386.758452130949
Karate,Local,25.2873592848904,5,1,1,1261.2476745098,992.752325490196,268.495349019608,7.89692202998847,1,Nonempty,379.709764017627
Karate,Local,25.4095204408561,5,1,1,1258.7555869281,995.244413071895,263.511173856209,7.75032864282969,1,Nonempty,372.661075904306
Karate,Local,25.5316815968217,5,1,1,1256.26349934641,997.736500653595,258.526998692811,7.6037352556709,1,Nonempty,365.612387790984
Karate,Local,25.6538427527874,5,1,1,1253.77141176471,1000.22858823529,253.542823529412,7.45714186851211,1,Nonempty,358.563699677663
Karate,Local,25.776003908753,5,1,1,1251.27932418301,1002.72067581699,248.558648366013,7.31054848135333,1,Nonempty,351.515011564341
Karate,Local,25.8981650647187,5,1,1,1248.78723660131,1005.21276339869,243.574473202615,7.16395509419455,1,Nonempty,344.46632345102
Karate,Local,26.0172008518259,5,1,1,1246.35890654432,1007.64109345568,238.717813088639,7.02111214966586,1,Nonempty,337.597968849999
Karate,Local,26.0174610264362,5,1,1,1246.35359898227,1007.64640101773,238.70719796454,7.02079994013354,1,Nonempty,337.582956797532
Karate,Local,26.0177212010465,5,1,1,1246.34829142022,1007.65170857978,238.696582840442,7.02048773060122,1,Nonempty,337.567944745066
Karate,Local,26.0203262206843,5,1,1,1246.29514901961,1007.70485098039,238.590298039216,7.01736170703576,1,Nonempty,337.417635337698
Karate,Local,26.14248737665,5,1,1,1243.80306143791,1010.19693856209,233.606122875817,6.87076831987698,1,Nonempty,330.368947224376
Karate,Local,26.2646485326157,5,1,1,1241.31097385621,1012.68902614379,228.621947712419,6.7241749327182,1,Nonempty,323.320259111055
Karate,Local,26.3868096885813,5,1,1,1238.81888627451,1015.18111372549,223.63777254902,6.5775815455594,1,Nonempty,316.271570997733
Karate,Local,26.508970844547,5,1,1,1236.32679869281,1017.67320130719,218.653597385621,6.43098815840062,1,Nonempty,309.222882884412
Karate,Local,26.6311320005126,5,1,1,1233.83471111111,1020.16528888889,213.669422222222,6.28439477124184,1,Nonempty,302.17419477109
Karate,Local,26.7532931564783,5,1,1,1231.34262352941,1022.65737647059,208.685247058824,6.13780138408305,1,Nonempty,295.125506657769
Karate,Local,26.8754543124439,5,1,1,1228.85053594771,1025.14946405229,203.701071895425,5.99120799692427,1,Nonempty,288.076818544447
Karate,Local,26.9976154684096,5,1,1,1226.35844836601,1027.64155163399,198.716896732026,5.84461460976548,1,Nonempty,281.028130431125
Karate,Local,27.1197766243752,5,1,1,1223.86636078431,1030.13363921569,193.732721568628,5.69802122260669,1,Nonempty,273.979442317804
Karate,Local,27.2419377803409,5,1,1,1221.37427320261,1032.62572679739,188.748546405229,5.55142783544791,1,Nonempty,266.930754204482
Karate,Local,27.3640989363065,5,1,1,1218.88218562092,1035.11781437909,183.76437124183,5.40483444828912,1,Nonempty,259.88206609116
Karate,Local,27.4862600922722,5,1,1,1216.39009803922,1037.60990196078,178.780196078431,5.25824106113033,1,Nonempty,252.833377977839
Karate,Local,27.6084212482379,5,1,1,1213.89801045752,1040.10198954248,173.796020915033,5.11164767397155,1,Nonempty,245.784689864518
Karate,Local,27.7305824042035,5,1,1,1211.40592287582,1042.59407712418,168.811845751634,4.96505428681277,1,Nonempty,238.736001751196
Karate,Local,27.8527435601692,5,1,1,1208.91383529412,1045.08616470588,163.827670588236,4.81846089965399,1,Nonempty,231.687313637875
Karate,Local,27.9749047161348,5,1,1,1206.42174771242,1047.57825228758,158.843495424837,4.6718675124952,1,Nonempty,224.638625524553
Karate,Local,28.0970658721005,5,1,1,1203.92966013072,1050.07033986928,153.859320261438,4.52527412533642,1,Nonempty,217.589937411231
Karate,Local,28.2192270280661,5,1,1,1201.43757254902,1052.56242745098,148.87514509804,4.37868073817764,1,Nonempty,210.54124929791
Karate,Local,28.3413881840318,5,1,1,1198.94548496732,1055.05451503268,143.890969934641,4.23208735101884,1,Nonempty,203.492561184588
Karate,Local,28.4635493399974,5,1,1,1196.45339738562,1057.54660261438,138.906794771242,4.08549396386006,1,Nonempty,196.443873071266
Karate,Local,28.5857104959631,5,1,1,1193.96130980392,1060.03869019608,133.922619607843,3.93890057670128,1,Nonempty,189.395184957945
Karate,Local,28.7078716519287,5,1,1,1191.46922222222,1062.53077777778,128.938444444445,3.79230718954249,1,Nonempty,182.346496844624
Karate,Local,28.8300328078944,5,1,1,1188.97713464052,1065.02286535948,123.954269281046,3.64571380238371,1,Nonempty,175.297808731302
Karate,Local,28.95219396386,5,1,1,1186.48504705882,1067.51495294118,118.970094117647,3.49912041522493,1,Nonempty,168.249120617981
Karate,Local,29.0743551198257,5,1,1,1183.99295947712,1070.00704052288,113.985918954249,3.35252702806613,1,Nonempty,161.200432504659
Karate,Local,29.1965162757914,5,1,1,1181.50087189543,1072.49912810458,109.00174379085,3.20593364090735,1,Nonempty,154.151744391337
Karate,Local,29.318677431757,5,1,1,1179.00878431373,1074.99121568627,104.017568627451,3.05934025374857,1,Nonempty,147.103056278016
Karate,Local,29.4408385877227,5,1,1,1176.51669673203,1077.48330326797,99.0333934640523,2.91274686658977,1,Nonempty,140.054368164694
Karate,Local,29.5629997436883,5,1,1,1174.02460915033,1079.97539084967,94.0492183006538,2.76615347943099,1,Nonempty,133.005680051373
Karate,Local,29.685160899654,5,1,1,1171.53252156863,1082.46747843137,89.0650431372551,2.61956009227221,1,Nonempty,125.956991938051
Karate,Local,29.8073220556196,5,1,1,1169.04043398693,1084.95956601307,84.0808679738564,2.47296670511342,1,Nonempty,118.908303824729
Karate,Local,29.9294832115853,5,1,1,1166.54834640523,1087.45165359477,79.0966928104579,2.32637331795464,1,Nonempty,111.859615711408
Karate,Local,30.0516443675509,5,1,1,1164.05625882353,1089.94374117647,74.1125176470589,2.17977993079585,1,Nonempty,104.810927598086
Karate,Local,30.1738055235166,5,1,1,1161.56417124183,1092.43582875817,69.1283424836602,2.03318654363706,1,Nonempty,97.7622394847644
Karate,Local,30.2959666794822,5,1,1,1159.07208366013,1094.92791633987,64.1441673202617,1.88659315647828,1,Nonempty,90.7135513714431
Karate,Local,30.4181278354479,5,1,1,1156.57999607843,1097.42000392157,59.1599921568629,1.7399997693195,1,Nonempty,83.6648632581215
Karate,Local,30.5402889914136,5,1,1,1154.08790849673,1099.91209150327,54.1758169934642,1.59340638216071,1,Nonempty,76.6161751447999
Karate,Local,30.6624501473792,5,1,1,1151.59582091503,1102.40417908497,49.1916418300657,1.44681299500193,1,Nonempty,69.5674870314786
Karate,Local,30.7846113033449,5,1,1,1149.10373333333,1104.89626666667,44.207466666667,1.30021960784315,1,Nonempty,62.5187989181569
Karate,Local,30.9067724593105,5,1,1,1146.61164575163,1107.38835424837,39.223291503268,1.15362622068435,1,Nonempty,55.470110804835
Karate,Local,31.0289336152762,5,1,1,1144.11955816993,1109.88044183007,34.2391163398695,1.00703283352557,1,Nonempty,48.4214226915137
Karate,Local,31.1510947712418,5,1,1,1141.62747058824,1112.37252941176,29.2549411764708,0.860439446366787,1,Nonempty,41.3727345781921
Karate,Local,31.2732559272075,5,1,1,1139.13538300654,1114.86461699346,24.270766013072,0.713846059208001,1,Nonempty,34.3240464648704
Karate,Local,31.3954170831731,5,1,1,1136.64329542484,1117.35670457516,19.2865908496735,0.567252672049221,1,Nonempty,27.2753583515491
Karate,Local,31.5175782391388,5,1,1,1134.15120784314,1119.84879215686,14.3024156862748,0.420659284890435,1,Nonempty,20.2266702382275
Karate,Local,31.6397393951044,5,1,1,1131.65912026144,1122.34087973856,9.31824052287607,0.274065897731649,1,Nonempty,13.1779821249059
Karate,Local,31.7619005510701,5,1,1,1129.16703267974,1124.83296732026,4.33406535947734,0.127472510572863,1,Nonempty,6.12929401158427
Karate,Local,31.8678089619377,5,1,1,1127.00650109804,1126.99349890196,0.0130021960785598,0.000382417531722347,1,Nonempty,0.0183878820349335
Karate,Local,31.8681276432141,5,1,1,1127,1127,0,0,NaN,Boundary,0
Karate,Local,31.8684463244906,5,1,1,1126.99349890196,1127.00650109804,-0.0130021960783324,-0.000382417531715659,0,Empty,NaN
Karate,Local,31.8840617070358,5,1,1,1126.67494509804,1127.32505490196,-0.650109803921623,-0.0191208765859301,0,Empty,NaN
Karate,Local,32.0062228630014,5,1,1,1124.18285751634,1129.81714248366,-5.63428496732013,-0.16571426374471,0,Empty,NaN
Karate,Local,32.1283840189671,5,1,1,1121.69076993464,1132.30923006536,-10.6184601307186,-0.312307650903489,0,Empty,NaN
Karate,Local,32.2505451749327,5,1,1,1119.19868235294,1134.80131764706,-15.6026352941174,-0.458901038062275,0,Empty,NaN
Karate,Local,32.3727063308984,5,1,1,1116.70659477124,1137.29340522876,-20.5868104575159,-0.605494425221055,0,Empty,NaN
Karate,Local,32.494867486864,5,1,1,1114.21450718954,1139.78549281046,-25.5709856209148,-0.752087812379848,0,Empty,NaN
Karate,Local,32.6170286428297,5,1,1,1111.72241960784,1142.27758039216,-30.5551607843136,-0.898681199538634,0,Empty,NaN
Karate,Local,32.7391897987953,5,1,1,1109.23033202614,1144.76966797386,-35.5393359477123,-1.04527458669742,0,Empty,NaN
Karate,Local,32.861350954761,5,1,1,1106.73824444444,1147.26175555556,-40.5235111111108,-1.1918679738562,0,Empty,NaN
Karate,Local,32.9835121107266,5,1,1,1104.24615686275,1149.75384313725,-45.5076862745095,-1.33846136101499,0,Empty,NaN
Karate,Local,33.1056732666923,5,1,1,1101.75406928105,1152.24593071895,-50.4918614379085,-1.48505474817378,0,Empty,NaN
Karate,Local,33.2278344226579,5,1,1,1099.26198169935,1154.73801830065,-55.476036601307,-1.63164813533256,0,Empty,NaN
Karate,Local,33.3499955786236,5,1,1,1096.76989411765,1157.23010588235,-60.4602117647057,-1.77824152249134,0,Empty,NaN
Karate,Local,33.4721567345893,5,1,1,1094.27780653595,1159.72219346405,-65.4443869281044,-1.92483490965013,0,Empty,NaN
Karate,Local,33.5943178905549,5,1,1,1091.78571895425,1162.21428104575,-70.4285620915032,-2.07142829680892,0,Empty,NaN
Karate,Local,33.7164790465206,5,1,1,1089.29363137255,1164.70636862745,-75.4127372549017,-2.2180216839677,0,Empty,NaN
Karate,Local,33.8386402024862,5,1,1,1086.80154379085,1167.19845620915,-80.3969124183006,-2.36461507112649,0,Empty,NaN
Karate,Local,33.9608013584519,5,1,1,1084.30945620915,1169.69054379085,-85.3810875816991,-2.51120845828527,0,Empty,NaN
Karate,Local,34.0829625144175,5,1,1,1081.81736862745,1172.18263137255,-90.3652627450979,-2.65780184544406,0,Empty,NaN
Karate,Local,34.2051236703832,5,1,1,1079.32528104575,1174.67471895425,-95.3494379084964,-2.80439523260283,0,Empty,NaN
Karate,Local,34.3272848263488,5,1,1,1076.83319346405,1177.16680653595,-100.333613071895,-2.95098861976163,0,Empty,NaN
Karate,Local,34.4494459823145,5,1,1,1074.34110588235,1179.65889411765,-105.317788235294,-3.09758200692041,0,Empty,NaN
Karate,Local,34.5716071382801,5,1,1,1071.84901830065,1182.15098169935,-110.301963398693,-3.2441753940792,0,Empty,NaN
Karate,Local,34.6937682942458,5,1,1,1069.35693071895,1184.64306928105,-115.286138562091,-3.39076878123798,0,Empty,NaN
Karate,Local,34.8159294502114,5,1,1,1066.86484313725,1187.13515686275,-120.27031372549,-3.53736216839677,0,Empty,NaN
Karate,Local,34.9380906061771,5,1,1,1064.37275555556,1189.62724444444,-125.254488888889,-3.68395555555555,0,Empty,NaN
Karate,Local,35.0602517621428,5,1,1,1061.88066797386,1192.11933202614,-130.238664052287,-3.83054894271433,0,Empty,NaN
Karate,Local,35.1824129181084,5,1,1,1059.38858039216,1194.61141960784,-135.222839215686,-3.97714232987312,0,Empty,NaN
Karate,Local,35.3045740740741,5,1,1,1056.89649281046,1197.10350718954,-140.207014379085,-4.12373571703191,0,Empty,NaN
Karate,Local,35.4267352300397,5,1,1,1054.40440522876,1199.59559477124,-145.191189542484,-4.2703291041907,0,Empty,NaN
Karate,Local,35.5488963860054,5,1,1,1051.91231764706,1202.08768235294,-150.175364705882,-4.41692249134948,0,Empty,NaN
Karate,Local,35.671057541971,5,1,1,1049.42023006536,1204.57976993464,-155.159539869281,-4.56351587850826,0,Empty,NaN
Karate,Local,35.7932186979367,5,1,1,1046.92814248366,1207.07185751634,-160.143715032679,-4.71010926566704,0,Empty,NaN
Karate,Local,35.9153798539023,5,1,1,1044.43605490196,1209.56394509804,-165.127890196078,-4.85670265282583,0,Empty,NaN
Karate,Local,36.037541009868,5,1,1,1041.94396732026,1212.05603267974,-170.112065359477,-5.00329603998461,0,Empty,NaN
Karate,Local,36.1597021658337,5,1,1,1039.45187973856,1214.54812026144,-175.096240522876,-5.14988942714341,0,Empty,NaN
Karate,Local,36.2818633217993,5,1,1,1036.95979215686,1217.04020784314,-180.080415686274,-5.29648281430219,0,Empty,NaN
Karate,Local,36.404024477765,5,1,1,1034.46770457516,1219.53229542484,-185.064590849673,-5.44307620146097,0,Empty,NaN
Karate,Local,36.5261856337306,5,1,1,1031.97561699346,1222.02438300654,-190.048766013072,-5.58966958861975,0,Empty,NaN
Karate,Local,36.6483467896963,5,1,1,1029.48352941176,1224.51647058824,-195.03294117647,-5.73626297577854,0,Empty,NaN
Karate,Global,0,5,1,1,1740.54494961022,513.455050389777,1227.08989922045,36.0908793888366,1,Nonempty,1735.36717772859
Karate,Global,0.122161155965654,5,1,1,1734.31473065597,519.685269344025,1214.62946131195,35.7243959209397,1,Nonempty,1717.74545744528
Karate,Global,0.244322311931308,5,1,1,1728.08451170173,525.915488298274,1202.16902340345,35.3579124530427,1,Nonempty,1700.12373716198
Karate,Global,0.366483467896963,5,1,1,1721.85429274748,532.145707252522,1189.70858549496,34.9914289851458,1,Nonempty,1682.50201687868
Karate,Global,0.488644623862617,5,1,1,1715.62407379323,538.37592620677,1177.24814758646,34.6249455172488,1,Nonempty,1664.88029659537
Karate,Global,0.610805779828271,5,1,1,1709.39385483898,544.606145161019,1164.78770967796,34.2584620493518,1,Nonempty,1647.25857631207
Karate,Global,0.732966935793925,5,1,1,1703.16363588473,550.836364115267,1152.32727176947,33.8919785814549,1,Nonempty,1629.63685602877
Karate,Global,0.85512809175958,5,1,1,1696.93341693048,557.066583069516,1139.86683386097,33.5254951135579,1,Nonempty,1612.01513574546
Karate,Global,0.977289247725234,5,1,1,1690.70319797624,563.296802023764,1127.40639595247,33.1590116456609,1,Nonempty,1594.39341546216
Karate,Global,1.09945040369089,5,1,1,1684.47297902199,569.527020978012,1114.94595804398,32.792528177764,1,Nonempty,1576.77169517885
Karate,Global,1.22161155965654,5,1,1,1678.24276006774,575.757239932261,1102.48552013548,32.426044709867,1,Nonempty,1559.14997489555
Karate,Global,1.3437727156222,5,1,1,1672.01254111349,581.987458886509,1090.02508222698,32.05956124197,1,Nonempty,1541.52825461225
Karate,Global,1.46593387158785,5,1,1,1665.78232215924,588.217677840757,1077.56464431848,31.6930777740731,1,Nonempty,1523.90653432894
Karate,Global,1.5880950275535,5,1,1,1659.55210320499,594.447896795006,1065.10420640999,31.3265943061761,1,Nonempty,1506.28481404564
Karate,Global,1.71025618351916,5,1,1,1653.32188425075,600.678115749254,1052.64376850149,30.9601108382792,1,Nonempty,1488.66309376233
Karate,Global,1.83241733948481,5,1,1,1647.0916652965,606.908334703503,1040.18333059299,30.5936273703822,1,Nonempty,1471.04137347903
Karate,Global,1.95457849545047,5,1,1,1640.86144634225,613.138553657751,1027.7228926845,30.2271439024852,1,Nonempty,1453.41965319573
Karate,Global,2.07673965141612,5,1,1,1634.631227388,619.368772611999,1015.262454776,29.8606604345883,1,Nonempty,1435.79793291242
Karate,Global,2.19890080738178,5,1,1,1628.40100843375,625.598991566248,1002.8020168675,29.4941769666913,1,Nonempty,1418.17621262912
Karate,Global,2.32106196334743,5,1,1,1622.1707894795,631.829210520496,990.341578959008,29.1276934987943,1,Nonempty,1400.55449234581
Karate,Global,2.44322311931308,5,1,1,1615.94057052526,638.059429474744,977.881141050511,28.7612100308974,1,Nonempty,1382.93277206251
Karate,Global,2.56538427527874,5,1,1,1609.71035157101,644.289648428993,965.420703142014,28.3947265630004,1,Nonempty,1365.31105177921
Karate,Global,2.68754543124439,5,1,1,1603.48013261676,650.519867383241,952.960265233518,28.0282430951035,1,Nonempty,1347.6893314959
Karate,Global,2.80970658721005,5,1,1,1597.24991366251,656.750086337489,940.499827325021,27.6617596272065,1,Nonempty,1330.0676112126
Karate,Global,2.9318677431757,5,1,1,1591.01969470826,662.980305291738,928.039389416524,27.2952761593095,1,Nonempty,1312.44589092929
Karate,Global,3.05402889914135,5,1,1,1584.78947575401,669.210524245986,915.578951508028,26.9287926914126,1,Nonempty,1294.82417064599
Karate,Global,3.17619005510701,5,1,1,1578.55925679977,675.440743200234,903.118513599531,26.5623092235156,1,Nonempty,1277.20245036269
Karate,Global,3.29835121107266,5,1,1,1572.32903784552,681.670962154483,890.658075691034,26.1958257556186,1,Nonempty,1259.58073007938
Karate,Global,3.42051236703832,5,1,1,1566.09881889127,687.901181108731,878.197637782537,25.8293422877217,1,Nonempty,1241.95900979608
Karate,Global,3.54267352300397,5,1,1,1559.86859993702,694.13140006298,865.73719987404,25.4628588198247,1,Nonempty,1224.33728951277
Karate,Global,3.66483467896963,5,1,1,1553.63838098277,700.361619017228,853.276761965544,25.0963753519278,1,Nonempty,1206.71556922947
Karate,Global,3.78699583493528,5,1,1,1547.40816202852,706.591837971476,840.816324057047,24.7298918840308,1,Nonempty,1189.09384894617
Karate,Global,3.90915699090093,5,1,1,1541.17794307428,712.822056925725,828.35588614855,24.3634084161338,1,Nonempty,1171.47212866286
Karate,Global,4.03131814686659,5,1,1,1534.94772412003,719.052275879973,815.895448240054,23.9969249482369,1,Nonempty,1153.85040837956
Karate,Global,4.15347930283224,5,1,1,1528.71750516578,725.282494834221,803.435010331557,23.6304414803399,1,Nonempty,1136.22868809626
Karate,Global,4.2756404587979,5,1,1,1522.48728621153,731.51271378847,790.97457242306,23.2639580124429,1,Nonempty,1118.60696781295
Karate,Global,4.39780161476355,5,1,1,1516.25706725728,737.742932742718,778.514134514563,22.897474544546,1,Nonempty,1100.98524752965
Karate,Global,4.51996277072921,5,1,1,1510.02684830303,743.973151696967,766.053696606067,22.530991076649,1,Nonempty,1083.36352724634
Karate,Global,4.64212392669486,5,1,1,1503.79662934879,750.203370651215,753.59325869757,22.1645076087521,1,Nonempty,1065.74180696304
Karate,Global,4.76428508266051,5,1,1,1497.56641039454,756.433589605463,741.132820789073,21.7980241408551,1,Nonempty,1048.12008667974
Karate,Global,4.88644623862617,5,1,1,1491.33619144029,762.663808559712,728.672382880577,21.4315406729581,1,Nonempty,1030.49836639643
Karate,Global,5.00860739459182,5,1,1,1485.10597248604,768.89402751396,716.21194497208,21.0650572050612,1,Nonempty,1012.87664611313
Karate,Global,5.13076855055748,5,1,1,1478.87575353179,775.124246468208,703.751507063583,20.6985737371642,1,Nonempty,995.254925829824
Karate,Global,5.25292970652313,5,1,1,1472.64553457754,781.354465422457,691.291069155086,20.3320902692672,1,Nonempty,977.63320554652
Karate,Global,5.37509086248879,5,1,1,1466.41531562329,787.584684376705,678.83063124659,19.9656068013703,1,Nonempty,960.011485263216
Karate,Global,5.49725201845444,5,1,1,1460.18509666905,793.814903330953,666.370193338093,19.5991233334733,1,Nonempty,942.389764979913
Karate,Global,5.61941317442009,5,1,1,1453.9548777148,800.045122285202,653.909755429596,19.2326398655764,1,Nonempty,924.768044696609
Karate,Global,5.74157433038575,5,1,1,1447.72465876055,806.27534123945,641.449317521099,18.8661563976794,1,Nonempty,907.146324413305
Karate,Global,5.8637354863514,5,1,1,1441.4944398063,812.505560193699,628.988879612603,18.4996729297824,1,Nonempty,889.524604130001
Karate,Global,5.98589664231706,5,1,1,1435.26422085205,818.735779147947,616.528441704106,18.1331894618855,1,Nonempty,871.902883846697
Karate,Global,6.10805779828271,5,1,1,1429.0340018978,824.965998102195,604.068003795609,17.7667059939885,1,Nonempty,854.281163563393
Karate,Global,6.23021895424836,5,1,1,1422.80378294356,831.196217056444,591.607565887113,17.4002225260915,1,Nonempty,836.659443280089
Karate,Global,6.35238011021402,5,1,1,1416.57356398931,837.426436010692,579.147127978616,17.0337390581946,1,Nonempty,819.037722996785
Karate,Global,6.47454126617967,5,1,1,1410.34334503506,843.65665496494,566.686690070119,16.6672555902976,1,Nonempty,801.416002713481
Karate,Global,6.59670242214533,5,1,1,1404.11312608081,849.886873919189,554.226252161622,16.3007721224007,1,Nonempty,783.794282430177
Karate,Global,6.71886357811098,5,1,1,1397.88290712656,856.117092873437,541.765814253126,15.9342886545037,1,Nonempty,766.172562146873
Karate,Global,6.84102473407664,5,1,1,1391.65268817231,862.347311827685,529.305376344629,15.5678051866067,1,Nonempty,748.550841863569
Karate,Global,6.96318589004229,5,1,1,1385.42246921807,868.577530781934,516.844938436132,15.2013217187098,1,Nonempty,730.929121580266
Karate,Global,7.08534704600794,5,1,1,1379.19225026382,874.807749736182,504.384500527635,14.8348382508128,1,Nonempty,713.307401296962
Karate,Global,7.18772786386532,5,1,1,1373.97082855309,880.029171446908,493.941657106183,14.5276957972407,1,Nonempty,698.538990500605
Karate,Global,7.18779974186274,5,1,1,1373.96716277522,880.032837224777,493.934325550446,14.5274801632484,1,Nonempty,698.528622115049
Karate,Global,7.18787161986016,5,1,1,1373.96349699735,880.036503002645,493.926993994709,14.5272645292562,1,Nonempty,698.518253729492
Karate,Global,7.2075082019736,5,1,1,1372.96203130957,881.03796869043,491.924062619139,14.4683547829158,1,Nonempty,695.685681013658
Karate,Global,7.32966935793925,5,1,1,1366.73181235532,887.268187644679,479.463624710642,14.1018713150189,1,Nonempty,678.063960730354
Karate,Global,7.35246907379743,5,1,1,1365.56902684655,888.430973153446,477.138053693108,14.0334721674443,1,Nonempty,674.775106657095
Karate,Global,7.35254259922343,5,1,1,1365.56527704983,888.434722950172,477.130554099656,14.0332515911664,1,Nonempty,674.764500630324
Karate,Global,7.35261612464942,5,1,1,1365.5615272531,888.438472746897,477.123054506205,14.0330310148884,1,Nonempty,674.753894603553
Karate,Global,7.45183051390491,5,1,1,1360.50159340107,893.498406598927,467.003186802145,13.7353878471219,1,Nonempty,660.44224044705
Karate,Global,7.57399166987056,5,1,1,1354.27137444682,899.728625553176,454.542748893649,13.368904379225,1,Nonempty,642.820520163746
Karate,Global,7.69615282583621,5,1,1,1348.04115549258,905.958844507424,442.082310985152,13.002420911328,1,Nonempty,625.198799880442
Karate,Global,7.81831398180187,5,1,1,1341.81093653833,912.189063461672,429.621873076655,12.635937443431,1,Nonempty,607.577079597138
Karate,Global,7.94047513776752,5,1,1,1335.58071758408,918.419282415921,417.161435168158,12.2694539755341,1,Nonempty,589.955359313834
Karate,Global,8.06263629373318,5,1,1,1329.35049862983,924.649501370169,404.700997259662,11.9029705076371,1,Nonempty,572.33363903053
Karate,Global,8.18479744969883,5,1,1,1323.12027967558,930.879720324417,392.240559351165,11.5364870397401,1,Nonempty,554.711918747226
Karate,Global,8.28017384837035,5,1,1,1318.25608334333,935.743916656665,382.51216668667,11.2503578437256,1,Nonempty,540.953893901006
Karate,Global,8.28025665093686,5,1,1,1318.25186041244,935.748139587557,382.503720824886,11.2501094360261,1,Nonempty,540.941949648725
Karate,Global,8.28033945350337,5,1,1,1318.24763748155,935.752362518449,382.495274963102,11.2498610283265,1,Nonempty,540.930005396445
Karate,Global,8.29078597333203,5,1,1,1317.71486497029,936.285135029711,381.429729940578,11.2185214688405,1,Nonempty,539.423097174273
Karate,Global,8.29086888202085,5,1,1,1317.71063662716,936.289363372841,381.421273254319,11.2182727427741,1,Nonempty,539.411137613872
Karate,Global,8.29095179070968,5,1,1,1317.70640828403,936.29359171597,381.412816568059,11.2180240167076,1,Nonempty,539.39917805347
Karate,Global,8.30695860566449,5,1,1,1316.89006072133,937.109939278666,379.780121442668,11.1700035718432,1,Nonempty,537.090198463923
Karate,Global,8.35488870489337,5,1,1,1314.44562566066,939.554374339339,374.891251321322,11.0262132741565,1,Nonempty,530.176292033634
Karate,Global,8.35497225461592,5,1,1,1314.44136462481,939.558635375189,374.882729249622,11.0259626249889,1,Nonempty,530.164240004256
Karate,Global,8.35505580433847,5,1,1,1314.43710358896,939.562896411039,374.874207177922,11.0257119758212,1,Nonempty,530.152187974879
Karate,Global,8.42911976163014,5,1,1,1310.65984176709,943.340158232914,367.319683534171,10.8035201039462,1,Nonempty,519.468478180618
Karate,Global,8.52696458000834,5,1,1,1305.6697560298,948.330243970202,357.339512059595,10.5099856488116,1,Nonempty,505.354384326464
Karate,Global,8.52704985050684,5,1,1,1305.66540723437,948.334592765626,357.330814468748,10.5097298373161,1,Nonempty,505.342084075527
Karate,Global,8.52713512100535,5,1,1,1305.66105843895,948.33894156105,357.3221168779,10.5094740258206,1,Nonempty,505.329783824591
Karate,Global,8.55128091759579,5,1,1,1304.42962281284,949.570377187162,354.859245625675,10.4370366360493,1,Nonempty,501.846757897315
Karate,Global,8.63592962901206,5,1,1,1300.11253853061,953.887461469392,346.225077061215,10.1830905018005,1,Nonempty,489.636199613641
Karate,Global,8.63601598917196,5,1,1,1300.10813416245,953.891865837547,346.216268324906,10.1828314213208,1,Nonempty,489.623742179285
Karate,Global,8.63610234933185,5,1,1,1300.1037297943,953.896270205701,346.207459588597,10.1825723408411,1,Nonempty,489.61128474493
Karate,Global,8.67344207356145,5,1,1,1298.19940385859,955.800596141411,342.398807717178,10.0705531681523,1,Nonempty,484.225037614011
Karate,Global,8.73562312488827,5,1,1,1295.02817024092,958.971829759079,336.056340481843,9.88401001417184,1,Nonempty,475.255434430892
Karate,Global,8.73571048199309,5,1,1,1295.02371502858,958.976284971424,336.047430057151,9.88374794285738,1,Nonempty,475.242833187447
Karate,Global,8.73579783909791,5,1,1,1295.01925981623,958.98074018377,336.038519632459,9.88348587154292,1,Nonempty,475.230231944002
Karate,Global,8.78404674389113,5,1,1,1292.55856567178,961.441434328224,331.117131343551,9.73873915716326,1,Nonempty,468.270337880123
Karate,Global,8.78413458523698,5,1,1,1292.55408576314,961.445914236863,331.108171526274,9.7384756331257,1,Nonempty,468.257666785014
Karate,Global,8.78422242658283,5,1,1,1292.5496058545,961.450394145501,331.099211708997,9.73821210908815,1,Nonempty,468.244995689904
Karate,Global,8.7956032295271,5,1,1,1291.96918490434,962.030815095659,329.938369808681,9.70406970025533,1,Nonempty,466.603317330707
Karate,Global,8.89258698336861,5,1,1,1287.02301345842,966.976986541576,320.046026916847,9.4131184387308,1,Nonempty,452.61343184943
Karate,Global,8.89267591012771,5,1,1,1287.01847819371,966.98152180629,320.036956387419,9.4128516584535,1,Nonempty,452.600604183695
Karate,Global,8.89276483688682,5,1,1,1287.013942929,966.986057071005,320.027885857991,9.41258487817619,1,Nonempty,452.587776517959
Karate,Global,8.90728441998734,5,1,1,1286.27344419087,967.726555809131,318.546888381738,9.36902612887463,1,Nonempty,450.493329801202
Karate,Global,8.90737349372227,5,1,1,1286.26890143039,967.731098569613,318.537802860774,9.36875890766982,1,Nonempty,450.480480934234
Karate,Global,8.90746256745721,5,1,1,1286.26435866991,967.735641330095,318.52871733981,9.36849168646501,1,Nonempty,450.467632067266
Karate,Global,8.91776438549276,5,1,1,1285.73896595009,968.261034049908,317.477931900184,9.33758623235837,1,Nonempty,448.981597047403
Karate,Global,8.95511651775248,5,1,1,1283.83400720485,970.165992795153,313.668014409693,9.22552983557921,1,Nonempty,443.593560060827
Karate,Global,8.95520606981318,5,1,1,1283.82944004975,970.170559950249,313.658880099502,9.22526117939711,1,Nonempty,443.580642195472
Karate,Global,8.95529562187387,5,1,1,1283.82487289466,970.175127105345,313.649745789311,9.22499252321502,1,Nonempty,443.567724330117
Karate,Global,8.95912126700135,5,1,1,1283.62976499315,970.370235006846,313.259529986308,9.21351558783258,1,Nonempty,443.015875849258
Karate,Global,8.95921085910994,5,1,1,1283.62519579562,970.374804204384,313.250391591232,9.21324681150681,1,Nonempty,443.002952207003
Karate,Global,8.95930045121853,5,1,1,1283.62062659808,970.379373401922,313.241253196155,9.21297803518104,1,Nonempty,442.990028564748
Karate,Global,8.96478404337901,5,1,1,1283.34096339789,970.659036602107,312.681926795786,9.1965272586996,1,Nonempty,442.199021583552
Karate,Global,8.96487369211594,5,1,1,1283.33639131231,970.66360868769,312.67278262462,9.19625831248884,1,Nonempty,442.186089772673
Karate,Global,8.96496334085286,5,1,1,1283.33181922673,970.668180773273,312.663638453454,9.19598936627807,1,Nonempty,442.173157961793
Karate,Global,8.9743146079736,5,1,1,1282.85490460357,971.14509539643,311.709809207139,9.16793556491585,1,Nonempty,440.824239705466
Karate,Global,8.97440435201712,5,1,1,1282.85032765735,971.14967234265,311.7006553147,9.16766633278529,1,Nonempty,440.81129414663
Karate,Global,8.97449409606064,5,1,1,1282.84575071113,971.15424928887,311.691501422261,9.16739710065472,1,Nonempty,440.798348587794
Karate,Global,8.97452490499112,5,1,1,1282.84417945568,971.155820544324,311.688358911351,9.16730467386328,1,Nonempty,440.793904406246
Karate,Global,8.97461465113763,5,1,1,1282.8396024022,971.160397597796,311.679204804407,9.16703543542375,1,Nonempty,440.780958544054
Karate,Global,8.97470439728414,5,1,1,1282.83502534873,971.164974651268,311.670050697463,9.16676619698421,1,Nonempty,440.768012681863
Karate,Global,8.98503224306695,5,1,1,1282.30830521381,971.691694786192,310.616610427616,9.13578265963578,1,Nonempty,439.278223165095
Karate,Global,8.9851220942879,5,1,1,1282.30372280154,971.69627719846,310.60744560308,9.13551310597295,1,Nonempty,439.265262145939
Karate,Global,8.98521194550884,5,1,1,1282.29914038927,971.700859610728,310.598280778544,9.13524355231012,1,Nonempty,439.252301126784
Karate,Global,8.98712433639839,5,1,1,1282.20160845391,971.798391546095,310.40321690781,9.12950637964148,1,Nonempty,438.976439155263
Karate,Global,8.98721420854047,5,1,1,1282.19702497466,971.802975025341,310.394049949317,9.12923676321522,1,Nonempty,438.963475118237
Karate,Global,8.98730408068256,5,1,1,1282.19244149541,971.807558504588,310.384882990825,9.12896714678896,1,Nonempty,438.950511081211
Karate,Global,8.98891529313116,5,1,1,1282.11026966053,971.889730339466,310.220539321067,9.12413350944316,1,Nonempty,438.718094034549
Karate,Global,8.98900518318299,5,1,1,1282.10568526789,971.89431473211,310.21137053578,9.12386383928766,1,Nonempty,438.705127414046
Karate,Global,8.98909507323483,5,1,1,1282.10110087525,971.898899124753,310.202201750494,9.12359416913216,1,Nonempty,438.692160793543
Karate,Global,8.9954967525962,5,1,1,1281.77461522782,972.225384772183,309.549230455633,9.10438913104803,1,Nonempty,437.768719932511
Karate,Global,8.99558670846329,5,1,1,1281.7700274786,972.229972521405,309.54005495719,9.10411926344678,1,Nonempty,437.755743818172
Karate,Global,8.99567666433037,5,1,1,1281.76543972937,972.234560270626,309.530879458748,9.10384939584553,1,Nonempty,437.742767703833
Karate,Global,8.99918957234718,5,1,1,1281.58628142052,972.413718579483,309.172562841034,9.09331067179511,1,Nonempty,437.236031483438
Karate,Global,8.99927956514283,5,1,1,1281.58169178794,972.418308212061,309.163383575877,9.09304069340816,1,Nonempty,437.223050042161
Karate,Global,8.99936955793848,5,1,1,1281.57710215536,972.422897844639,309.154204310721,9.0927707150212,1,Nonempty,437.210068600884
Karate,Global,9.00228395916643,5,1,1,1281.42846769273,972.571532307265,308.85693538547,9.08402751133734,1,Nonempty,436.789666855122
Karate,Global,9.00237398290626,5,1,1,1281.423876482,972.576123517996,308.847752964007,9.08375744011785,1,Nonempty,436.776680950154
Karate,Global,9.00246400664609,5,1,1,1281.41928527127,972.580714728728,308.838570542544,9.08348736889836,1,Nonempty,436.763695045186
Karate,Global,9.00756352162496,5,1,1,1281.15921000735,972.84078999265,308.3184200147,9.06818882396176,1,Nonempty,436.028091114233
Karate,Global,9.00765359816094,5,1,1,1281.15461610401,972.845383895985,308.30923220803,9.06791859435381,1,Nonempty,436.015097593432
Karate,Global,9.00774367469692,5,1,1,1281.15002220068,972.84997779932,308.30004440136,9.06764836474587,1,Nonempty,436.00210407263
Karate,Global,9.0089671911551,5,1,1,1281.08762286131,972.912377138687,308.175245722626,9.06397781537135,1,Nonempty,435.825612088599
Karate,Global,9.00905728172791,5,1,1,1281.0830282421,972.916971757901,308.166056484199,9.0637075436529,1,Nonempty,435.812616542987
Karate,Global,9.00914737230073,5,1,1,1281.07843362289,972.921566377114,308.156867245771,9.06343727193445,1,Nonempty,435.799620997375
Karate,Global,9.01209135202732,5,1,1,1280.92829065683,973.07170934317,307.85658131366,9.05460533275469,1,Nonempty,435.374952559593
Karate,Global,9.01218147384205,5,1,1,1280.92369444428,973.076305555722,307.847388888556,9.05433496731048,1,Nonempty,435.361952507341
Karate,Global,9.01227159565679,5,1,1,1280.91909823173,973.080901768273,307.838196463453,9.05406460186627,1,Nonempty,435.348952455089
Karate,Global,9.01567605245605,5,1,1,1280.74547093496,973.254529065036,307.490941869928,9.04385123146848,1,Nonempty,434.85786029933
Karate,Global,9.01576621011815,5,1,1,1280.7408728942,973.259127105803,307.481745788394,9.04358075848218,1,Nonempty,434.844855076103
Karate,Global,9.01585636778025,5,1,1,1280.73627485343,973.26372514657,307.47254970686,9.04331028549588,1,Nonempty,434.831849852877
Karate,Global,9.01801077857193,5,1,1,1280.62639990305,973.373600096946,307.252799806108,9.03684705312084,1,Nonempty,434.521076562904
Karate,Global,9.01810095958153,5,1,1,1280.62180067156,973.378199328435,307.24360134313,9.03657651009205,1,Nonempty,434.508067971807
Karate,Global,9.01819114059112,5,1,1,1280.61720144008,973.382798559924,307.234402880151,9.03630596706327,1,Nonempty,434.495059380709
Karate,Global,9.03260374082072,5,1,1,1279.88215882837,974.117841171634,305.764317656732,8.99306816637447,1,Nonempty,432.416044919906
Karate,Global,9.0326940677614,5,1,1,1279.87755215439,974.122447845608,305.755104308783,8.99279718555244,1,Nonempty,432.403015278281
Karate,Global,9.03278439470208,5,1,1,1279.87294548042,974.127054519583,305.745890960834,8.9925262047304,1,Nonempty,432.389985636657
Karate,Global,9.03992554145841,5,1,1,1279.50874699584,974.491253004156,305.017493991688,8.9711027644614,1,Nonempty,431.359876764099
Karate,Global,9.04273982823953,5,1,1,1279.36521837001,974.634781629993,304.730436740013,8.96265990411804,1,Nonempty,430.953916505603
Karate,Global,9.0428302565421,5,1,1,1279.36060652658,974.639393473424,304.721213053152,8.96238861921034,1,Nonempty,430.940872242548
Karate,Global,9.04292068484467,5,1,1,1279.35599468314,974.644005316855,304.71198936629,8.96211733430265,1,Nonempty,430.927827979494
Karate,Global,9.04717499076328,5,1,1,1279.1390250813,974.860974918704,304.278050162591,8.9493544165468,1,Nonempty,430.314145272378
Karate,Global,9.04726546341791,5,1,1,1279.13441097591,974.865589024091,304.268821951819,8.9490829985829,1,Nonempty,430.301094611546
Karate,Global,9.04735593607255,5,1,1,1279.12979687052,974.870203129477,304.259593741046,8.948811580619,1,Nonempty,430.288043950715
Karate,Global,9.10438556992821,5,1,1,1276.22128554388,977.778714456115,298.442571087769,8.77772267905202,1,Nonempty,422.061531621819
Karate,Global,9.10447661469435,5,1,1,1276.21664226081,977.783357739189,298.433284521622,8.77744954475358,1,Nonempty,422.048398434026
Karate,Global,9.1045676594605,5,1,1,1276.21199897774,977.788001022263,298.423997955475,8.77717641045514,1,Nonempty,422.035265246233
Karate,Global,9.11975038774126,5,1,1,1275.43767983542,978.562320164581,296.875359670837,8.73162822561286,1,Nonempty,419.845159980889
Karate,Global,9.11984158615712,5,1,1,1275.43302871621,978.56697128379,296.866057432419,8.73135463036527,1,Nonempty,419.832004629158
Karate,Global,9.11993278457298,5,1,1,1275.428377597,978.571622402999,296.856755194001,8.73108103511769,1,Nonempty,419.818849277427
Karate,Global,9.14867403267506,5,1,1,1273.96257394379,980.037426056205,293.925147887589,8.64485729081145,1,Nonempty,415.672930465147
Karate,Global,9.14876552033027,5,1,1,1273.95790807338,980.042091926621,293.915816146759,8.64458282784584,1,Nonempty,415.659733390703
Karate,Global,9.14885700798547,5,1,1,1273.95324220296,980.046757797036,293.906484405928,8.64430836488024,1,Nonempty,415.64653631626
Karate,Global,9.15963967338747,5,1,1,1273.40332626746,980.596673732538,292.806652534924,8.61196036867424,1,Nonempty,414.091139167956
Karate,Global,9.15973127070017,5,1,1,1273.39865480451,980.601345195486,292.797309609028,8.61168557673612,1,Nonempty,414.077926275442
Karate,Global,9.15982286801288,5,1,1,1273.39398334157,980.606016658434,292.787966683132,8.611410784798,1,Nonempty,414.064713382927
Karate,Global,9.16208669742407,5,1,1,1273.2785280416,980.721471958404,292.557056083191,8.60461929656445,1,Nonempty,413.738156480795
Karate,Global,9.16734097416254,5,1,1,1273.01055992793,980.989440072067,292.021119855866,8.58885646634901,1,Nonempty,412.980228199545
Karate,Global,9.16743264848903,5,1,1,1273.00588453728,980.994115462717,292.011769074565,8.58858144336955,1,Nonempty,412.96700419781
Karate,Global,9.16752432281551,5,1,1,1273.00120914663,980.998790853368,292.002418293263,8.5883064203901,1,Nonempty,412.953780196075
Karate,Global,9.28424785338972,5,1,1,1267.04830908735,986.951690912653,280.096618174694,8.23813582866748,1,Nonempty,396.116436197491
Karate,Global,9.40640900935537,5,1,1,1260.8180901331,993.181909866901,267.636180266198,7.87165236077052,1,Nonempty,378.494715914187
Karate,Global,9.52857016532103,5,1,1,1254.58787117885,999.41212882115,255.175742357701,7.50516889287355,1,Nonempty,360.872995630883
Karate,Global,9.60578959341049,5,1,1,1250.64968034629,1003.35031965371,247.299360692576,7.27351060860518,1,Nonempty,349.734109857637
Karate,Global,9.60588565226701,5,1,1,1250.64478134461,1003.35521865539,247.289562689211,7.27322243203562,1,Nonempty,349.720253388394
Karate,Global,9.60598171112353,5,1,1,1250.63988234292,1003.36011765708,247.279764685846,7.27293425546605,1,Nonempty,349.70639691915
Karate,Global,9.6297043030257,5,1,1,1249.43003015591,1004.56996984409,244.860060311824,7.20176647975954,1,Nonempty,346.284418176476
Karate,Global,9.62980060103171,5,1,1,1249.42511895761,1004.57488104239,244.850237915211,7.20147758574151,1,Nonempty,346.270527209971
Karate,Global,9.62989689903772,5,1,1,1249.4202077593,1004.5797922407,244.840415518598,7.20118869172348,1,Nonempty,346.256636243466
Karate,Global,9.64390235484305,5,1,1,1248.70592951323,1005.29407048677,243.411859026455,7.15917232430749,1,Nonempty,344.23635227766
Karate,Global,9.643998794831,5,1,1,1248.70101107384,1005.29898892616,243.402022147684,7.15888300434364,1,Nonempty,344.222440830291
Karate,Global,9.64409523481895,5,1,1,1248.69609263446,1005.30390736554,243.392185268913,7.1585936843798,1,Nonempty,344.208529382922
Karate,Global,9.65073132128668,5,1,1,1248.3576522246,1005.6423477754,242.715304449204,7.1386854249766,1,Nonempty,343.25127534758
Karate,Global,9.77289247725234,5,1,1,1242.12743327035,1011.87256672965,230.254866540708,6.77220195707963,1,Nonempty,325.629555064276
Karate,Global,9.89505363321799,5,1,1,1235.89721431611,1018.10278568389,217.794428632211,6.40571848918267,1,Nonempty,308.007834780972
Karate,Global,10.0172147891836,5,1,1,1229.66699536186,1024.33300463814,205.333990723714,6.0392350212857,1,Nonempty,290.386114497668
Karate,Global,10.1393759451493,5,1,1,1223.43677640761,1030.56322359239,192.873552815217,5.67275155338874,1,Nonempty,272.764394214364
Karate,Global,10.261537101115,5,1,1,1217.20655745336,1036.79344254664,180.41311490672,5.30626808549178,1,Nonempty,255.14267393106
Karate,Global,10.3836982570806,5,1,1,1210.97633849911,1043.02366150089,167.952676998224,4.93978461759482,1,Nonempty,237.520953647756
Karate,Global,10.4678283840112,5,1,1,1206.68570202565,1047.31429797435,159.371404051302,4.68739423680299,1,Nonempty,225.385201063793
Karate,Global,10.4679330633418,5,1,1,1206.68036337979,1047.31963662021,159.360726759577,4.68708019881109,1,Nonempty,225.370101093027
Karate,Global,10.4680377426725,5,1,1,1206.67502473393,1047.32497526607,159.350049467853,4.68676616081919,1,Nonempty,225.355001122261
Karate,Global,10.5058594130463,5,1,1,1204.74611954486,1049.25388045514,155.492239089727,4.57330114969786,1,Nonempty,219.899233364452
Karate,Global,10.6280205690119,5,1,1,1198.51590059062,1055.48409940938,143.03180118123,4.20681768180089,1,Nonempty,202.277513081148
Karate,Global,10.7501817249776,5,1,1,1192.28568163637,1061.71431836363,130.571363272734,3.84033421390393,1,Nonempty,184.655792797844
Karate,Global,10.8723428809432,5,1,1,1186.05546268212,1067.94453731788,118.110925364237,3.47385074600697,1,Nonempty,167.03407251454
Karate,Global,10.9945040369089,5,1,1,1179.82524372787,1074.17475627213,105.65048745574,3.10736727811001,1,Nonempty,149.412352231236
Karate,Global,11.1166651928745,5,1,1,1173.59502477362,1080.40497522638,93.1900495472435,2.74088381021304,1,Nonempty,131.790631947932
Karate,Global,11.2388263488402,5,1,1,1167.36480581937,1086.63519418063,80.7296116387465,2.37440034231607,1,Nonempty,114.168911664628
Karate,Global,11.3609875048058,5,1,1,1161.13458686513,1092.86541313487,68.26917373025,2.00791687441912,1,Nonempty,96.5471913813246
Karate,Global,11.4831486607715,5,1,1,1154.90436791088,1099.09563208912,55.8087358217533,1.64143340652216,1,Nonempty,78.9254710980207
Karate,Global,11.6053098167371,5,1,1,1148.67414895663,1105.32585104337,43.3482979132566,1.27494993862519,1,Nonempty,61.3037508147168
Karate,Global,11.7274709727028,5,1,1,1142.44393000238,1111.55606999762,30.8878600047599,0.908466470728232,1,Nonempty,43.6820305314129
Karate,Global,11.8496321286685,5,1,1,1136.21371104813,1117.78628895187,18.4274220962629,0.541983002831263,1,Nonempty,26.0603102481087
Karate,Global,11.9717932846341,5,1,1,1129.98349209388,1124.01650790612,5.96698418776646,0.175499534934308,1,Nonempty,8.43858996480513
Karate,Global,12.0301728266809,5,1,1,1127.0061354495,1126.9938645505,0.0122708989922558,0.000360908793889875,1,Nonempty,0.0173536717773584
Karate,Global,12.0302931296122,5,1,1,1127,1127,0,0,NaN,Boundary,0
Karate,Global,12.0304134325435,5,1,1,1126.9938645505,1127.0061354495,-0.0122708989922558,-0.000360908793889875,0,Empty,NaN
Karate,Global,12.0939544405998,5,1,1,1123.75327313963,1130.24672686037,-6.49345372073026,-0.190983932962655,0,Empty,NaN
Karate,Global,12.2161155965654,5,1,1,1117.52305418539,1136.47694581461,-18.953891629227,-0.557467400859617,0,Empty,NaN
Karate,Global,12.3382767525311,5,1,1,1111.29283523114,1142.70716476886,-31.4143295377237,-0.923950868756579,0,Empty,NaN
Karate,Global,12.4604379084967,5,1,1,1105.06261627689,1148.93738372311,-43.8747674462206,-1.29043433665355,0,Empty,NaN
Karate,Global,12.5825990644624,5,1,1,1098.83239732264,1155.16760267736,-56.3352053547173,-1.65691780455051,0,Empty,NaN
Karate,Global,12.704760220428,5,1,1,1092.60217836839,1161.39782163161,-68.7956432632138,-2.02340127244747,0,Empty,NaN
Karate,Global,12.8269213763937,5,1,1,1086.37195941414,1167.62804058586,-81.2560811717108,-2.38988474034443,0,Empty,NaN
Karate,Global,12.9490825323593,5,1,1,1080.1417404599,1173.8582595401,-93.7165190802075,-2.7563682082414,0,Empty,NaN
Karate,Global,13.071243688325,5,1,1,1073.91152150565,1180.08847849435,-106.176956988704,-3.12285167613836,0,Empty,NaN
Karate,Global,13.1934048442907,5,1,1,1067.6813025514,1186.3186974486,-118.637394897201,-3.48933514403532,0,Empty,NaN
Karate,Global,13.3155660002563,5,1,1,1061.45108359715,1192.54891640285,-131.097832805697,-3.85581861193228,0,Empty,NaN
Karate,Global,13.437727156222,5,1,1,1055.2208646429,1198.7791353571,-143.558270714194,-4.22230207982925,0,Empty,NaN
Karate,Global,13.5598883121876,5,1,1,1048.99064568865,1205.00935431135,-156.018708622691,-4.58878554772621,0,Empty,NaN
Karate,Global,13.6820494681533,5,1,1,1042.76042673441,1211.23957326559,-168.479146531188,-4.95526901562318,0,Empty,NaN
Karate,Global,13.8042106241189,5,1,1,1036.53020778016,1217.46979221984,-180.939584439685,-5.32175248352014,0,Empty,NaN
Karate,Global,13.9263717800846,5,1,1,1030.29998882591,1223.70001117409,-193.400022348181,-5.68823595141709,0,Empty,NaN
Karate,Global,14.0485329360502,5,1,1,1024.06976987166,1229.93023012834,-205.860460256678,-6.05471941931406,0,Empty,NaN
Karate,Global,14.1706940920159,5,1,1,1017.83955091741,1236.16044908259,-218.320898165175,-6.42120288721103,0,Empty,NaN
Karate,Global,14.2928552479815,5,1,1,1011.60933196316,1242.39066803684,-230.781336073671,-6.78768635510798,0,Empty,NaN
Karate,Global,14.4150164039472,5,1,1,1005.37911300892,1248.62088699108,-243.241773982168,-7.15416982300494,0,Empty,NaN
Karate,Global,14.5371775599129,5,1,1,999.148894054668,1254.85110594533,-255.702211890665,-7.52065329090191,0,Empty,NaN
Karate,Global,14.6593387158785,5,1,1,992.918675100419,1261.08132489958,-268.162649799162,-7.88713675879887,0,Empty,NaN
Karate,Global,14.7814998718442,5,1,1,986.688456146171,1267.31154385383,-280.623087707658,-8.25362022669584,0,Empty,NaN
Karate,Global,14.9036610278098,5,1,1,980.458237191923,1273.54176280808,-293.083525616155,-8.62010369459279,0,Empty,NaN
Karate,Global,15.0258221837755,5,1,1,974.228018237674,1279.77198176233,-305.543963524652,-8.98658716248977,0,Empty,NaN
Karate,Global,15.1479833397411,5,1,1,967.997799283426,1286.00220071657,-318.004401433149,-9.35307063038672,0,Empty,NaN
Karate,Global,15.2701444957068,5,1,1,961.767580329177,1292.23241967082,-330.464839341645,-9.71955409828369,0,Empty,NaN
Karate,Global,15.3923056516724,5,1,1,955.537361374929,1298.46263862507,-342.925277250142,-10.0860375661806,0,Empty,NaN
Karate,Global,15.5144668076381,5,1,1,949.307142420681,1304.69285757932,-355.385715158639,-10.4525210340776,0,Empty,NaN
Karate,Global,15.6366279636037,5,1,1,943.076923466432,1310.92307653357,-367.846153067135,-10.8190045019746,0,Empty,NaN
Karate,Global,15.7587891195694,5,1,1,936.846704512184,1317.15329548782,-380.306590975632,-11.1854879698715,0,Empty,NaN
Karate,Global,15.880950275535,5,1,1,930.616485557936,1323.38351444206,-392.767028884129,-11.5519714377685,0,Empty,NaN
Karate,Global,16.0031114315007,5,1,1,924.386266603687,1329.61373339631,-405.227466792626,-11.9184549056655,0,Empty,NaN
Karate,Global,16.1252725874664,5,1,1,918.156047649439,1335.84395235056,-417.687904701122,-12.2849383735624,0,Empty,NaN
Karate,Global,16.247433743432,5,1,1,911.92582869519,1342.07417130481,-430.148342609619,-12.6514218414594,0,Empty,NaN
Karate,Global,16.3695948993977,5,1,1,905.695609740942,1348.30439025906,-442.608780518116,-13.0179053093564,0,Empty,NaN
Karate,Global,16.3920409991349,5,1,1,904.550858654341,1349.44914134566,-444.898282691318,-13.0852436085682,0,Empty,NaN
Karate,Global,16.3922049211842,5,1,1,904.542498629831,1349.45750137017,-444.915002740338,-13.0857353747158,0,Empty,NaN
Karate,Global,16.3923688432334,5,1,1,904.534138605321,1349.46586139468,-444.931722789357,-13.0862271408634,0,Empty,NaN
Karate,Global,16.4917560553633,5,1,1,899.465390786694,1354.53460921331,-455.069218426612,-13.3843887772533,0,Empty,NaN
Karate,Global,16.613917211329,5,1,1,893.235171832445,1360.76482816755,-467.529656335109,-13.7508722451503,0,Empty,NaN
Karate,Global,16.7360783672946,5,1,1,887.004952878197,1366.9950471218,-479.990094243606,-14.1173557130472,0,Empty,NaN
Karate,Global,16.8582395232603,5,1,1,880.774733923949,1373.22526607605,-492.450532152103,-14.4838391809442,0,Empty,NaN
Karate,Global,16.9804006792259,5,1,1,874.5445149697,1379.4554850303,-504.910970060599,-14.8503226488412,0,Empty,NaN
Karate,Global,17.1025618351916,5,1,1,868.314296015452,1385.68570398455,-517.371407969096,-15.2168061167381,0,Empty,NaN
Karate,Global,17.2247229911572,5,1,1,862.084077061204,1391.9159229388,-529.831845877593,-15.5832895846351,0,Empty,NaN
Karate,Global,17.2590546280277,5,1,1,860.333163580812,1393.66683641919,-533.333672838377,-15.6862844952464,0,Empty,NaN
Karate,Global,17.2592272202999,5,1,1,860.324361374929,1393.67563862507,-533.351277250141,-15.686802272063,0,Empty,NaN
Karate,Global,17.2593998125721,5,1,1,860.315559169047,1393.68444083095,-533.368881661906,-15.6873200488796,0,Empty,NaN
Karate,Global,17.3468841471229,5,1,1,855.853858106955,1398.14614189304,-542.292283786089,-15.949773052532,0,Empty,NaN
Karate,Global,17.4690453030885,5,1,1,849.623639152707,1404.37636084729,-554.752721694586,-16.316256520429,0,Empty,NaN
Karate,Global,17.5912064590542,5,1,1,843.393420198458,1410.60657980154,-567.213159603083,-16.682739988326,0,Empty,NaN
Karate,Global,17.7133676150199,5,1,1,837.16320124421,1416.83679875579,-579.67359751158,-17.0492234562229,0,Empty,NaN
Karate,Global,17.8355287709855,5,1,1,830.932982289962,1423.06701771004,-592.134035420077,-17.4157069241199,0,Empty,NaN
Karate,Global,17.9576899269512,5,1,1,824.702763335713,1429.29723666429,-604.594473328573,-17.7821903920169,0,Empty,NaN
Karate,Global,18.0798510829168,5,1,1,818.472544381465,1435.52745561853,-617.05491123707,-18.1486738599138,0,Empty,NaN
Karate,Global,18.2020122388825,5,1,1,812.242325427217,1441.75767457278,-629.515349145567,-18.5151573278108,0,Empty,NaN
Karate,Global,18.3241733948481,5,1,1,806.012106472968,1447.98789352703,-641.975787054063,-18.8816407957077,0,Empty,NaN
Karate,Global,18.4463345508138,5,1,1,799.78188751872,1454.21811248128,-654.43622496256,-19.2481242636047,0,Empty,NaN
Karate,Global,18.5684957067794,5,1,1,793.551668564471,1460.44833143553,-666.896662871057,-19.6146077315017,0,Empty,NaN
Karate,Global,18.6906568627451,5,1,1,787.321449610223,1466.67855038978,-679.357100779554,-19.9810911993986,0,Empty,NaN
Karate,Global,18.8128180187107,5,1,1,781.091230655975,1472.90876934403,-691.81753868805,-20.3475746672956,0,Empty,NaN
Karate,Global,18.9349791746764,5,1,1,774.861011701726,1479.13898829827,-704.277976596547,-20.7140581351926,0,Empty,NaN
Karate,Global,19.0571403306421,5,1,1,768.630792747478,1485.36920725252,-716.738414505044,-21.0805416030895,0,Empty,NaN
Karate,Global,19.1793014866077,5,1,1,762.40057379323,1491.59942620677,-729.19885241354,-21.4470250709865,0,Empty,NaN
Karate,Global,19.3014626425734,5,1,1,756.170354838981,1497.82964516102,-741.659290322037,-21.8135085388834,0,Empty,NaN
Karate,Global,19.423623798539,5,1,1,749.940135884733,1504.05986411527,-754.119728230534,-22.1799920067804,0,Empty,NaN
Karate,Global,19.5457849545047,5,1,1,743.709916930485,1510.29008306952,-766.580166139031,-22.5464754746774,0,Empty,NaN
Karate,Global,19.6679461104703,5,1,1,737.479697976236,1516.52030202376,-779.040604047527,-22.9129589425743,0,Empty,NaN
Karate,Global,19.790107266436,5,1,1,731.249479021988,1522.75052097801,-791.501041956024,-23.2794424104713,0,Empty,NaN
Karate,Global,19.9122684224016,5,1,1,725.01926006774,1528.98073993226,-803.961479864521,-23.6459258783683,0,Empty,NaN
Karate,Global,20.0344295783673,5,1,1,718.789041113491,1535.21095888651,-816.421917773018,-24.0124093462652,0,Empty,NaN
Karate,Global,20.1213626059688,5,1,1,714.355456705812,1539.64454329419,-825.289086588376,-24.2732084290699,0,Empty,NaN
Karate,Global,20.1215638216071,5,1,1,714.345194708263,1539.65480529174,-825.309610583475,-24.2738120759846,0,Empty,NaN
Karate,Global,20.1217650372453,5,1,1,714.334932710713,1539.66506728929,-825.330134578573,-24.2744157228992,0,Empty,NaN
Karate,Global,20.1565907343329,5,1,1,712.558822159243,1541.44117784076,-828.882355681515,-24.3788928141622,0,Empty,NaN
Karate,Global,20.2787518902986,5,1,1,706.328603204994,1547.67139679501,-841.342793590011,-24.7453762820592,0,Empty,NaN
Karate,Global,20.4009130462643,5,1,1,700.098384250746,1553.90161574925,-853.803231498508,-25.1118597499561,0,Empty,NaN
Karate,Global,20.5230742022299,5,1,1,693.868165296498,1560.1318347035,-866.263669407005,-25.4783432178531,0,Empty,NaN
Karate,Global,20.6452353581956,5,1,1,687.637946342249,1566.36205365775,-878.724107315501,-25.84482668575,0,Empty,NaN
Karate,Global,20.6896946188367,5,1,1,685.370524049554,1568.62947595045,-883.258951900893,-25.9782044676733,0,Empty,NaN
Karate,Global,20.6899015178518,5,1,1,685.359972199779,1568.64002780022,-883.280055600441,-25.9788251647189,0,Empty,NaN
Karate,Global,20.690108416867,5,1,1,685.349420350005,1568.65057964999,-883.30115929999,-25.9794458617644,0,Empty,NaN
Karate,Global,20.7673965141612,5,1,1,681.407727388001,1572.592272612,-891.184545223998,-26.211310153647,0,Empty,NaN
Karate,Global,20.8798376472217,5,1,1,675.673229601915,1578.32677039809,-902.65354079617,-26.5486335528285,0,Empty,NaN
Karate,Global,20.8800464476862,5,1,1,675.662580778227,1578.33741922177,-902.674838443547,-26.549259954222,0,Empty,NaN
Karate,Global,20.8802552481507,5,1,1,675.651931954538,1578.34806804546,-902.696136090924,-26.5498863556154,0,Empty,NaN
Karate,Global,20.8895576701269,5,1,1,675.177508433753,1578.82249156625,-903.644983132495,-26.577793621544,0,Empty,NaN
Karate,Global,21.0117188260925,5,1,1,668.947289479504,1585.0527105205,-916.105421040991,-26.9442770894409,0,Empty,NaN
Karate,Global,21.0520024133134,5,1,1,666.89282653124,1587.10717346876,-920.214346937521,-27.0651278511036,0,Empty,NaN
Karate,Global,21.0522129354428,5,1,1,666.882089902643,1587.11791009736,-920.235820194715,-27.0657594174916,0,Empty,NaN
Karate,Global,21.0524234575721,5,1,1,666.871353274046,1587.12864672595,-920.257293451909,-27.0663909838797,0,Empty,NaN
Karate,Global,21.1338799820582,5,1,1,662.717070525256,1591.28292947474,-928.565858949488,-27.3107605573379,0,Empty,NaN
Karate,Global,21.2560411380238,5,1,1,656.486851571007,1597.51314842899,-941.026296857985,-27.6772440252349,0,Empty,NaN
Karate,Global,21.3782022939895,5,1,1,650.256632616759,1603.74336738324,-953.486734766482,-28.0437274931318,0,Empty,NaN
Karate,Global,21.5003634499551,5,1,1,644.026413662511,1609.97358633749,-965.947172674978,-28.4102109610288,0,Empty,NaN
Karate,Global,21.6225246059208,5,1,1,637.796194708262,1616.20380529174,-978.407610583475,-28.7766944289257,0,Empty,NaN
Karate,Global,21.7446857618864,5,1,1,631.565975754014,1622.43402424599,-990.868048491972,-29.1431778968227,0,Empty,NaN
Karate,Global,21.7770073334775,5,1,1,629.91757560287,1624.08242439713,-994.16484879426,-29.2401426115959,0,Empty,NaN
Karate,Global,21.7772251057286,5,1,1,629.906469218066,1624.09353078193,-994.187061563868,-29.2407959283491,0,Empty,NaN
Karate,Global,21.7774428779796,5,1,1,629.895362833262,1624.10463716674,-994.209274333476,-29.2414492451022,0,Empty,NaN
Karate,Global,21.8668469178521,5,1,1,625.335756799766,1628.66424320023,-1003.32848640047,-29.5096613647197,0,Empty,NaN
Karate,Global,21.8755242798154,5,1,1,624.893211339639,1629.10678866036,-1004.21357732072,-29.5356934506094,0,Empty,NaN
Karate,Global,21.8757430372457,5,1,1,624.882054710691,1629.11794528931,-1004.23589057862,-29.5363497229005,0,Empty,NaN
Karate,Global,21.8759617946761,5,1,1,624.870898081742,1629.12910191826,-1004.25820383652,-29.5370059951917,0,Empty,NaN
Karate,Global,21.9890080738178,5,1,1,619.105537845517,1634.89446215448,-1015.78892430897,-29.8761448326166,0,Empty,NaN
Karate,Global,22.1111692297834,5,1,1,612.875318891269,1641.12468110873,-1028.24936221746,-30.2426283005136,0,Empty,NaN
Karate,Global,22.12565962819,5,1,1,612.136308572532,1641.86369142747,-1029.72738285494,-30.2860994957334,0,Empty,NaN
Karate,Global,22.1258808869989,5,1,1,612.125024373279,1641.87497562672,-1029.74995125344,-30.2867632721601,0,Empty,NaN
Karate,Global,22.1261021458078,5,1,1,612.113740174027,1641.88625982597,-1029.77251965195,-30.2874270485867,0,Empty,NaN
Karate,Global,22.1798960696365,5,1,1,609.370250058759,1644.62974994124,-1035.25949988248,-30.448808820073,0,Empty,NaN
Karate,Global,22.1801178708152,5,1,1,609.358938198645,1644.64106180135,-1035.28212360271,-30.4494742236091,0,Empty,NaN
Karate,Global,22.180339671994,5,1,1,609.347626338531,1644.65237366147,-1035.30474732294,-30.4501396271452,0,Empty,NaN
Karate,Global,22.2185527961804,5,1,1,607.398757005021,1646.60124299498,-1039.20248598996,-30.5647789997046,0,Empty,NaN
Karate,Global,22.2187749839303,5,1,1,607.387425429779,1646.61257457022,-1039.22514914044,-30.5654455629542,0,Empty,NaN
Karate,Global,22.2189971716801,5,1,1,607.376093854538,1646.62390614546,-1039.24781229092,-30.5661121262037,0,Empty,NaN
Karate,Global,22.2333303857491,5,1,1,606.645099937021,1647.35490006298,-1040.70980012596,-30.6091117684105,0,Empty,NaN
Karate,Global,22.3217213074044,5,1,1,602.137162932598,1651.8628370674,-1049.7256741348,-30.8742845333766,0,Empty,NaN
Karate,Global,22.3219445268497,5,1,1,602.125778740889,1651.87422125911,-1049.74844251822,-30.8749541917124,0,Empty,NaN
Karate,Global,22.322167746295,5,1,1,602.11439454918,1651.88560545082,-1049.77121090164,-30.8756238500482,0,Empty,NaN
Karate,Global,22.3554915417147,5,1,1,600.414880982772,1653.58511901723,-1053.17023803446,-30.9755952363075,0,Empty,NaN
Karate,Global,22.3684378673094,5,1,1,599.754618377446,1654.24538162255,-1054.49076324511,-31.0144342130914,0,Empty,NaN
Karate,Global,22.3686615539249,5,1,1,599.743210360054,1654.25678963995,-1054.51357927989,-31.015105272938,0,Empty,NaN
Karate,Global,22.3688852405404,5,1,1,599.731802342661,1654.26819765734,-1054.53639531468,-31.0157763327846,0,Empty,NaN
Karate,Global,22.4191453663004,5,1,1,597.168535928904,1656.8314640711,-1059.66292814219,-31.1665567100645,0,Empty,NaN
Karate,Global,22.419369559996,5,1,1,597.157102050429,1656.84289794957,-1059.68579589914,-31.1672292911513,0,Empty,NaN
Karate,Global,22.4195937536916,5,1,1,597.145668171953,1656.85433182805,-1059.70866365609,-31.1679018722381,0,Empty,NaN
Karate,Global,22.4288204668742,5,1,1,596.675105799639,1657.32489420036,-1060.64978840072,-31.1955820117859,0,Empty,NaN
Karate,Global,22.4290447573218,5,1,1,596.663666986813,1657.33633301319,-1060.67266602637,-31.1962548831286,0,Empty,NaN
Karate,Global,22.4292690477693,5,1,1,596.652228173987,1657.34777182601,-1060.69554365203,-31.1969277544714,0,Empty,NaN
Karate,Global,22.4488217345291,5,1,1,595.655041149237,1658.34495885076,-1062.68991770153,-31.2555858147508,0,Empty,NaN
Karate,Global,22.4490462249914,5,1,1,595.643592135662,1658.35640786434,-1062.71281572868,-31.2562592861375,0,Empty,NaN
Karate,Global,22.4492707154536,5,1,1,595.632143122088,1658.36785687791,-1062.73571375582,-31.2569327575243,0,Empty,NaN
Karate,Global,22.4606622411981,5,1,1,595.051175309122,1658.94882469088,-1063.89764938176,-31.2911073347575,0,Empty,NaN
Karate,Global,22.4608868500666,5,1,1,595.039720256829,1658.96027974317,-1063.92055948634,-31.291781161363,0,Empty,NaN
Karate,Global,22.4611114589351,5,1,1,595.028265204535,1658.97173479546,-1063.94346959093,-31.2924549879685,0,Empty,NaN
Karate,Global,22.476403525121,5,1,1,594.248369829052,1659.75163017095,-1065.5032603419,-31.3383311865264,0,Empty,NaN
Karate,Global,22.4766282914039,5,1,1,594.236906748623,1659.76309325138,-1065.52618650275,-31.3390054853751,0,Empty,NaN
Karate,Global,22.4768530576868,5,1,1,594.225443668194,1659.77455633181,-1065.54911266361,-31.3396797842239,0,Empty,NaN
Karate,Global,22.4776526976804,5,1,1,594.184662028524,1659.81533797148,-1065.63067594295,-31.3420787042045,0,Empty,NaN
Karate,Global,22.4846540249062,5,1,1,593.827594340005,1660.17240566,-1066.34481131999,-31.3630826858821,0,Empty,NaN
Karate,Global,22.484878873695,5,1,1,593.816127051779,1660.18387294822,-1066.36774589644,-31.3637572322483,0,Empty,NaN
Karate,Global,22.4851037224837,5,1,1,593.804659763554,1660.19534023645,-1066.39068047289,-31.3644317786145,0,Empty,NaN
Karate,Global,22.4889940180294,5,1,1,593.606254690726,1660.39374530927,-1066.78749061855,-31.3761026652514,0,Empty,NaN
Karate,Global,22.4892189102185,5,1,1,593.594785189082,1660.40521481092,-1066.81042962184,-31.3767773418187,0,Empty,NaN
Karate,Global,22.4894438024076,5,1,1,593.583315687437,1660.41668431256,-1066.83336862513,-31.377452018386,0,Empty,NaN
Karate,Global,22.5074866218246,5,1,1,592.663131897171,1661.33686810283,-1068.67373620566,-31.431580476637,0,Empty,NaN
Karate,Global,22.5077116989415,5,1,1,592.651652964204,1661.3483470358,-1068.69669407159,-31.432255707988,0,Empty,NaN
Karate,Global,22.5079367760585,5,1,1,592.640174031237,1661.35982596876,-1068.71965193753,-31.432930939339,0,Empty,NaN
Karate,Global,22.5147589765775,5,1,1,592.292241804768,1661.70775819523,-1069.41551639046,-31.453397540896,0,Empty,NaN
Karate,Global,22.5149841264188,5,1,1,592.280759162864,1661.71924083714,-1069.43848167427,-31.4540729904198,0,Empty,NaN
Karate,Global,22.5152092762601,5,1,1,592.269276520959,1661.73072347904,-1069.46144695808,-31.4547484399436,0,Empty,NaN
Karate,Global,22.5162694816351,5,1,1,592.215206046833,1661.78479395317,-1069.56958790633,-31.4579290560686,0,Empty,NaN
Karate,Global,22.5164946465816,5,1,1,592.203722634564,1661.79627736544,-1069.59255473087,-31.458604550908,0,Empty,NaN
Karate,Global,22.516719811528,5,1,1,592.192239222294,1661.80776077771,-1069.61552155541,-31.4592800457474,0,Empty,NaN
Karate,Global,22.5224302014582,5,1,1,591.901009335853,1662.09899066415,-1070.19798132829,-31.476411215538,0,Empty,NaN
Karate,Global,22.5226554280125,5,1,1,591.889522781585,1662.11047721841,-1070.22095443683,-31.4770868952009,0,Empty,NaN
Karate,Global,22.5228806545668,5,1,1,591.878036227317,1662.12196377268,-1070.24392754537,-31.4777625748637,0,Empty,NaN
Karate,Global,22.5390004159002,5,1,1,591.055928399315,1662.94407160068,-1071.88814320137,-31.5261218588638,0,Empty,NaN
Karate,Global,22.5392258081582,5,1,1,591.044433394153,1662.95556660585,-1071.91113321169,-31.5267980356381,0,Empty,NaN
Karate,Global,22.5394512004163,5,1,1,591.032938388991,1662.96706161101,-1071.93412322202,-31.5274742124123,0,Empty,NaN
Karate,Global,22.5456183821257,5,1,1,590.718412121814,1663.28158787819,-1072.56317575637,-31.5459757575404,0,Empty,NaN
Karate,Global,22.5457949373102,5,1,1,590.709407807402,1663.2905921926,-1072.5811843852,-31.546505423094,0,Empty,NaN
Karate,Global,22.5458438405641,5,1,1,590.706913741455,1663.29308625854,-1072.58617251709,-31.5466521328556,0,Empty,NaN
Karate,Global,22.5460203975142,5,1,1,590.697909336999,1663.302090663,-1072.604181326,-31.5471818037059,0,Empty,NaN
Karate,Global,22.5460692990025,5,1,1,590.695415361097,1663.3045846389,-1072.60916927781,-31.5473285081708,0,Empty,NaN
Karate,Global,22.5462458577182,5,1,1,590.686410866597,1663.3135891334,-1072.62717826681,-31.5478581843178,0,Empty,NaN
Karate,Global,22.5555943187716,5,1,1,590.20963935287,1663.79036064713,-1073.58072129426,-31.5759035674782,0,Empty,NaN
Karate,Global,22.5558198769704,5,1,1,590.198135884733,1663.80186411527,-1073.60372823053,-31.5765802420745,0,Empty,NaN
Karate,Global,22.5560454351692,5,1,1,590.186632416596,1663.8133675834,-1073.62673516681,-31.5772569166708,0,Empty,NaN
Karate,Global,22.599813853646,5,1,1,587.954443074276,1666.04555692572,-1078.09111385145,-31.7085621721014,0,Empty,NaN
Karate,Global,22.605988874742,5,1,1,587.63951699838,1666.36048300162,-1078.72096600324,-31.7270872353894,0,Empty,NaN
Karate,Global,22.6062149368914,5,1,1,587.627987828763,1666.37201217124,-1078.74402434247,-31.7277654218375,0,Empty,NaN
Karate,Global,22.6064409990407,5,1,1,587.616458659145,1666.38354134086,-1078.76708268171,-31.7284436082856,0,Empty,NaN
Karate,Global,22.6247993628886,5,1,1,586.680182102905,1667.3198178971,-1080.63963579419,-31.7835186998291,0,Empty,NaN
Karate,Global,22.6250256131447,5,1,1,586.668643339842,1667.33135666016,-1080.66271332032,-31.7841974505975,0,Empty,NaN
Karate,Global,22.6252518634009,5,1,1,586.65710457678,1667.34289542322,-1080.68579084644,-31.7848762013659,0,Empty,NaN
Karate,Global,22.6305994859767,5,1,1,586.384375825412,1667.61562417459,-1081.23124834918,-31.8009190690934,0,Empty,NaN
Karate,Global,22.6308257942346,5,1,1,586.372834104257,1667.62716589574,-1081.25433179149,-31.8015979938673,0,Empty,NaN
Karate,Global,22.6310521024926,5,1,1,586.361292383101,1667.6387076169,-1081.2774152338,-31.8022769186411,0,Empty,NaN
Karate,Global,22.6781381463464,5,1,1,583.959904146558,1670.04009585344,-1086.08019170688,-31.9435350502025,0,Empty,NaN
Karate,Global,22.6783649299957,5,1,1,583.948338180443,1670.05166181956,-1086.10332363911,-31.9442154011504,0,Empty,NaN
Karate,Global,22.678591713645,5,1,1,583.936772214329,1670.06322778567,-1086.12645557134,-31.9448957520983,0,Empty,NaN
Karate,Global,22.7084022025227,5,1,1,582.416437281563,1671.58356271844,-1089.16712543687,-32.0343272187316,0,Empty,NaN
Karate,Global,22.7086292888156,5,1,1,582.404855880626,1671.59514411937,-1089.19028823875,-32.0350084776102,0,Empty,NaN
Karate,Global,22.7088563751085,5,1,1,582.393274479688,1671.60672552031,-1089.21345104062,-32.0356897364889,0,Empty,NaN
Karate,Global,22.7219750096117,5,1,1,581.724224120027,1672.27577587997,-1090.55155175995,-32.0750456399984,0,Empty,NaN
Karate,Global,22.7800487569052,5,1,1,578.762463008058,1675.23753699194,-1096.47507398388,-32.2492668818789,0,Empty,NaN
Karate,Global,22.7802765596708,5,1,1,578.750845067013,1675.24915493299,-1096.49830986597,-32.2499502901757,0,Empty,NaN
Karate,Global,22.7805043624364,5,1,1,578.739227125967,1675.26077287403,-1096.52154574807,-32.2506336984725,0,Empty,NaN
Karate,Global,22.8441361655773,5,1,1,575.494005165779,1678.50599483422,-1103.01198966844,-32.4415291078954,0,Empty,NaN
Karate,Global,22.966297321543,5,1,1,569.26378621153,1684.73621378847,-1115.47242757694,-32.8080125757923,0,Empty,NaN
Karate,Global,23.0305854551775,5,1,1,565.985091396171,1688.01490860383,-1122.02981720766,-33.0008769766958,0,Empty,NaN
Karate,Global,23.0308157633351,5,1,1,565.973345680132,1688.02665431987,-1122.05330863974,-33.0015679011687,0,Empty,NaN
Karate,Global,23.0310460714928,5,1,1,565.961599964092,1688.03840003591,-1122.07680007182,-33.0022588256416,0,Empty,NaN
Karate,Global,23.0884584775086,5,1,1,563.033567257282,1690.96643274272,-1127.93286548544,-33.1744960436893,0,Empty,NaN
Karate,Global,23.2106196334743,5,1,1,556.803348303034,1697.19665169697,-1140.39330339393,-33.5409795115863,0,Empty,NaN
Karate,Global,23.33278078944,5,1,1,550.573129348785,1703.42687065121,-1152.85374130243,-33.9074629794832,0,Empty,NaN
Karate,Global,23.4549419454056,5,1,1,544.342910394537,1709.65708960546,-1165.31417921093,-34.2739464473802,0,Empty,NaN
Karate,Global,23.5771031013713,5,1,1,538.112691440289,1715.88730855971,-1177.77461711942,-34.6404299152771,0,Empty,NaN
Karate,Global,23.6992642573369,5,1,1,531.88247248604,1722.11752751396,-1190.23505502792,-35.0069133831741,0,Empty,NaN
Karate,Global,23.8214254133026,5,1,1,525.652253531792,1728.34774646821,-1202.69549293642,-35.3733968510711,0,Empty,NaN
Karate,Global,23.9435865692682,5,1,1,519.422034577544,1734.57796542246,-1215.15593084491,-35.739880318968,0,Empty,NaN
Karate,Global,24.0657477252339,5,1,1,513.191815623295,1740.8081843767,-1227.61636875341,-36.106363786865,0,Empty,NaN
Karate,Global,24.1879088811995,5,1,1,506.961596669047,1747.03840333095,-1240.07680666191,-36.4728472547619,0,Empty,NaN
Karate,Global,24.3068498419091,5,1,1,500.895607672857,1753.10439232714,-1252.20878465429,-36.8296701368908,0,Empty,NaN
Karate,Global,24.3070929128383,5,1,1,500.883211055472,1753.11678894453,-1252.23357788906,-36.8303993496781,0,Empty,NaN
Karate,Global,24.3073359837674,5,1,1,500.870814438086,1753.12918556191,-1252.25837112383,-36.8311285624655,0,Empty,NaN
Karate,Global,24.3100700371652,5,1,1,500.731377714799,1753.2686222852,-1252.5372445704,-36.8393307226589,0,Empty,NaN
Karate,Global,24.4322311931308,5,1,1,494.50115876055,1759.49884123945,-1264.9976824789,-37.2058141905559,0,Empty,NaN
Karate,Global,24.5543923490965,5,1,1,488.270939806302,1765.7290601937,-1277.4581203874,-37.5722976584528,0,Empty,NaN
Karate,Global,24.6765535050621,5,1,1,482.040720852053,1771.95927914795,-1289.91855829589,-37.9387811263498,0,Empty,NaN
Karate,Global,24.7987146610278,5,1,1,475.810501897805,1778.1894981022,-1302.37899620439,-38.3052645942468,0,Empty,NaN
Karate,Global,24.8973384904844,5,1,1,470.780686595517,1783.21931340448,-1312.43862680897,-38.6011360826166,0,Empty,NaN
Karate,Global,24.8975874663591,5,1,1,470.767988825909,1783.23201117409,-1312.46402234818,-38.6018830102406,0,Empty,NaN
Karate,Global,24.8978364422337,5,1,1,470.755291056302,1783.2447089437,-1312.4894178874,-38.6026299378646,0,Empty,NaN
Karate,Global,24.9208758169935,5,1,1,469.580282943557,1784.41971705644,-1314.83943411289,-38.6717480621437,0,Empty,NaN
Karate,Global,25.0430369729591,5,1,1,463.350063989308,1790.64993601069,-1327.29987202138,-39.0382315300407,0,Empty,NaN
Karate,Global,25.1279926621972,5,1,1,459.017323838164,1794.98267616184,-1335.96535232367,-39.293098597755,0,Empty,NaN
Karate,Global,25.1282439446367,5,1,1,459.004508433753,1794.99549156625,-1335.99098313249,-39.2938524450734,0,Empty,NaN
Karate,Global,25.1284952270761,5,1,1,458.991693029341,1795.00830697066,-1336.01661394132,-39.2946062923917,0,Empty,NaN
Karate,Global,25.1651981289248,5,1,1,457.11984503506,1796.88015496494,-1339.76030992988,-39.4047149979377,0,Empty,NaN
Karate,Global,25.2873592848904,5,1,1,450.889626080811,1803.11037391919,-1352.22074783838,-39.7711984658346,0,Empty,NaN
Karate,Global,25.4095204408561,5,1,1,444.659407126563,1809.34059287344,-1364.68118574687,-40.1376819337316,0,Empty,NaN
Karate,Global,25.5316815968217,5,1,1,438.429188172315,1815.57081182769,-1377.14162365537,-40.5041654016285,0,Empty,NaN
Karate,Global,25.6538427527874,5,1,1,432.198969218066,1821.80103078193,-1389.60206156387,-40.8706488695255,0,Empty,NaN
Karate,Global,25.776003908753,5,1,1,425.968750263818,1828.03124973618,-1402.06249947236,-41.2371323374225,0,Empty,NaN
Karate,Global,25.8981650647187,5,1,1,419.73853130957,1834.26146869043,-1414.52293738086,-41.6036158053194,0,Empty,NaN
Karate,Global,26.0172008518259,5,1,1,413.667706167101,1840.3322938329,-1426.6645876658,-41.9607231666411,0,Empty,NaN
Karate,Global,26.0174610264362,5,1,1,413.654437261977,1840.34556273802,-1426.69112547605,-41.9615036904719,0,Empty,NaN
Karate,Global,26.0177212010465,5,1,1,413.641168356854,1840.35883164315,-1426.71766328629,-41.9622842143027,0,Empty,NaN
Karate,Global,26.0203262206843,5,1,1,413.508312355321,1840.49168764468,-1426.98337528936,-41.9700992732164,0,Empty,NaN
Karate,Global,26.14248737665,5,1,1,407.278093401073,1846.72190659893,-1439.44381319785,-42.3365827411134,0,Empty,NaN
Karate,Global,26.2646485326157,5,1,1,401.047874446825,1852.95212555317,-1451.90425110635,-42.7030662090103,0,Empty,NaN
Karate,Global,26.3868096885813,5,1,1,394.817655492576,1859.18234450742,-1464.36468901485,-43.0695496769073,0,Empty,NaN
Karate,Global,26.508970844547,5,1,1,388.587436538328,1865.41256346167,-1476.82512692334,-43.4360331448042,0,Empty,NaN
Karate,Global,26.6311320005126,5,1,1,382.35721758408,1871.64278241592,-1489.28556483184,-43.8025166127012,0,Empty,NaN
Karate,Global,26.7532931564783,5,1,1,376.126998629831,1877.87300137017,-1501.74600274034,-44.1690000805982,0,Empty,NaN
Karate,Global,26.8754543124439,5,1,1,369.896779675583,1884.10322032442,-1514.20644064883,-44.5354835484951,0,Empty,NaN
Karate,Global,26.9976154684096,5,1,1,363.666560721334,1890.33343927867,-1526.66687855733,-44.9019670163921,0,Empty,NaN
Karate,Global,27.1197766243752,5,1,1,357.436341767086,1896.56365823291,-1539.12731646583,-45.2684504842891,0,Empty,NaN
Karate,Global,27.2419377803409,5,1,1,351.206122812838,1902.79387718716,-1551.58775437432,-45.634933952186,0,Empty,NaN
Karate,Global,27.3640989363065,5,1,1,344.975903858589,1909.02409614141,-1564.04819228282,-46.001417420083,0,Empty,NaN
Karate,Global,27.4862600922722,5,1,1,338.745684904341,1915.25431509566,-1576.50863019132,-46.3679008879799,0,Empty,NaN
Karate,Global,27.6084212482379,5,1,1,332.515465950092,1921.48453404991,-1588.96906809982,-46.7343843558769,0,Empty,NaN
Karate,Global,27.7305824042035,5,1,1,326.285246995844,1927.71475300416,-1601.42950600831,-47.1008678237739,0,Empty,NaN
Karate,Global,27.8527435601692,5,1,1,320.055028041596,1933.9449719584,-1613.88994391681,-47.4673512916708,0,Empty,NaN
Karate,Global,27.9749047161348,5,1,1,313.824809087348,1940.17519091265,-1626.3503818253,-47.8338347595678,0,Empty,NaN
Karate,Global,28.0970658721005,5,1,1,307.594590133099,1946.4054098669,-1638.8108197338,-48.2003182274647,0,Empty,NaN
Karate,Global,28.2192270280661,5,1,1,301.364371178851,1952.63562882115,-1651.2712576423,-48.5668016953617,0,Empty,NaN
Karate,Global,28.3413881840318,5,1,1,295.134152224602,1958.8658477754,-1663.7316955508,-48.9332851632587,0,Empty,NaN
Karate,Global,28.4635493399974,5,1,1,288.903933270354,1965.09606672965,-1676.19213345929,-49.2997686311557,0,Empty,NaN
Karate,Global,28.5857104959631,5,1,1,282.673714316106,1971.32628568389,-1688.65257136779,-49.6662520990526,0,Empty,NaN
Karate,Global,28.7078716519287,5,1,1,276.443495361857,1977.55650463814,-1701.11300927629,-50.0327355669496,0,Empty,NaN
Karate,Global,28.8300328078944,5,1,1,270.213276407609,1983.78672359239,-1713.57344718478,-50.3992190348465,0,Empty,NaN
Karate,Global,28.95219396386,5,1,1,263.983057453361,1990.01694254664,-1726.03388509328,-50.7657025027435,0,Empty,NaN
Karate,Global,29.0743551198257,5,1,1,257.752838499112,1996.24716150089,-1738.49432300178,-51.1321859706404,0,Empty,NaN
Karate,Global,29.1965162757914,5,1,1,251.522619544864,2002.47738045514,-1750.95476091027,-51.4986694385374,0,Empty,NaN
Karate,Global,29.318677431757,5,1,1,245.292400590615,2008.70759940938,-1763.41519881877,-51.8651529064344,0,Empty,NaN
Karate,Global,29.4408385877227,5,1,1,239.062181636367,2014.93781836363,-1775.87563672727,-52.2316363743313,0,Empty,NaN
Karate,Global,29.5629997436883,5,1,1,232.831962682119,2021.16803731788,-1788.33607463576,-52.5981198422283,0,Empty,NaN
Karate,Global,29.685160899654,5,1,1,226.60174372787,2027.39825627213,-1800.79651254426,-52.9646033101253,0,Empty,NaN
Karate,Global,29.8073220556196,5,1,1,220.371524773622,2033.62847522638,-1813.25695045276,-53.3310867780222,0,Empty,NaN
Karate,Global,29.9294832115853,5,1,1,214.141305819374,2039.85869418063,-1825.71738836125,-53.6975702459192,0,Empty,NaN
Karate,Global,30.0516443675509,5,1,1,207.911086865125,2046.08891313487,-1838.17782626975,-54.0640537138162,0,Empty,NaN
Karate,Global,30.1738055235166,5,1,1,201.680867910877,2052.31913208912,-1850.63826417825,-54.4305371817131,0,Empty,NaN
Karate,Global,30.2959666794822,5,1,1,195.450648956629,2058.54935104337,-1863.09870208674,-54.7970206496101,0,Empty,NaN
Karate,Global,30.4181278354479,5,1,1,189.22043000238,2064.77956999762,-1875.55913999524,-55.163504117507,0,Empty,NaN
Karate,Global,30.5402889914136,5,1,1,182.990211048132,2071.00978895187,-1888.01957790374,-55.529987585404,0,Empty,NaN
Karate,Global,30.6624501473792,5,1,1,176.759992093884,2077.24000790612,-1900.48001581223,-55.896471053301,0,Empty,NaN
Karate,Global,30.7846113033449,5,1,1,170.529773139635,2083.47022686036,-1912.94045372073,-56.2629545211979,0,Empty,NaN
Karate,Global,30.9067724593105,5,1,1,164.299554185387,2089.70044581461,-1925.40089162923,-56.6294379890949,0,Empty,NaN
Karate,Global,31.0289336152762,5,1,1,158.069335231138,2095.93066476886,-1937.86132953772,-56.9959214569919,0,Empty,NaN
Karate,Global,31.1510947712418,5,1,1,151.83911627689,2102.16088372311,-1950.32176744622,-57.3624049248888,0,Empty,NaN
Karate,Global,31.2732559272075,5,1,1,145.608897322642,2108.39110267736,-1962.78220535472,-57.7288883927858,0,Empty,NaN
Karate,Global,31.3954170831731,5,1,1,139.378678368393,2114.62132163161,-1975.24264326321,-58.0953718606827,0,Empty,NaN
Karate,Global,31.5175782391388,5,1,1,133.148459414145,2120.85154058585,-1987.70308117171,-58.4618553285797,0,Empty,NaN
Karate,Global,31.6397393951044,5,1,1,126.918240459897,2127.0817595401,-2000.16351908021,-58.8283387964767,0,Empty,NaN
Karate,Global,31.7619005510701,5,1,1,120.688021505648,2133.31197849435,-2012.6239569887,-59.1948222643736,0,Empty,NaN
Karate,Global,31.8678089619377,5,1,1,115.2866925514,2138.7133074486,-2023.4266148972,-59.5125474969765,0,Empty,NaN
Karate,Global,31.8681276432141,5,1,1,115.270439806302,2138.7295601937,-2023.4591203874,-59.5135035408058,0,Empty,NaN
Karate,Global,31.8684463244906,5,1,1,115.254187061204,2138.7458129388,-2023.49162587759,-59.5144595846351,0,Empty,NaN
Karate,Global,31.8840617070358,5,1,1,114.4578025514,2139.5421974486,-2025.0843948972,-59.5613057322706,0,Empty,NaN
Karate,Global,32.0062228630014,5,1,1,108.227583597151,2145.77241640285,-2037.5448328057,-59.9277892001676,0,Empty,NaN
Karate,Global,32.1283840189671,5,1,1,101.997364642903,2152.0026353571,-2050.00527071419,-60.2942726680645,0,Empty,NaN
Karate,Global,32.2505451749327,5,1,1,95.7671456886549,2158.23285431134,-2062.46570862269,-60.6607561359615,0,Empty,NaN
Karate,Global,32.3727063308984,5,1,1,89.5369267344067,2164.46307326559,-2074.92614653119,-61.0272396038584,0,Empty,NaN
Karate,Global,32.494867486864,5,1,1,83.3067077801581,2170.69329221984,-2087.38658443968,-61.3937230717554,0,Empty,NaN
Karate,Global,32.6170286428297,5,1,1,77.0764888259098,2176.92351117409,-2099.84702234818,-61.7602065396524,0,Empty,NaN
Karate,Global,32.7391897987953,5,1,1,70.8462698716612,2183.15373012834,-2112.30746025668,-62.1266900075493,0,Empty,NaN
Karate,Global,32.861350954761,5,1,1,64.6160509174131,2189.38394908259,-2124.76789816517,-62.4931734754463,0,Empty,NaN
Karate,Global,32.9835121107266,5,1,1,58.3858319631647,2195.61416803684,-2137.22833607367,-62.8596569433433,0,Empty,NaN
Karate,Global,33.1056732666923,5,1,1,52.1556130089161,2201.84438699108,-2149.68877398217,-63.2261404112402,0,Empty,NaN
Karate,Global,33.2278344226579,5,1,1,45.925394054668,2208.07460594533,-2162.14921189066,-63.5926238791372,0,Empty,NaN
Karate,Global,33.3499955786236,5,1,1,39.6951751004196,2214.30482489958,-2174.60964979916,-63.9591073470341,0,Empty,NaN
Karate,Global,33.4721567345893,5,1,1,33.4649561461711,2220.53504385383,-2187.07008770766,-64.3255908149311,0,Empty,NaN
Karate,Global,33.5943178905549,5,1,1,27.2347371919225,2226.76526280808,-2199.53052561616,-64.6920742828281,0,Empty,NaN
Karate,Global,33.7164790465206,5,1,1,21.0045182376743,2232.99548176233,-2211.99096352465,-65.058557750725,0,Empty,NaN
Karate,Global,33.8386402024862,5,1,1,14.774299283426,2239.22570071657,-2224.45140143315,-65.425041218622,0,Empty,NaN
Karate,Global,33.9608013584519,5,1,1,8.54408032917786,2245.45591967082,-2236.91183934164,-65.791524686519,0,Empty,NaN
Karate,Global,34.0829625144175,5,1,1,2.31386137492927,2251.68613862507,-2249.37227725014,-66.1580081544159,0,Empty,NaN
Karate,Global,34.2051236703832,5,1,1,-3.91635757931886,2257.91635757932,-2261.83271515864,-66.5244916223129,0,Empty,NaN
Karate,Global,34.3272848263488,5,1,1,-10.1465765335677,2264.14657653357,-2274.29315306714,-66.8909750902099,0,Empty,NaN
Karate,Global,34.4494459823145,5,1,1,-16.3767954878158,2270.37679548782,-2286.75359097563,-67.2574585581068,0,Empty,NaN
Karate,Global,34.5716071382801,5,1,1,-22.6070144420642,2276.60701444206,-2299.21402888413,-67.6239420260038,0,Empty,NaN
Karate,Global,34.6937682942458,5,1,1,-28.8372333963123,2282.83723339631,-2311.67446679262,-67.9904254939007,0,Empty,NaN
Karate,Global,34.8159294502114,5,1,1,-35.0674523505609,2289.06745235056,-2324.13490470112,-68.3569089617977,0,Empty,NaN
Karate,Global,34.9380906061771,5,1,1,-41.297671304809,2295.29767130481,-2336.59534260962,-68.7233924296946,0,Empty,NaN
Karate,Global,35.0602517621428,5,1,1,-47.5278902590574,2301.52789025906,-2349.05578051811,-69.0898758975916,0,Empty,NaN
Karate,Global,35.1824129181084,5,1,1,-53.7581092133059,2307.75810921331,-2361.51621842661,-69.4563593654886,0,Empty,NaN
Karate,Global,35.3045740740741,5,1,1,-59.9883281675543,2313.98832816755,-2373.97665633511,-69.8228428333856,0,Empty,NaN
Karate,Global,35.4267352300397,5,1,1,-66.2185471218029,2320.2185471218,-2386.43709424361,-70.1893263012825,0,Empty,NaN
Karate,Global,35.5488963860054,5,1,1,-72.448766076051,2326.44876607605,-2398.8975321521,-70.5558097691795,0,Empty,NaN
Karate,Global,35.671057541971,5,1,1,-78.6789850302996,2332.6789850303,-2411.3579700606,-70.9222932370764,0,Empty,NaN
Karate,Global,35.7932186979367,5,1,1,-84.9092039845477,2338.90920398455,-2423.8184079691,-71.2887767049734,0,Empty,NaN
Karate,Global,35.9153798539023,5,1,1,-91.1394229387961,2345.1394229388,-2436.27884587759,-71.6552601728704,0,Empty,NaN
Karate,Global,36.037541009868,5,1,1,-97.3696418930442,2351.36964189304,-2448.73928378609,-72.0217436407673,0,Empty,NaN
Karate,Global,36.1597021658337,5,1,1,-103.599860847293,2357.59986084729,-2461.19972169459,-72.3882271086643,0,Empty,NaN
Karate,Global,36.2818633217993,5,1,1,-109.830079801541,2363.83007980154,-2473.66015960308,-72.7547105765613,0,Empty,NaN
Karate,Global,36.404024477765,5,1,1,-116.06029875579,2370.06029875579,-2486.12059751158,-73.1211940444582,0,Empty,NaN
Karate,Global,36.5261856337306,5,1,1,-122.290517710038,2376.29051771004,-2498.58103542008,-73.4876775123552,0,Empty,NaN
Karate,Global,36.6483467896963,5,1,1,-128.520736664286,2382.52073666429,-2511.04147332857,-73.8541609802521,0,Empty,NaN
PolBK,Local,0,7,1,1,5244.10004466548,1965.89995533452,3278.20008933096,31.2209532317234,1,Nonempty,4636.07502650454
PolBK,Local,0.122161155965654,7,1,1,5236.40389183964,1973.59610816036,3262.80778367929,31.0743598445646,1,Nonempty,4614.30701909575
PolBK,Local,0.244322311931308,7,1,1,5228.70773901381,1981.29226098619,3247.41547802761,30.9277664574059,1,Nonempty,4592.53901168696
PolBK,Local,0.366483467896963,7,1,1,5221.01158618797,1988.98841381203,3232.02317237594,30.7811730702471,1,Nonempty,4570.77100427817
PolBK,Local,0.488644623862617,7,1,1,5213.31543336214,1996.68456663787,3216.63086672427,30.6345796830883,1,Nonempty,4549.00299686939
PolBK,Local,0.610805779828271,7,1,1,5205.6192805363,2004.3807194637,3201.2385610726,30.4879862959295,1,Nonempty,4527.2349894606
PolBK,Local,0.732966935793925,7,1,1,5197.92312771046,2012.07687228954,3185.84625542092,30.3413929087707,1,Nonempty,4505.46698205181
PolBK,Local,0.85512809175958,7,1,1,5190.22697488463,2019.77302511537,3170.45394976925,30.1947995216119,1,Nonempty,4483.69897464302
PolBK,Local,0.977289247725234,7,1,1,5182.53082205879,2027.46917794121,3155.06164411758,30.0482061344531,1,Nonempty,4461.93096723424
PolBK,Local,1.09945040369089,7,1,1,5174.83466923295,2035.16533076705,3139.66933846591,29.9016127472944,1,Nonempty,4440.16295982545
PolBK,Local,1.22161155965654,7,1,1,5167.13851640712,2042.86148359288,3124.27703281424,29.7550193601356,1,Nonempty,4418.39495241666
PolBK,Local,1.3437727156222,7,1,1,5159.44236358128,2050.55763641872,3108.88472716256,29.6084259729768,1,Nonempty,4396.62694500788
PolBK,Local,1.46593387158785,7,1,1,5151.74621075545,2058.25378924455,3093.49242151089,29.461832585818,1,Nonempty,4374.85893759909
PolBK,Local,1.5880950275535,7,1,1,5144.05005792961,2065.94994207039,3078.10011585922,29.3152391986592,1,Nonempty,4353.0909301903
PolBK,Local,1.71025618351916,7,1,1,5136.35390510377,2073.64609489623,3062.70781020755,29.1686458115004,1,Nonempty,4331.32292278151
PolBK,Local,1.83241733948481,7,1,1,5128.65775227794,2081.34224772206,3047.31550455587,29.0220524243417,1,Nonempty,4309.55491537273
PolBK,Local,1.95457849545047,7,1,1,5120.9615994521,2089.0384005479,3031.9231989042,28.8754590371829,1,Nonempty,4287.78690796394
PolBK,Local,2.07673965141612,7,1,1,5113.26544662626,2096.73455337374,3016.53089325253,28.7288656500241,1,Nonempty,4266.01890055515
PolBK,Local,2.19890080738178,7,1,1,5105.56929380043,2104.43070619957,3001.13858760086,28.5822722628653,1,Nonempty,4244.25089314637
PolBK,Local,2.32106196334743,7,1,1,5097.87314097459,2112.12685902541,2985.74628194918,28.4356788757065,1,Nonempty,4222.48288573758
PolBK,Local,2.44322311931308,7,1,1,5090.17698814876,2119.82301185124,2970.35397629751,28.2890854885477,1,Nonempty,4200.71487832879
PolBK,Local,2.56538427527874,7,1,1,5082.48083532292,2127.51916467708,2954.96167064584,28.1424921013889,1,Nonempty,4178.94687092
PolBK,Local,2.68754543124439,7,1,1,5074.78468249708,2135.21531750292,2939.56936499417,27.9958987142302,1,Nonempty,4157.17886351122
PolBK,Local,2.80970658721005,7,1,1,5067.08852967125,2142.91147032875,2924.17705934249,27.8493053270714,1,Nonempty,4135.41085610243
PolBK,Local,2.9318677431757,7,1,1,5059.39237684541,2150.60762315459,2908.78475369082,27.7027119399126,1,Nonempty,4113.64284869364
PolBK,Local,3.05402889914135,7,1,1,5051.69622401957,2158.30377598043,2893.39244803915,27.5561185527538,1,Nonempty,4091.87484128486
PolBK,Local,3.17619005510701,7,1,1,5044.00007119374,2165.99992880626,2878.00014238748,27.409525165595,1,Nonempty,4070.10683387607
PolBK,Local,3.29835121107266,7,1,1,5036.3039183679,2173.6960816321,2862.6078367358,27.2629317784362,1,Nonempty,4048.33882646728
PolBK,Local,3.42051236703832,7,1,1,5028.60776554207,2181.39223445793,2847.21553108413,27.1163383912774,1,Nonempty,4026.57081905849
PolBK,Local,3.54267352300397,7,1,1,5020.91161271623,2189.08838728377,2831.82322543246,26.9697450041187,1,Nonempty,4004.80281164971
PolBK,Local,3.66483467896963,7,1,1,5013.21545989039,2196.78454010961,2816.43091978079,26.8231516169599,1,Nonempty,3983.03480424092
PolBK,Local,3.78699583493528,7,1,1,5005.51930706456,2204.48069293544,2801.03861412911,26.6765582298011,1,Nonempty,3961.26679683213
PolBK,Local,3.90915699090093,7,1,1,4997.82315423872,2212.17684576128,2785.64630847744,26.5299648426423,1,Nonempty,3939.49878942334
PolBK,Local,4.03131814686659,7,1,1,4990.12700141288,2219.87299858712,2770.25400282577,26.3833714554835,1,Nonempty,3917.73078201456
PolBK,Local,4.15347930283224,7,1,1,4982.43084858705,2227.56915141295,2754.8616971741,26.2367780683247,1,Nonempty,3895.96277460577
PolBK,Local,4.2756404587979,7,1,1,4974.73469576121,2235.26530423879,2739.46939152242,26.090184681166,1,Nonempty,3874.19476719698
PolBK,Local,4.39780161476355,7,1,1,4967.03854293538,2242.96145706462,2724.07708587075,25.9435912940072,1,Nonempty,3852.4267597882
PolBK,Local,4.51996277072921,7,1,1,4959.34239010954,2250.65760989046,2708.68478021908,25.7969979068484,1,Nonempty,3830.65875237941
PolBK,Local,4.64212392669486,7,1,1,4951.6462372837,2258.3537627163,2693.29247456741,25.6504045196896,1,Nonempty,3808.89074497062
PolBK,Local,4.76428508266051,7,1,1,4943.95008445787,2266.04991554213,2677.90016891573,25.5038111325308,1,Nonempty,3787.12273756183
PolBK,Local,4.88644623862617,7,1,1,4936.25393163203,2273.74606836797,2662.50786326406,25.357217745372,1,Nonempty,3765.35473015305
PolBK,Local,5.00860739459182,7,1,1,4928.55777880619,2281.44222119381,2647.11555761239,25.2106243582132,1,Nonempty,3743.58672274426
PolBK,Local,5.13076855055748,7,1,1,4920.86162598036,2289.13837401964,2631.72325196072,25.0640309710545,1,Nonempty,3721.81871533547
PolBK,Local,5.25292970652313,7,1,1,4913.16547315452,2296.83452684548,2616.33094630905,24.9174375838957,1,Nonempty,3700.05070792669
PolBK,Local,5.37509086248879,7,1,1,4905.46932032869,2304.53067967131,2600.93864065737,24.7708441967369,1,Nonempty,3678.2827005179
PolBK,Local,5.49725201845444,7,1,1,4897.77316750285,2312.22683249715,2585.5463350057,24.6242508095781,1,Nonempty,3656.51469310911
PolBK,Local,5.61941317442009,7,1,1,4890.07701467701,2319.92298532299,2570.15402935403,24.4776574224193,1,Nonempty,3634.74668570032
PolBK,Local,5.74157433038575,7,1,1,4882.38086185118,2327.61913814882,2554.76172370236,24.3310640352605,1,Nonempty,3612.97867829154
PolBK,Local,5.8637354863514,7,1,1,4874.68470902534,2335.31529097466,2539.36941805068,24.1844706481017,1,Nonempty,3591.21067088275
PolBK,Local,5.98589664231706,7,1,1,4866.98855619951,2343.01144380049,2523.97711239901,24.037877260943,1,Nonempty,3569.44266347396
PolBK,Local,6.10805779828271,7,1,1,4859.29240337367,2350.70759662633,2508.58480674734,23.8912838737842,1,Nonempty,3547.67465606518
PolBK,Local,6.23021895424836,7,1,1,4851.59625054783,2358.40374945217,2493.19250109567,23.7446904866254,1,Nonempty,3525.90664865639
PolBK,Local,6.35238011021402,7,1,1,4843.900097722,2366.099902278,2477.80019544399,23.5980970994666,1,Nonempty,3504.1386412476
PolBK,Local,6.47454126617967,7,1,1,4836.20394489616,2373.79605510384,2462.40788979232,23.4515037123078,1,Nonempty,3482.37063383881
PolBK,Local,6.59670242214533,7,1,1,4828.50779207032,2381.49220792968,2447.01558414065,23.304910325149,1,Nonempty,3460.60262643003
PolBK,Local,6.71886357811098,7,1,1,4820.81163924449,2389.18836075551,2431.62327848898,23.1583169379903,1,Nonempty,3438.83461902124
PolBK,Local,6.84102473407664,7,1,1,4813.11548641865,2396.88451358135,2416.2309728373,23.0117235508315,1,Nonempty,3417.06661161245
PolBK,Local,6.96318589004229,7,1,1,4805.41933359282,2404.58066640718,2400.83866718563,22.8651301636727,1,Nonempty,3395.29860420367
PolBK,Local,7.08534704600794,7,1,1,4797.72318076698,2412.27681923302,2385.44636153396,22.7185367765139,1,Nonempty,3373.53059679488
PolBK,Local,7.18772786386532,7,1,1,4791.27318924196,2418.72681075804,2372.54637848393,22.595679795085,1,Nonempty,3355.28726581114
PolBK,Local,7.18779974186274,7,1,1,4791.26866092813,2418.73133907187,2372.53732185625,22.5955935414881,1,Nonempty,3355.27445780546
PolBK,Local,7.18787161986016,7,1,1,4791.26413261429,2418.73586738571,2372.52826522858,22.5955072878912,1,Nonempty,3355.26164979977
PolBK,Local,7.2075082019736,7,1,1,4790.02702794114,2419.97297205886,2370.05405588229,22.5719433893551,1,Nonempty,3351.76258938609
PolBK,Local,7.32966935793925,7,1,1,4782.33087511531,2427.66912488469,2354.66175023061,22.4253500021963,1,Nonempty,3329.9945819773
PolBK,Local,7.35246907379743,7,1,1,4780.89449301624,2429.10550698376,2351.78898603248,22.3979903431665,1,Nonempty,3325.93187988681
PolBK,Local,7.35254259922343,7,1,1,4780.8898609144,2429.1101390856,2351.77972182881,22.3979021126553,1,Nonempty,3325.91877832433
PolBK,Local,7.35261612464942,7,1,1,4780.88522881257,2429.11477118743,2351.77045762513,22.3978138821441,1,Nonempty,3325.90567676184
PolBK,Local,7.45183051390491,7,1,1,4774.63472228947,2435.36527771053,2339.26944457894,22.2787566150375,1,Nonempty,3308.22657456852
PolBK,Local,7.57399166987056,7,1,1,4766.93856946363,2443.06143053637,2323.87713892727,22.1321632278788,1,Nonempty,3286.45856715973
PolBK,Local,7.69615282583621,7,1,1,4759.2424166378,2450.7575833622,2308.4848332756,21.98556984072,1,Nonempty,3264.69055975094
PolBK,Local,7.81831398180187,7,1,1,4751.54626381196,2458.45373618804,2293.09252762392,21.8389764535612,1,Nonempty,3242.92255234216
PolBK,Local,7.94047513776752,7,1,1,4743.85011098613,2466.14988901387,2277.70022197225,21.6923830664024,1,Nonempty,3221.15454493337
PolBK,Local,8.06263629373318,7,1,1,4736.15395816029,2473.84604183971,2262.30791632058,21.5457896792436,1,Nonempty,3199.38653752458
PolBK,Local,8.18479744969883,7,1,1,4728.45780533445,2481.54219466555,2246.91561066891,21.3991962920848,1,Nonempty,3177.61853011579
PolBK,Local,8.28017384837035,7,1,1,4722.44909221815,2487.55090778185,2234.8981844363,21.284744613679,1,Nonempty,3160.62332295282
PolBK,Local,8.28025665093686,7,1,1,4722.44387565646,2487.55612434354,2234.88775131292,21.2846452505992,1,Nonempty,3160.60856828823
PolBK,Local,8.28033945350337,7,1,1,4722.43865909477,2487.56134090523,2234.87731818953,21.2845458875194,1,Nonempty,3160.59381362365
PolBK,Local,8.29078597333203,7,1,1,4721.78052834556,2488.21947165444,2233.56105669112,21.272010063725,1,Nonempty,3158.73233876097
PolBK,Local,8.29086888202085,7,1,1,4721.77530509817,2488.22469490183,2233.55061019633,21.2719105732984,1,Nonempty,3158.71756518636
PolBK,Local,8.29095179070968,7,1,1,4721.77008185077,2488.22991814923,2233.54016370154,21.2718110828718,1,Nonempty,3158.70279161174
PolBK,Local,8.30695860566449,7,1,1,4720.76165250862,2489.23834749138,2231.52330501723,21.252602904926,1,Nonempty,3155.85052270701
PolBK,Local,8.35488870489337,7,1,1,4717.7420562572,2492.2579437428,2225.48411251439,21.1950867858514,1,Nonempty,3147.30981476371
PolBK,Local,8.35497225461592,7,1,1,4717.73679262468,2492.26320737532,2225.47358524935,21.1949865261843,1,Nonempty,3147.29492696271
PolBK,Local,8.35505580433847,7,1,1,4717.73152899216,2492.26847100784,2225.46305798431,21.1948862665173,1,Nonempty,3147.28003916172
PolBK,Local,8.42911976163014,7,1,1,4713.06549968278,2496.93450031722,2216.13099936556,21.1060095177673,1,Nonempty,3134.08251529822
PolBK,Local,8.52696458000834,7,1,1,4706.90127612496,2503.09872387505,2203.80255224991,20.9885957357134,1,Nonempty,3116.64745818426
PolBK,Local,8.52704985050684,7,1,1,4706.89590408355,2503.10409591645,2203.7918081671,20.9884934111152,1,Nonempty,3116.63226375664
PolBK,Local,8.52713512100535,7,1,1,4706.89053204214,2503.10946795786,2203.78106408429,20.988391086517,1,Nonempty,3116.61706932901
PolBK,Local,8.55128091759579,7,1,1,4705.36934685695,2504.63065314306,2200.73869371389,20.9594161306085,1,Nonempty,3112.31450788943
PolBK,Local,8.63592962901206,7,1,1,4700.03647803772,2509.96352196228,2190.07295607544,20.857837676909,1,Nonempty,3097.23087706842
PolBK,Local,8.63601598917196,7,1,1,4700.03103734765,2509.96896265235,2190.06207469529,20.8577340447171,1,Nonempty,3097.21548847304
PolBK,Local,8.63610234933185,7,1,1,4700.02559665757,2509.97440334243,2190.05119331515,20.8576304125252,1,Nonempty,3097.20009987766
PolBK,Local,8.67344207356145,7,1,1,4697.67319403111,2512.32680596889,2185.34638806222,20.8128227434497,1,Nonempty,3090.54650048065
PolBK,Local,8.73562312488827,7,1,1,4693.75578779752,2516.24421220248,2177.51157559504,20.7382054818575,1,Nonempty,3079.46640243091
PolBK,Local,8.73571048199309,7,1,1,4693.75028429992,2516.24971570008,2177.50056859983,20.7381006533317,1,Nonempty,3079.45083618901
PolBK,Local,8.73579783909791,7,1,1,4693.74478080231,2516.25521919769,2177.48956160462,20.7379958248059,1,Nonempty,3079.4352699471
PolBK,Local,8.78404674389113,7,1,1,4690.70509980034,2519.29490019966,2171.41019960068,20.6800971390541,1,Nonempty,3070.83775375055
PolBK,Local,8.78413458523698,7,1,1,4690.69956579555,2519.30043420445,2171.3991315911,20.6799917294391,1,Nonempty,3070.8221012213
PolBK,Local,8.78422242658283,7,1,1,4690.69403179076,2519.30596820924,2171.38806358152,20.679886319824,1,Nonempty,3070.80644869204
PolBK,Local,8.7956032295271,7,1,1,4689.97704120527,2520.02295879473,2169.95408241055,20.6662293562909,1,Nonempty,3068.77849307186
PolBK,Local,8.89258698336861,7,1,1,4683.86706471326,2526.13293528674,2157.73412942651,20.5498488516811,1,Nonempty,3051.49686983028
PolBK,Local,8.89267591012771,7,1,1,4683.86146232743,2526.13853767257,2157.72292465487,20.5497421395702,1,Nonempty,3051.48102389025
PolBK,Local,8.89276483688682,7,1,1,4683.85585994161,2526.14414005839,2157.71171988322,20.5496354274593,1,Nonempty,3051.46517795023
PolBK,Local,8.90728441998734,7,1,1,4682.94112620628,2527.05887379372,2155.88225241256,20.5322119277386,1,Nonempty,3048.87792024129
PolBK,Local,8.90737349372227,7,1,1,4682.93551456098,2527.06448543902,2155.87102912195,20.5321050392567,1,Nonempty,3048.86204811151
PolBK,Local,8.90746256745721,7,1,1,4682.92990291568,2527.07009708432,2155.85980583135,20.5319981507748,1,Nonempty,3048.84617598172
PolBK,Local,8.91776438549276,7,1,1,4682.28088837944,2527.71911162056,2154.56177675887,20.5196359691321,1,Nonempty,3047.01048566307
PolBK,Local,8.95511651775248,7,1,1,4679.92770404707,2530.07229595293,2149.85540809415,20.4748134104205,1,Nonempty,3040.35467526789
PolBK,Local,8.95520606981318,7,1,1,4679.92206226725,2530.07793773275,2149.8441245345,20.4747059479476,1,Nonempty,3040.3387179048
PolBK,Local,8.95529562187387,7,1,1,4679.91642048743,2530.08357951257,2149.83284097485,20.4745984854748,1,Nonempty,3040.32276054172
PolBK,Local,8.95912126700135,7,1,1,4679.67540484439,2530.32459515561,2149.35080968879,20.4700077113218,1,Nonempty,3039.64106535948
PolBK,Local,8.95921085910994,7,1,1,4679.66976054155,2530.33023945845,2149.33952108311,20.4699002007915,1,Nonempty,3039.62510086022
PolBK,Local,8.95930045121853,7,1,1,4679.66411623871,2530.33588376129,2149.32823247742,20.4697926902612,1,Nonempty,3039.60913636097
PolBK,Local,8.96478404337901,7,1,1,4679.3186499326,2530.6813500674,2148.6372998652,20.4632123796686,1,Nonempty,3038.63201009008
PolBK,Local,8.96487369211594,7,1,1,4679.31300206218,2530.68699793782,2148.62600412435,20.4631048011843,1,Nonempty,3038.61603550017
PolBK,Local,8.96496334085286,7,1,1,4679.30735419175,2530.69264580825,2148.6147083835,20.4629972227,1,Nonempty,3038.60006091026
PolBK,Local,8.9743146079736,7,1,1,4678.71822436314,2531.28177563686,2147.43644872629,20.4517757021551,1,Nonempty,3036.93375012303
PolBK,Local,8.97440435201712,7,1,1,4678.7125704884,2531.2874295116,2147.4251409768,20.4516680093029,1,Nonempty,3036.91775855035
PolBK,Local,8.97449409606064,7,1,1,4678.70691661366,2531.29308338634,2147.41383322732,20.4515603164507,1,Nonempty,3036.90176697767
PolBK,Local,8.97452490499112,7,1,1,4678.70497565104,2531.29502434896,2147.40995130208,20.4515233457341,1,Nonempty,3036.89627710635
PolBK,Local,8.97461465113763,7,1,1,4678.69932164381,2531.30067835619,2147.39864328762,20.4514156503583,1,Nonempty,3036.88028515893
PolBK,Local,8.97470439728414,7,1,1,4678.69366763658,2531.30633236342,2147.38733527316,20.4513079549825,1,Nonempty,3036.86429321152
PolBK,Local,8.98503224306695,7,1,1,4678.04301335226,2531.95698664774,2146.08602670452,20.4389145400431,1,Nonempty,3035.02396498493
PolBK,Local,8.9851220942879,7,1,1,4678.03735272534,2531.96264727466,2146.07470545068,20.438806718578,1,Nonempty,3035.0079543142
PolBK,Local,8.98521194550884,7,1,1,4678.03169209842,2531.96830790158,2146.06338419685,20.4386988971128,1,Nonempty,3034.99194364348
PolBK,Local,8.98712433639839,7,1,1,4677.91121147238,2532.08878852762,2145.82242294476,20.4364040280454,1,Nonempty,3034.65117297278
PolBK,Local,8.98721420854047,7,1,1,4677.90554952743,2532.09445047257,2145.81109905486,20.4362961814749,1,Nonempty,3034.6351585741
PolBK,Local,8.98730408068256,7,1,1,4677.89988758248,2532.10011241752,2145.79977516496,20.4361883349044,1,Nonempty,3034.61914417542
PolBK,Local,8.98891529313116,7,1,1,4677.79838119822,2532.20161880178,2145.59676239643,20.434254879966,1,Nonempty,3034.33204076484
PolBK,Local,8.98900518318299,7,1,1,4677.79271812495,2532.20728187505,2145.5854362499,20.4341470119038,1,Nonempty,3034.31602317481
PolBK,Local,8.98909507323483,7,1,1,4677.78705505169,2532.21294494831,2145.57411010337,20.4340391438416,1,Nonempty,3034.30000558477
PolBK,Local,8.9954967525962,7,1,1,4677.38374925192,2532.61625074808,2144.76749850384,20.426357128608,1,Nonempty,3033.15928452115
PolBK,Local,8.99558670846329,7,1,1,4677.37808203229,2532.62191796771,2144.75616406459,20.4262491815675,1,Nonempty,3033.14325520343
PolBK,Local,8.99567666433037,7,1,1,4677.37241481267,2532.62758518733,2144.74482962533,20.426141234527,1,Nonempty,3033.12722588572
PolBK,Local,8.99918957234718,7,1,1,4677.15110160761,2532.84889839239,2144.30220321522,20.4219257449068,1,Nonempty,3032.50125761347
PolBK,Local,8.99927956514283,7,1,1,4677.14543206148,2532.85456793852,2144.29086412296,20.421817753552,1,Nonempty,3032.48522171542
PolBK,Local,8.99936955793848,7,1,1,4677.13976251536,2532.86023748464,2144.27952503071,20.4217097621973,1,Nonempty,3032.46918581737
PolBK,Local,9.00228395916643,7,1,1,4676.95615523799,2533.04384476201,2143.91231047599,20.4182124807237,1,Nonempty,3031.94986601378
PolBK,Local,9.00237398290626,7,1,1,4676.95048374239,2533.04951625761,2143.90096748477,20.4181044522359,1,Nonempty,3031.93382460176
PolBK,Local,9.00246400664609,7,1,1,4676.94481224678,2533.05518775322,2143.88962449355,20.4179964237481,1,Nonempty,3031.91778318974
PolBK,Local,9.00756352162496,7,1,1,4676.62354280311,2533.37645719689,2143.24708560621,20.4118770057735,1,Nonempty,3031.00909598092
PolBK,Local,9.00765359816094,7,1,1,4676.61786798134,2533.38213201866,2143.23573596268,20.4117689139303,1,Nonempty,3030.99304516111
PolBK,Local,9.00774367469692,7,1,1,4676.61219315957,2533.38780684043,2143.22438631915,20.4116608220871,1,Nonempty,3030.97699434129
PolBK,Local,9.0089671911551,7,1,1,4676.53511162271,2533.46488837729,2143.07022324542,20.4101926023373,1,Nonempty,3030.75897483161
PolBK,Local,9.00905728172791,7,1,1,4676.52943591662,2533.47056408338,2143.05887183324,20.4100844936499,1,Nonempty,3030.74292151056
PolBK,Local,9.00914737230073,7,1,1,4676.52376021053,2533.47623978947,2143.04752042107,20.4099763849626,1,Nonempty,3030.72686818951
PolBK,Local,9.01209135202732,7,1,1,4676.33828948776,2533.66171051224,2142.67657897552,20.4064436092906,1,Nonempty,3030.20227776636
PolBK,Local,9.01218147384205,7,1,1,4676.33261181343,2533.66738818657,2142.66522362686,20.406335463113,1,Nonempty,3030.18621887829
PolBK,Local,9.01227159565679,7,1,1,4676.3269341391,2533.6730658609,2142.6538682782,20.4062273169353,1,Nonempty,3030.17015999021
PolBK,Local,9.01567605245605,7,1,1,4676.11245336075,2533.88754663925,2142.2249067215,20.4021419687762,1,Nonempty,3029.56351673898
PolBK,Local,9.01576621011815,7,1,1,4676.10677342804,2533.89322657196,2142.21354685607,20.4020337795816,1,Nonempty,3029.54745146323
PolBK,Local,9.01585636778025,7,1,1,4676.10109349532,2533.89890650468,2142.20218699065,20.4019255903871,1,Nonempty,3029.53138618748
PolBK,Local,9.01801077857193,7,1,1,4675.96536561545,2534.03463438455,2141.9307312309,20.3993402974371,1,Nonempty,3029.14748977045
PolBK,Local,9.01810095958153,7,1,1,4675.95968421184,2534.04031578816,2141.91936842369,20.3992320802256,1,Nonempty,3029.13142033439
PolBK,Local,9.01819114059112,7,1,1,4675.95400280824,2534.04599719176,2141.90800561648,20.3991238630141,1,Nonempty,3029.11535089833
PolBK,Local,9.03260374082072,7,1,1,4675.04600899377,2534.95399100623,2140.09201798755,20.3818287427386,1,Nonempty,3026.5471565644
PolBK,Local,9.0326940677614,7,1,1,4675.04031839651,2534.95968160349,2140.08063679302,20.3817203504097,1,Nonempty,3026.53106112474
PolBK,Local,9.03278439470208,7,1,1,4675.03462779925,2534.96537220075,2140.0692555985,20.3816119580809,1,Nonempty,3026.51496568509
PolBK,Local,9.03992554145841,7,1,1,4674.5847355536,2535.4152644464,2139.1694711072,20.3730425819733,1,Nonempty,3025.24247825428
PolBK,Local,9.04273982823953,7,1,1,4674.40743548639,2535.59256451361,2138.81487097278,20.369665437836,1,Nonempty,3024.74099793496
PolBK,Local,9.0428302565421,7,1,1,4674.40173850333,2535.59826149667,2138.80347700666,20.3695569238729,1,Nonempty,3024.72488443354
PolBK,Local,9.04292068484467,7,1,1,4674.39604152027,2535.60395847973,2138.79208304053,20.3694484099098,1,Nonempty,3024.70877093212
PolBK,Local,9.04717499076328,7,1,1,4674.12802024739,2535.87197975261,2138.25604049479,20.3643432428075,1,Nonempty,3023.95069229392
PolBK,Local,9.04726546341791,7,1,1,4674.12232047015,2535.87767952985,2138.2446409403,20.3642346756219,1,Nonempty,3023.93457088937
PolBK,Local,9.04735593607255,7,1,1,4674.11662069291,2535.88337930709,2138.23324138582,20.3641261084364,1,Nonempty,3023.91844948481
PolBK,Local,9.10438556992821,7,1,1,4670.52375376,2539.47624624,2131.04750752001,20.2956905478096,1,Nonempty,3013.75628719617
PolBK,Local,9.10447661469435,7,1,1,4670.51801793974,2539.48198206026,2131.03603587947,20.2955812940902,1,Nonempty,3013.74006384655
PolBK,Local,9.1045676594605,7,1,1,4670.51228211947,2539.48771788053,2131.02456423894,20.2954720403708,1,Nonempty,3013.72384049692
PolBK,Local,9.11975038774126,7,1,1,4669.55577023778,2540.44422976222,2129.11154047556,20.2772527664339,1,Nonempty,3011.01841634561
PolBK,Local,9.11984158615712,7,1,1,4669.55002473758,2540.44997526242,2129.10004947516,20.2771433283349,1,Nonempty,3011.002165617
PolBK,Local,9.11993278457298,7,1,1,4669.54427923738,2540.45572076262,2129.08855847476,20.2770338902358,1,Nonempty,3010.98591488839
PolBK,Local,9.14867403267506,7,1,1,4667.73358060695,2542.26641939305,2125.4671612139,20.2425443925134,1,Nonempty,3005.86448576734
PolBK,Local,9.14876552033027,7,1,1,4667.72781688467,2542.27218311533,2125.45563376935,20.2424346073271,1,Nonempty,3005.84818349891
PolBK,Local,9.14885700798547,7,1,1,4667.7220531624,2542.2779468376,2125.44410632479,20.2423248221409,1,Nonempty,3005.83188123048
PolBK,Local,9.15963967338747,7,1,1,4667.04274524207,2542.95725475793,2124.08549048414,20.2293856236585,1,Nonempty,3003.91050828258
PolBK,Local,9.15973127070017,7,1,1,4667.03697461137,2542.96302538863,2124.07394922274,20.2292757068832,1,Nonempty,3003.89418647418
PolBK,Local,9.15982286801288,7,1,1,4667.03120398067,2542.96879601933,2124.06240796134,20.229165790108,1,Nonempty,3003.87786466578
PolBK,Local,9.16208669742407,7,1,1,4666.88858272776,2543.11141727224,2123.77716545553,20.2264491948145,1,Nonempty,3003.4744708455
PolBK,Local,9.16734097416254,7,1,1,4666.55756329324,2543.44243670676,2123.11512658648,20.2201440627284,1,Nonempty,3002.53820649807
PolBK,Local,9.16743264848903,7,1,1,4666.55178781067,2543.44821218933,2123.10357562134,20.2200340535366,1,Nonempty,3002.52187096651
PolBK,Local,9.16752432281551,7,1,1,4666.5460123281,2543.4539876719,2123.09202465621,20.2199240443448,1,Nonempty,3002.50553543496
PolBK,Local,9.28424785338972,7,1,1,4659.19242990193,2550.80757009807,2108.38485980386,20.0798558076558,1,Nonempty,2981.70646343671
PolBK,Local,9.40640900935537,7,1,1,4651.49627707609,2558.50372292391,2092.99255415218,19.933262420497,1,Nonempty,2959.93845602792
PolBK,Local,9.52857016532103,7,1,1,4643.80012425026,2566.19987574974,2077.60024850051,19.7866690333382,1,Nonempty,2938.17044861913
PolBK,Local,9.60578959341049,7,1,1,4638.93530028062,2571.06469971938,2067.87060056124,19.6940057196308,1,Nonempty,2924.4106485463
PolBK,Local,9.60588565226701,7,1,1,4638.92924857266,2571.07075142734,2067.85849714532,19.693890449003,1,Nonempty,2924.39353173135
PolBK,Local,9.60598171112353,7,1,1,4638.9231968647,2571.0768031353,2067.8463937294,19.6937751783752,1,Nonempty,2924.37641491641
PolBK,Local,9.6297043030257,7,1,1,4637.42867357486,2572.57132642514,2064.85734714972,19.6653080680926,1,Nonempty,2920.14926470487
PolBK,Local,9.62980060103171,7,1,1,4637.42260680048,2572.57739319952,2064.84521360096,19.6651925104854,1,Nonempty,2920.13210527565
PolBK,Local,9.62989689903772,7,1,1,4637.4165400261,2572.5834599739,2064.83308005221,19.6650769528782,1,Nonempty,2920.11494584644
PolBK,Local,9.64390235484305,7,1,1,4636.53419631037,2573.46580368963,2063.06839262074,19.6482704059118,1,Nonempty,2917.61930094751
PolBK,Local,9.643998794831,7,1,1,4636.52812059113,2573.47187940887,2063.05624118225,19.6481546779262,1,Nonempty,2917.6021162184
PolBK,Local,9.64409523481895,7,1,1,4636.52204487189,2573.47795512811,2063.04408974377,19.6480389499407,1,Nonempty,2917.5849314893
PolBK,Local,9.65073132128668,7,1,1,4636.10397142442,2573.89602857558,2062.20794284884,19.6400756461794,1,Nonempty,2916.40244121035
PolBK,Local,9.77289247725234,7,1,1,4628.40781859858,2581.59218140142,2046.81563719717,19.4934822590206,1,Nonempty,2894.63443380156
PolBK,Local,9.89505363321799,7,1,1,4620.71166577275,2589.28833422725,2031.42333154549,19.3468888718618,1,Nonempty,2872.86642639277
PolBK,Local,10.0172147891836,7,1,1,4613.01551294691,2596.98448705309,2016.03102589382,19.2002954847031,1,Nonempty,2851.09841898399
PolBK,Local,10.1393759451493,7,1,1,4605.31936012107,2604.68063987893,2000.63872024215,19.0537020975443,1,Nonempty,2829.3304115752
PolBK,Local,10.261537101115,7,1,1,4597.62320729524,2612.37679270476,1985.24641459048,18.9071087103855,1,Nonempty,2807.56240416641
PolBK,Local,10.3836982570806,7,1,1,4589.9270544694,2620.0729455306,1969.8541089388,18.7605153232267,1,Nonempty,2785.79439675762
PolBK,Local,10.4678283840112,7,1,1,4584.62685647277,2625.37314352723,1959.25371294555,18.65955917091,1,Nonempty,2770.80317297744
PolBK,Local,10.4679330633418,7,1,1,4584.62026167494,2625.37973832506,1959.24052334989,18.6594335557132,1,Nonempty,2770.78452007237
PolBK,Local,10.4680377426725,7,1,1,4584.61366687711,2625.38633312289,1959.22733375423,18.6593079405164,1,Nonempty,2770.76586716731
PolBK,Local,10.5058594130463,7,1,1,4582.23090164357,2627.76909835643,1954.46180328713,18.6139219360679,1,Nonempty,2764.02638934884
PolBK,Local,10.6280205690119,7,1,1,4574.53474881773,2635.46525118227,1939.06949763546,18.4673285489091,1,Nonempty,2742.25838194005
PolBK,Local,10.7501817249776,7,1,1,4566.83859599189,2643.16140400811,1923.67719198379,18.3207351617503,1,Nonempty,2720.49037453126
PolBK,Local,10.8723428809432,7,1,1,4559.14244316606,2650.85755683394,1908.28488633211,18.1741417745916,1,Nonempty,2698.72236712248
PolBK,Local,10.9945040369089,7,1,1,4551.44629034022,2658.55370965978,1892.89258068044,18.0275483874328,1,Nonempty,2676.95435971369
PolBK,Local,11.1166651928745,7,1,1,4543.75013751438,2666.24986248562,1877.50027502877,17.880955000274,1,Nonempty,2655.1863523049
PolBK,Local,11.2388263488402,7,1,1,4536.05398468855,2673.94601531145,1862.1079693771,17.7343616131152,1,Nonempty,2633.41834489611
PolBK,Local,11.3609875048058,7,1,1,4528.35783186271,2681.64216813729,1846.71566372542,17.5877682259564,1,Nonempty,2611.65033748733
PolBK,Local,11.4831486607715,7,1,1,4520.66167903688,2689.33832096312,1831.32335807375,17.4411748387976,1,Nonempty,2589.88233007854
PolBK,Local,11.6053098167371,7,1,1,4512.96552621104,2697.03447378896,1815.93105242208,17.2945814516389,1,Nonempty,2568.11432266975
PolBK,Local,11.7274709727028,7,1,1,4505.2693733852,2704.7306266148,1800.53874677041,17.1479880644801,1,Nonempty,2546.34631526097
PolBK,Local,11.8496321286685,7,1,1,4497.57322055937,2712.42677944063,1785.14644111873,17.0013946773213,1,Nonempty,2524.57830785218
PolBK,Local,11.9717932846341,7,1,1,4489.87706773353,2720.12293226647,1769.75413546706,16.8548012901625,1,Nonempty,2502.81030044339
PolBK,Local,12.0301728266809,7,1,1,4486.19915658458,2723.80084341542,1762.39831316916,16.7847458397063,1,Nonempty,2492.4075967873
PolBK,Local,12.0302931296122,7,1,1,4486.19157749991,2723.80842250009,1762.38315499982,16.7846014761888,1,Nonempty,2492.38615989863
PolBK,Local,12.0304134325435,7,1,1,4486.18399841524,2723.81600158476,1762.36799683048,16.7844571126712,1,Nonempty,2492.36472300997
PolBK,Local,12.0939544405998,7,1,1,4482.18091490769,2727.81908509231,1754.36182981539,16.7082079030037,1,Nonempty,2481.0422930346
PolBK,Local,12.2161155965654,7,1,1,4474.48476208186,2735.51523791814,1738.96952416372,16.5616145158449,1,Nonempty,2459.27428562582
PolBK,Local,12.3382767525311,7,1,1,4466.78860925602,2743.21139074398,1723.57721851204,16.4150211286861,1,Nonempty,2437.50627821703
PolBK,Local,12.4604379084967,7,1,1,4459.09245643019,2750.90754356981,1708.18491286037,16.2684277415274,1,Nonempty,2415.73827080824
PolBK,Local,12.5825990644624,7,1,1,4451.39630360435,2758.60369639565,1692.7926072087,16.1218343543686,1,Nonempty,2393.97026339945
PolBK,Local,12.704760220428,7,1,1,4443.70015077851,2766.29984922149,1677.40030155703,15.9752409672098,1,Nonempty,2372.20225599067
PolBK,Local,12.8269213763937,7,1,1,4436.00399795268,2773.99600204732,1662.00799590536,15.828647580051,1,Nonempty,2350.43424858188
PolBK,Local,12.9490825323593,7,1,1,4428.30784512684,2781.69215487316,1646.61569025368,15.6820541928922,1,Nonempty,2328.66624117309
PolBK,Local,13.071243688325,7,1,1,4420.611692301,2789.388307699,1631.22338460201,15.5354608057334,1,Nonempty,2306.89823376431
PolBK,Local,13.1934048442907,7,1,1,4412.91553947517,2797.08446052483,1615.83107895034,15.3888674185746,1,Nonempty,2285.13022635552
PolBK,Local,13.3155660002563,7,1,1,4405.21938664933,2804.78061335067,1600.43877329867,15.2422740314159,1,Nonempty,2263.36221894673
PolBK,Local,13.437727156222,7,1,1,4397.5232338235,2812.4767661765,1585.04646764699,15.0956806442571,1,Nonempty,2241.59421153794
PolBK,Local,13.5598883121876,7,1,1,4389.82708099766,2820.17291900234,1569.65416199532,14.9490872570983,1,Nonempty,2219.82620412916
PolBK,Local,13.6820494681533,7,1,1,4382.13092817182,2827.86907182818,1554.26185634365,14.8024938699395,1,Nonempty,2198.05819672037
PolBK,Local,13.8042106241189,7,1,1,4374.43477534599,2835.56522465401,1538.86955069198,14.6559004827807,1,Nonempty,2176.29018931158
PolBK,Local,13.9263717800846,7,1,1,4366.73862252015,2843.26137747985,1523.4772450403,14.5093070956219,1,Nonempty,2154.5221819028
PolBK,Local,14.0485329360502,7,1,1,4359.04246969432,2850.95753030568,1508.08493938863,14.3627137084632,1,Nonempty,2132.75417449401
PolBK,Local,14.1706940920159,7,1,1,4351.34631686848,2858.65368313152,1492.69263373696,14.2161203213044,1,Nonempty,2110.98616708522
PolBK,Local,14.2928552479815,7,1,1,4343.65016404264,2866.34983595736,1477.30032808529,14.0695269341456,1,Nonempty,2089.21815967643
PolBK,Local,14.4150164039472,7,1,1,4335.95401121681,2874.04598878319,1461.90802243361,13.9229335469868,1,Nonempty,2067.45015226765
PolBK,Local,14.5371775599129,7,1,1,4328.25785839097,2881.74214160903,1446.51571678194,13.776340159828,1,Nonempty,2045.68214485886
PolBK,Local,14.6593387158785,7,1,1,4320.56170556513,2889.43829443487,1431.12341113027,13.6297467726692,1,Nonempty,2023.91413745007
PolBK,Local,14.7814998718442,7,1,1,4312.8655527393,2897.1344472607,1415.7311054786,13.4831533855104,1,Nonempty,2002.14613004129
PolBK,Local,14.9036610278098,7,1,1,4305.16939991346,2904.83060008654,1400.33879982692,13.3365599983517,1,Nonempty,1980.3781226325
PolBK,Local,15.0258221837755,7,1,1,4297.47324708763,2912.52675291237,1384.94649417525,13.1899666111929,1,Nonempty,1958.61011522371
PolBK,Local,15.1479833397411,7,1,1,4289.77709426179,2920.22290573821,1369.55418852358,13.0433732240341,1,Nonempty,1936.84210781492
PolBK,Local,15.2701444957068,7,1,1,4282.08094143595,2927.91905856405,1354.16188287191,12.8967798368753,1,Nonempty,1915.07410040614
PolBK,Local,15.3923056516724,7,1,1,4274.38478861012,2935.61521138988,1338.76957722023,12.7501864497165,1,Nonempty,1893.30609299735
PolBK,Local,15.5144668076381,7,1,1,4266.68863578428,2943.31136421572,1323.37727156856,12.6035930625577,1,Nonempty,1871.53808558856
PolBK,Local,15.6366279636037,7,1,1,4258.99248295844,2951.00751704156,1307.98496591689,12.4569996753989,1,Nonempty,1849.77007817978
PolBK,Local,15.7587891195694,7,1,1,4251.29633013261,2958.70366986739,1292.59266026522,12.3104062882402,1,Nonempty,1828.00207077099
PolBK,Local,15.880950275535,7,1,1,4243.60017730677,2966.39982269323,1277.20035461354,12.1638129010814,1,Nonempty,1806.2340633622
PolBK,Local,16.0031114315007,7,1,1,4235.90402448094,2974.09597551906,1261.80804896187,12.0172195139226,1,Nonempty,1784.46605595341
PolBK,Local,16.1252725874664,7,1,1,4228.2078716551,2981.7921283449,1246.4157433102,11.8706261267638,1,Nonempty,1762.69804854463
PolBK,Local,16.247433743432,7,1,1,4220.51171882926,2989.48828117074,1231.02343765853,11.724032739605,1,Nonempty,1740.93004113584
PolBK,Local,16.3695948993977,7,1,1,4212.81556600343,2997.18443399657,1215.63113200685,11.5774393524462,1,Nonempty,1719.16203372705
PolBK,Local,16.3920409991349,7,1,1,4211.40146171998,2998.59853828002,1212.80292343996,11.5505040327615,1,Nonempty,1715.16234281453
PolBK,Local,16.3922049211842,7,1,1,4211.39113463088,2998.60886536912,1212.78226926176,11.5503073263024,1,Nonempty,1715.1331333956
PolBK,Local,16.3923688432334,7,1,1,4211.38080754178,2998.61919245822,1212.76161508356,11.5501106198434,1,Nonempty,1715.10392397666
PolBK,Local,16.4917560553633,7,1,1,4205.11941317759,3004.88058682241,1200.23882635518,11.4308459652874,1,Nonempty,1697.39402631826
PolBK,Local,16.613917211329,7,1,1,4197.42326035175,3012.57673964825,1184.84652070351,11.2842525781287,1,Nonempty,1675.62601890948
PolBK,Local,16.7360783672946,7,1,1,4189.72710752592,3020.27289247408,1169.45421505184,11.1376591909699,1,Nonempty,1653.85801150069
PolBK,Local,16.8582395232603,7,1,1,4182.03095470008,3027.96904529992,1154.06190940016,10.9910658038111,1,Nonempty,1632.0900040919
PolBK,Local,16.9804006792259,7,1,1,4174.33480187425,3035.66519812575,1138.66960374849,10.8444724166523,1,Nonempty,1610.32199668312
PolBK,Local,17.1025618351916,7,1,1,4166.63864904841,3043.36135095159,1123.27729809682,10.6978790294935,1,Nonempty,1588.55398927433
PolBK,Local,17.2247229911572,7,1,1,4158.94249622257,3051.05750377743,1107.88499244515,10.5512856423347,1,Nonempty,1566.78598186554
PolBK,Local,17.2590546280277,7,1,1,4156.77960309974,3053.22039690026,1103.55920619947,10.5100876780902,1,Nonempty,1560.66839628898
PolBK,Local,17.2592272202999,7,1,1,4156.76872978659,3053.23127021341,1103.53745957318,10.5098805673636,1,Nonempty,1560.63764191514
PolBK,Local,17.2593998125721,7,1,1,4156.75785647344,3053.24214352656,1103.51571294688,10.5096734566369,1,Nonempty,1560.60688754129
PolBK,Local,17.3468841471229,7,1,1,4151.24634339674,3058.75365660326,1092.49268679348,10.404692255176,1,Nonempty,1545.01797445676
PolBK,Local,17.4690453030885,7,1,1,4143.5501905709,3066.4498094291,1077.1003811418,10.2580988680172,1,Nonempty,1523.24996704797
PolBK,Local,17.5912064590542,7,1,1,4135.85403774507,3074.14596225494,1061.70807549013,10.1115054808584,1,Nonempty,1501.48195963918
PolBK,Local,17.7133676150199,7,1,1,4128.15788491923,3081.84211508077,1046.31576983846,9.9649120936996,1,Nonempty,1479.71395223039
PolBK,Local,17.8355287709855,7,1,1,4120.46173209339,3089.53826790661,1030.92346418679,9.81831870654081,1,Nonempty,1457.94594482161
PolBK,Local,17.9576899269512,7,1,1,4112.76557926756,3097.23442073244,1015.53115853511,9.67172531938203,1,Nonempty,1436.17793741282
PolBK,Local,18.0798510829168,7,1,1,4105.06942644172,3104.93057355828,1000.13885288344,9.52513193222324,1,Nonempty,1414.40993000403
PolBK,Local,18.2020122388825,7,1,1,4097.37327361588,3112.62672638412,984.746547231768,9.37853854506446,1,Nonempty,1392.64192259524
PolBK,Local,18.3241733948481,7,1,1,4089.67712079005,3120.32287920995,969.354241580096,9.23194515790567,1,Nonempty,1370.87391518646
PolBK,Local,18.4463345508138,7,1,1,4081.98096796421,3128.01903203579,953.961935928423,9.08535177074689,1,Nonempty,1349.10590777767
PolBK,Local,18.5684957067794,7,1,1,4074.28481513838,3135.71518486162,938.569630276751,8.93875838358811,1,Nonempty,1327.33790036888
PolBK,Local,18.6906568627451,7,1,1,4066.58866231254,3143.41133768746,923.177324625079,8.79216499642932,1,Nonempty,1305.5698929601
PolBK,Local,18.8128180187107,7,1,1,4058.8925094867,3151.1074905133,907.785018973406,8.64557160927054,1,Nonempty,1283.80188555131
PolBK,Local,18.9349791746764,7,1,1,4051.19635666087,3158.80364333913,892.392713321733,8.49897822211175,1,Nonempty,1262.03387814252
PolBK,Local,19.0571403306421,7,1,1,4043.50020383503,3166.49979616497,877.000407670061,8.35238483495296,1,Nonempty,1240.26587073373
PolBK,Local,19.1793014866077,7,1,1,4035.80405100919,3174.19594899081,861.608102018389,8.20579144779418,1,Nonempty,1218.49786332495
PolBK,Local,19.3014626425734,7,1,1,4028.10789818336,3181.89210181664,846.215796366717,8.0591980606354,1,Nonempty,1196.72985591616
PolBK,Local,19.423623798539,7,1,1,4020.41174535752,3189.58825464248,830.823490715044,7.91260467347661,1,Nonempty,1174.96184850737
PolBK,Local,19.5457849545047,7,1,1,4012.71559253169,3197.28440746831,815.431185063372,7.76601128631783,1,Nonempty,1153.19384109859
PolBK,Local,19.6679461104703,7,1,1,4005.01943970585,3204.98056029415,800.038879411699,7.61941789915904,1,Nonempty,1131.4258336898
PolBK,Local,19.790107266436,7,1,1,3997.32328688001,3212.67671311999,784.646573760027,7.47282451200026,1,Nonempty,1109.65782628101
PolBK,Local,19.9122684224016,7,1,1,3989.62713405418,3220.37286594582,769.254268108355,7.32623112484147,1,Nonempty,1087.88981887222
PolBK,Local,20.0344295783673,7,1,1,3981.93098122834,3228.06901877166,753.861962456682,7.17963773768268,1,Nonempty,1066.12181146344
PolBK,Local,20.1213626059688,7,1,1,3976.45420048944,3233.54579951056,742.908400978886,7.07531810456082,1,Nonempty,1050.63113626525
PolBK,Local,20.1215638216071,7,1,1,3976.44152390424,3233.55847609577,742.88304780847,7.07507664579495,1,Nonempty,1050.5952814678
PolBK,Local,20.1217650372453,7,1,1,3976.42884731903,3233.57115268097,742.857694638055,7.07483518702909,1,Nonempty,1050.55942667035
PolBK,Local,20.1565907343329,7,1,1,3974.2348284025,3235.7651715975,738.469656805009,7.0330443505239,1,Nonempty,1044.35380405465
PolBK,Local,20.2787518902986,7,1,1,3966.53867557667,3243.46132442333,723.077351153337,6.88645096336511,1,Nonempty,1022.58579664586
PolBK,Local,20.4009130462643,7,1,1,3958.84252275083,3251.15747724917,707.685045501664,6.73985757620633,1,Nonempty,1000.81778923707
PolBK,Local,20.5230742022299,7,1,1,3951.146369925,3258.853630075,692.292739849992,6.59326418904755,1,Nonempty,979.049781828288
PolBK,Local,20.6452353581956,7,1,1,3943.45021709916,3266.54978290084,676.90043419832,6.44667080188876,1,Nonempty,957.2817744195
PolBK,Local,20.6896946188367,7,1,1,3940.64928367877,3269.35071632123,671.298567357542,6.39331968911945,1,Nonempty,949.359538358664
PolBK,Local,20.6899015178518,7,1,1,3940.63624904081,3269.36375095919,671.272498081629,6.39307141030123,1,Nonempty,949.322670835108
PolBK,Local,20.690108416867,7,1,1,3940.62321440286,3269.37678559714,671.246428805716,6.39282313148301,1,Nonempty,949.28580331155
PolBK,Local,20.7673965141612,7,1,1,3935.75406427332,3274.24593572668,661.508128546647,6.30007741472997,1,Nonempty,935.513767010713
PolBK,Local,20.8798376472217,7,1,1,3928.67027289051,3281.32972710949,647.340545781023,6.16514805505736,1,Nonempty,915.477779317524
PolBK,Local,20.8800464476862,7,1,1,3928.65711846125,3281.34288153875,647.314236922499,6.16489749449999,1,Nonempty,915.440572972989
PolBK,Local,20.8802552481507,7,1,1,3928.64396403199,3281.35603596801,647.287928063975,6.16464693394261,1,Nonempty,915.403366628453
PolBK,Local,20.8895576701269,7,1,1,3928.05791144749,3281.94208855251,646.115822894975,6.15348402757119,1,Nonempty,913.745759601926
PolBK,Local,21.0117188260925,7,1,1,3920.36175862165,3289.63824137835,630.723517243302,6.0068906404124,1,Nonempty,891.977752193139
PolBK,Local,21.0520024133134,7,1,1,3917.82389262674,3292.17610737326,625.647785253472,5.95855033574735,1,Nonempty,884.79958317415
PolBK,Local,21.0522129354428,7,1,1,3917.81062973259,3292.18937026741,625.621259465173,5.95829770919213,1,Nonempty,884.762070044585
PolBK,Local,21.0524234575721,7,1,1,3917.79736683844,3292.20263316156,625.594733676875,5.9580450826369,1,Nonempty,884.724556915021
PolBK,Local,21.1338799820582,7,1,1,3912.66560579582,3297.33439420419,615.33121159163,5.86029725325362,1,Nonempty,870.209744784352
PolBK,Local,21.2560411380238,7,1,1,3904.96945296998,3305.03054703002,599.938905939958,5.71370386609484,1,Nonempty,848.441737375565
PolBK,Local,21.3782022939895,7,1,1,3897.27330014414,3312.72669985586,584.546600288285,5.56711047893605,1,Nonempty,826.673729966778
PolBK,Local,21.5003634499551,7,1,1,3889.57714731831,3320.42285268169,569.154294636613,5.42051709177726,1,Nonempty,804.90572255799
PolBK,Local,21.6225246059208,7,1,1,3881.88099449247,3328.11900550753,553.76198898494,5.27392370461848,1,Nonempty,783.137715149203
PolBK,Local,21.7446857618864,7,1,1,3874.18484166663,3335.81515833337,538.369683333268,5.1273303174597,1,Nonempty,761.369707740417
PolBK,Local,21.7770073334775,7,1,1,3872.1485826564,3337.8514173436,534.297165312794,5.08854443155042,1,Nonempty,755.610297522853
PolBK,Local,21.7772251057286,7,1,1,3872.13486300458,3337.86513699542,534.269726009161,5.08828310484915,1,Nonempty,755.571492487513
PolBK,Local,21.7774428779796,7,1,1,3872.12114335276,3337.87885664724,534.242286705527,5.08802177814788,1,Nonempty,755.532687452172
PolBK,Local,21.8668469178521,7,1,1,3866.4886888408,3343.5113111592,522.977377681596,4.98073693030091,1,Nonempty,739.601700331629
PolBK,Local,21.8755242798154,7,1,1,3865.94201503711,3344.05798496289,521.884030074225,4.970324095945,1,Nonempty,738.055473316897
PolBK,Local,21.8757430372457,7,1,1,3865.928233319,3344.071766681,521.856466637998,4.97006158702855,1,Nonempty,738.016492731559
PolBK,Local,21.8759617946761,7,1,1,3865.91445160089,3344.08554839911,521.828903201771,4.96979907811211,1,Nonempty,737.977512146222
PolBK,Local,21.9890080738178,7,1,1,3858.79253601496,3351.20746398504,507.585072029923,4.83414354314213,1,Nonempty,717.833692922842
PolBK,Local,22.1111692297834,7,1,1,3851.09638318913,3358.90361681088,492.192766378251,4.68755015598334,1,Nonempty,696.065685514055
PolBK,Local,22.12565962819,7,1,1,3850.18348808951,3359.81651191049,490.366976179017,4.6701616778954,1,Nonempty,693.48362825225
PolBK,Local,22.1258808869989,7,1,1,3850.16954878455,3359.83045121545,490.339097569099,4.66989616732475,1,Nonempty,693.444201944004
PolBK,Local,22.1261021458078,7,1,1,3850.15560947959,3359.84439052041,490.311218959182,4.66963065675411,1,Nonempty,693.404775635759
PolBK,Local,22.1798960696365,7,1,1,3846.76659227838,3363.23340772162,483.533184556756,4.60507794815958,1,Nonempty,683.819187457617
PolBK,Local,22.1801178708152,7,1,1,3846.75261880412,3363.24738119588,483.505237608239,4.60481178674514,1,Nonempty,683.779664503998
PolBK,Local,22.180339671994,7,1,1,3846.73864532986,3363.26135467014,483.477290659722,4.60454562533069,1,Nonempty,683.740141550378
PolBK,Local,22.2185527961804,7,1,1,3844.33121850611,3365.66878149389,478.662437012226,4.55868987630692,1,Nonempty,676.930910221248
PolBK,Local,22.2187749839303,7,1,1,3844.31722067787,3365.68277932213,478.634441355747,4.55842325100711,1,Nonempty,676.891318384167
PolBK,Local,22.2189971716801,7,1,1,3844.30322284963,3365.69677715037,478.606445699267,4.55815662570731,1,Nonempty,676.851726547086
PolBK,Local,22.2333303857491,7,1,1,3843.40023036329,3366.59976963671,476.800460726578,4.54095676882455,1,Nonempty,674.297678105267
PolBK,Local,22.3217213074044,7,1,1,3837.831602299,3372.168397701,465.663204598004,4.43488766283813,1,Nonempty,658.547219440615
PolBK,Local,22.3219445268497,7,1,1,3837.81753947395,3372.18246052605,465.6350789479,4.43461979950381,1,Nonempty,658.507443764787
PolBK,Local,22.322167746295,7,1,1,3837.8034766489,3372.1965233511,465.606953297797,4.43435193616949,1,Nonempty,658.46766808896
PolBK,Local,22.3554915417147,7,1,1,3835.70407753745,3374.29592246255,461.408155074906,4.39436338166577,1,Nonempty,652.52967069648
PolBK,Local,22.3684378673094,7,1,1,3834.88845902499,3375.11154097501,459.776918049982,4.37882779095221,1,Nonempty,650.222753172388
PolBK,Local,22.3686615539249,7,1,1,3834.87436676821,3375.12563323179,459.748733536424,4.37855936701357,1,Nonempty,650.182894251066
PolBK,Local,22.3688852405404,7,1,1,3834.86027451143,3375.13972548857,459.720549022867,4.37829094307492,1,Nonempty,650.143035329743
PolBK,Local,22.4191453663004,7,1,1,3831.69388658856,3378.30611341144,453.387773177114,4.31797879216299,1,Nonempty,641.187137841212
PolBK,Local,22.419369559996,7,1,1,3831.67976238573,3378.32023761427,453.359524771469,4.31770975972827,1,Nonempty,641.147188562832
PolBK,Local,22.4195937536916,7,1,1,3831.66563818291,3378.33436181709,453.331276365823,4.31744072729355,1,Nonempty,641.107239284452
PolBK,Local,22.4288204668742,7,1,1,3831.08435525241,3378.91564474759,452.168710504813,4.30636867147441,1,Nonempty,639.46312287666
PolBK,Local,22.4290447573218,7,1,1,3831.07022495421,3378.92977504579,452.140449908419,4.30609952293732,1,Nonempty,639.423156357959
PolBK,Local,22.4292690477693,7,1,1,3831.05609465601,3378.94390534399,452.112189312024,4.30583037440023,1,Nonempty,639.383189839257
PolBK,Local,22.4488217345291,7,1,1,3829.82427539014,3380.17572460986,449.64855078029,4.28236715028848,1,Nonempty,635.899078814893
PolBK,Local,22.4490462249914,7,1,1,3829.81013249102,3380.18986750898,449.620264982046,4.28209776173377,1,Nonempty,635.859076655394
PolBK,Local,22.4492707154536,7,1,1,3829.7959895919,3380.2040104081,449.591979183802,4.28182837317907,1,Nonempty,635.819074495896
PolBK,Local,22.4606622411981,7,1,1,3829.07832347,3380.92167653,448.156646940006,4.26815854228577,1,Nonempty,633.789208170207
PolBK,Local,22.4608868500666,7,1,1,3829.06417311129,3380.93582688871,448.128346222575,4.26788901164357,1,Nonempty,633.749184911791
PolBK,Local,22.4611114589351,7,1,1,3829.05002275257,3380.94997724743,448.100045505143,4.26761948100137,1,Nonempty,633.709161653375
PolBK,Local,22.476403525121,7,1,1,3828.08662258286,3381.91337741714,446.173245165714,4.24926900157823,1,Nonempty,630.984254481369
PolBK,Local,22.4766282914039,7,1,1,3828.07246230703,3381.92753769297,446.144924614067,4.24899928203873,1,Nonempty,630.944203173136
PolBK,Local,22.4768530576868,7,1,1,3828.05830203121,3381.94169796879,446.116604062419,4.24872956249923,1,Nonempty,630.904151864902
PolBK,Local,22.4776526976804,7,1,1,3828.00792471162,3381.99207528838,446.015849423233,4.24776999450698,1,Nonempty,630.761663287693
PolBK,Local,22.4846540249062,7,1,1,3827.56684109639,3382.43315890361,445.133682192774,4.23936840183595,1,Nonempty,629.514090426097
PolBK,Local,22.484878873695,7,1,1,3827.5526756227,3382.4473243773,445.105351245393,4.23909858328946,1,Nonempty,629.474024416075
PolBK,Local,22.4851037224837,7,1,1,3827.53851014901,3382.46148985099,445.077020298012,4.23882876474298,1,Nonempty,629.433958406055
PolBK,Local,22.4889940180294,7,1,1,3827.29342152963,3382.70657847037,444.586843059262,4.23416041008821,1,Nonempty,628.740743107047
PolBK,Local,22.4892189102185,7,1,1,3827.27925332172,3382.72074667828,444.558506643435,4.23389053946128,1,Nonempty,628.700669363475
PolBK,Local,22.4894438024076,7,1,1,3827.2650851138,3382.7349148862,444.530170227608,4.23362066883436,1,Nonempty,628.660595619904
PolBK,Local,22.5074866218246,7,1,1,3826.12838749053,3383.87161250947,442.256774981066,4.21196928553397,1,Nonempty,625.44552922961
PolBK,Local,22.5077116989415,7,1,1,3826.11420763216,3383.88579236784,442.228415264326,4.21169919299358,1,Nonempty,625.40542253357
PolBK,Local,22.5079367760585,7,1,1,3826.10002777379,3383.89997222621,442.200055547585,4.21142910045319,1,Nonempty,625.36531583753
PolBK,Local,22.5147589765775,7,1,1,3825.67022914109,3384.32977085891,441.34045828219,4.20324245983038,1,Nonempty,624.14966172663
PolBK,Local,22.5149841264188,7,1,1,3825.6560447011,3384.3439552989,441.31208940219,4.20297228002086,1,Nonempty,624.109542071786
PolBK,Local,22.5152092762601,7,1,1,3825.6418602611,3384.3581397389,441.283720522191,4.20270210021135,1,Nonempty,624.069422416942
PolBK,Local,22.5162694816351,7,1,1,3825.57506732247,3384.42493267753,441.150134644939,4.20142985376133,1,Nonempty,623.880503457591
PolBK,Local,22.5164946465816,7,1,1,3825.56088193084,3384.43911806916,441.121763861684,4.20115965582557,1,Nonempty,623.840381111136
PolBK,Local,22.516719811528,7,1,1,3825.54669653921,3384.45330346079,441.093393078429,4.2008894578898,1,Nonempty,623.800258764682
PolBK,Local,22.5224302014582,7,1,1,3825.18694197361,3384.81305802639,440.373883947224,4.19403698997356,1,Nonempty,622.78271919308
PolBK,Local,22.5226554280125,7,1,1,3825.17275270069,3384.82724729931,440.345505401384,4.19376671810842,1,Nonempty,622.742585868673
PolBK,Local,22.5228806545668,7,1,1,3825.15856342777,3384.84143657223,440.317126855545,4.19349644624328,1,Nonempty,622.702452544266
PolBK,Local,22.5390004159002,7,1,1,3824.14301846377,3385.85698153623,438.286036927541,4.17415273264325,1,Nonempty,619.830057621684
PolBK,Local,22.5392258081582,7,1,1,3824.12881875151,3385.87118124849,438.257637503023,4.17388226193355,1,Nonempty,619.789894770367
PolBK,Local,22.5394512004163,7,1,1,3824.11461903925,3385.88538096075,438.229238078505,4.17361179122385,1,Nonempty,619.749731919049
PolBK,Local,22.5456183821257,7,1,1,3823.72608659156,3386.27391340844,437.452173183126,4.16621117317263,1,Nonempty,618.650796205161
PolBK,Local,22.5457949373102,7,1,1,3823.71496361494,3386.28503638506,437.429927229874,4.16599930695118,1,Nonempty,618.619335676363
PolBK,Local,22.5458438405641,7,1,1,3823.71188270994,3386.28811729006,437.423765419887,4.16594062304655,1,Nonempty,618.610621561112
PolBK,Local,22.5460203975142,7,1,1,3823.70075962209,3386.29924037791,437.401519244173,4.1657287547064,1,Nonempty,618.579160717705
PolBK,Local,22.5460692990025,7,1,1,3823.69767882832,3386.30232117168,437.395357656648,4.16567007292046,1,Nonempty,618.570446917063
PolBK,Local,22.5462458577182,7,1,1,3823.68655562924,3386.31344437076,437.373111258472,4.16545820246164,1,Nonempty,618.538985759048
PolBK,Local,22.5555943187716,7,1,1,3823.09760258287,3386.90239741713,436.195205165736,4.15424004919748,1,Nonempty,616.873174987498
PolBK,Local,22.5558198769704,7,1,1,3823.08339241635,3386.91660758365,436.166784832691,4.15396937935896,1,Nonempty,616.832982567059
PolBK,Local,22.5560454351692,7,1,1,3823.06918224982,3386.93081775018,436.138364499645,4.15369870952043,1,Nonempty,616.792790146619
PolBK,Local,22.599813853646,7,1,1,3820.31177188578,3389.68822811422,430.623543771561,4.1011766073482,1,Nonempty,608.993655878906
PolBK,Local,22.605988874742,7,1,1,3819.92274555673,3390.07725444327,429.845491113467,4.09376658203302,1,Nonempty,607.893323257589
PolBK,Local,22.6062149368914,7,1,1,3819.90850364132,3390.09149635868,429.817007282647,4.09349530745378,1,Nonempty,607.853041037734
PolBK,Local,22.6064409990407,7,1,1,3819.89426172591,3390.10573827409,429.788523451826,4.09322403287454,1,Nonempty,607.81275881788
PolBK,Local,22.6247993628886,7,1,1,3818.7376848035,3391.2623151965,427.475369606998,4.07119399625712,1,Nonempty,604.541465278668
PolBK,Local,22.6250256131447,7,1,1,3818.72343103736,3391.27656896264,427.446862074726,4.07092249594977,1,Nonempty,604.501149539899
PolBK,Local,22.6252518634009,7,1,1,3818.70917727123,3391.29082272877,427.418354542453,4.07065099564241,1,Nonempty,604.46083380113
PolBK,Local,22.6305994859767,7,1,1,3818.37227704895,3391.62772295105,426.744554097897,4.0642338485514,1,Nonempty,603.507936074106
PolBK,Local,22.6308257942346,7,1,1,3818.3580196287,3391.6419803713,426.716039257396,4.06396227864187,1,Nonempty,603.46760999994
PolBK,Local,22.6310521024926,7,1,1,3818.34376220845,3391.65623779155,426.687524416895,4.06369070873234,1,Nonempty,603.427283925775
PolBK,Local,22.6781381463464,7,1,1,3815.37734144566,3394.62265855434,420.754682891317,4.00718745610778,1,Nonempty,595.036978976891
PolBK,Local,22.6783649299957,7,1,1,3815.36305407575,3394.63694592425,420.726108151505,4.00691531572862,1,Nonempty,594.996568192308
PolBK,Local,22.678591713645,7,1,1,3815.34876670585,3394.65123329415,420.697533411694,4.00664317534946,1,Nonempty,594.956157407726
PolBK,Local,22.7084022025227,7,1,1,3813.47070590655,3396.52929409345,416.941411813095,3.97087058869614,1,Nonempty,589.644199301065
PolBK,Local,22.7086292888156,7,1,1,3813.4563994701,3396.5436005299,416.912798940191,3.97059808514468,1,Nonempty,589.603734588145
PolBK,Local,22.7088563751085,7,1,1,3813.44209303364,3396.55790696636,416.884186067287,3.97032558159321,1,Nonempty,589.563269875226
PolBK,Local,22.7219750096117,7,1,1,3812.61561905994,3397.38438094006,415.231238119889,3.95458322018941,1,Nonempty,587.225648470118
PolBK,Local,22.7800487569052,7,1,1,3808.95697298045,3401.04302701955,407.913945960905,3.8848947234372,1,Nonempty,576.877434659038
PolBK,Local,22.7802765596708,7,1,1,3808.94262140622,3401.05737859378,407.885242812441,3.88462136011848,1,Nonempty,576.836842277196
PolBK,Local,22.7805043624364,7,1,1,3808.92826983199,3401.07173016801,407.856539663975,3.88434799679976,1,Nonempty,576.796249895354
PolBK,Local,22.8441361655773,7,1,1,3804.91946623411,3405.08053376589,399.838932468216,3.80798983303063,1,Nonempty,565.457641061331
PolBK,Local,22.966297321543,7,1,1,3797.22331340827,3412.77668659173,384.446626816543,3.66139644587184,1,Nonempty,543.689633652544
PolBK,Local,23.0305854551775,7,1,1,3793.1731609893,3416.8268390107,376.346321978596,3.58425068551044,1,Nonempty,532.234072691362
PolBK,Local,23.0308157633351,7,1,1,3793.15865157537,3416.84134842463,376.317303150734,3.58397431572128,1,Nonempty,532.193033871436
PolBK,Local,23.0310460714928,7,1,1,3793.14414216144,3416.85585783856,376.288284322873,3.58369794593212,1,Nonempty,532.15199505151
PolBK,Local,23.0884584775086,7,1,1,3789.52716058244,3420.47283941756,369.054321164871,3.51480305871306,1,Nonempty,521.921626243757
PolBK,Local,23.2106196334743,7,1,1,3781.8310077566,3428.1689922434,353.662015513199,3.36820967155428,1,Nonempty,500.15361883497
PolBK,Local,23.33278078944,7,1,1,3774.13485493076,3435.86514506924,338.269709861526,3.22161628439549,1,Nonempty,478.385611426182
PolBK,Local,23.4549419454056,7,1,1,3766.43870210493,3443.56129789507,322.877404209854,3.0750228972367,1,Nonempty,456.617604017395
PolBK,Local,23.5771031013713,7,1,1,3758.74254927909,3451.25745072091,307.485098558182,2.92842951007792,1,Nonempty,434.849596608608
PolBK,Local,23.6992642573369,7,1,1,3751.04639645325,3458.95360354675,292.092792906509,2.78183612291914,1,Nonempty,413.081589199821
PolBK,Local,23.8214254133026,7,1,1,3743.35024362742,3466.64975637258,276.700487254837,2.63524273576035,1,Nonempty,391.313581791034
PolBK,Local,23.9435865692682,7,1,1,3735.65409080158,3474.34590919842,261.308181603164,2.48864934860157,1,Nonempty,369.545574382247
PolBK,Local,24.0657477252339,7,1,1,3727.95793797575,3482.04206202425,245.915875951492,2.34205596144278,1,Nonempty,347.77756697346
PolBK,Local,24.1879088811995,7,1,1,3720.26178514991,3489.73821485009,230.523570299819,2.19546257428399,1,Nonempty,326.009559564672
PolBK,Local,24.3068498419091,7,1,1,3712.7685046252,3497.2314953748,215.537009250409,2.05273342143247,1,Nonempty,304.815361675264
PolBK,Local,24.3070929128383,7,1,1,3712.75319115667,3497.24680884333,215.506382313339,2.05244173631752,1,Nonempty,304.772048645486
PolBK,Local,24.3073359837674,7,1,1,3712.73787768813,3497.26212231187,215.475755376269,2.05215005120256,1,Nonempty,304.728735615707
PolBK,Local,24.3100700371652,7,1,1,3712.56563232407,3497.43436767593,215.131264648147,2.04886918712521,1,Nonempty,304.241552155886
PolBK,Local,24.4322311931308,7,1,1,3704.86947949824,3505.13052050176,199.738958996475,1.90227579996643,1,Nonempty,282.473544747099
PolBK,Local,24.5543923490965,7,1,1,3697.1733266724,3512.8266733276,184.346653344802,1.75568241280764,1,Nonempty,260.705537338311
PolBK,Local,24.6765535050621,7,1,1,3689.47717384657,3520.52282615344,168.95434769313,1.60908902564886,1,Nonempty,238.937529929524
PolBK,Local,24.7987146610278,7,1,1,3681.78102102073,3528.21897897927,153.562042041457,1.46249563849007,1,Nonempty,217.169522520736
PolBK,Local,24.8973384904844,7,1,1,3675.56771976496,3534.43228023504,141.135439529923,1.34414704314212,1,Nonempty,199.595652714705
PolBK,Local,24.8975874663591,7,1,1,3675.55203428486,3534.44796571514,141.104068569716,1.34384827209253,1,Nonempty,199.551287477315
PolBK,Local,24.8978364422337,7,1,1,3675.53634880475,3534.46365119525,141.072697609508,1.34354950104294,1,Nonempty,199.506922239925
PolBK,Local,24.9208758169935,7,1,1,3674.08486819489,3535.91513180511,138.169736389785,1.31590225133128,1,Nonempty,195.401515111949
PolBK,Local,25.0430369729591,7,1,1,3666.38871536906,3543.61128463094,122.777430738112,1.1693088641725,1,Nonempty,173.633507703162
PolBK,Local,25.1279926621972,7,1,1,3661.03650694706,3548.96349305295,112.07301389411,1.06736203708676,1,Nonempty,158.495176225079
PolBK,Local,25.1282439446367,7,1,1,3661.02067615337,3548.97932384663,112.04135230674,1.06706049815943,1,Nonempty,158.450399978814
PolBK,Local,25.1284952270761,7,1,1,3661.00484535968,3548.99515464032,112.00969071937,1.06675895923209,1,Nonempty,158.405623732548
PolBK,Local,25.1651981289248,7,1,1,3658.69256254322,3551.30743745678,107.38512508644,1.02271547701371,1,Nonempty,151.865500294375
PolBK,Local,25.2873592848904,7,1,1,3650.99640971738,3559.00359028262,91.9928194347676,0.87612208985493,1,Nonempty,130.097492885588
PolBK,Local,25.4095204408561,7,1,1,3643.30025689155,3566.69974310845,76.6005137830953,0.729528702696145,1,Nonempty,108.329485476801
PolBK,Local,25.5316815968217,7,1,1,3635.60410406571,3574.39589593429,61.2082081314225,0.582935315537357,1,Nonempty,86.5614780680128
PolBK,Local,25.6538427527874,7,1,1,3627.90795123988,3582.09204876013,45.8159024797505,0.436341928378577,1,Nonempty,64.7934706592263
PolBK,Local,25.776003908753,7,1,1,3620.21179841404,3589.78820158596,30.4235968280782,0.289748541219792,1,Nonempty,43.0254632504393
PolBK,Local,25.8981650647187,7,1,1,3612.5156455882,3597.4843544118,15.0312911764054,0.143155154061004,1,Nonempty,21.2574558416515
PolBK,Local,26.0172008518259,7,1,1,3605.01639100045,3604.98360899955,0.0327820008933486,0.000312209532317606,1,Nonempty,0.0463607502651005
PolBK,Local,26.0174610264362,7,1,1,3605,3605,0,0,NaN,Boundary,0
PolBK,Local,26.0177212010465,7,1,1,3604.98360899955,3605.01639100045,-0.0327820008933486,-0.000312209532317606,0,Empty,NaN
PolBK,Local,26.0203262206843,7,1,1,3604.81949276237,3605.18050723763,-0.361014475266984,-0.0034382330977808,0,Empty,NaN
PolBK,Local,26.14248737665,7,1,1,3597.12333993653,3612.87666006347,-15.7533201269393,-0.150031620256565,0,Empty,NaN
PolBK,Local,26.2646485326157,7,1,1,3589.42718711069,3620.57281288931,-31.1456257786112,-0.296625007415345,0,Empty,NaN
PolBK,Local,26.3868096885813,7,1,1,3581.73103428486,3628.26896571514,-46.5379314302841,-0.443218394574134,0,Empty,NaN
PolBK,Local,26.508970844547,7,1,1,3574.03488145902,3635.96511854098,-61.9302370819564,-0.589811781732918,0,Empty,NaN
PolBK,Local,26.6311320005126,7,1,1,3566.33872863319,3643.66127136681,-77.3225427336288,-0.736405168891703,0,Empty,NaN
PolBK,Local,26.7532931564783,7,1,1,3558.64257580735,3651.35742419265,-92.7148483853016,-0.882998556050491,0,Empty,NaN
PolBK,Local,26.8754543124439,7,1,1,3550.94642298151,3659.05357701849,-108.107154036974,-1.02959194320928,0,Empty,NaN
PolBK,Local,26.9976154684096,7,1,1,3543.25027015568,3666.74972984432,-123.499459688646,-1.17618533036806,0,Empty,NaN
PolBK,Local,27.1197766243752,7,1,1,3535.55411732984,3674.44588267016,-138.891765340319,-1.32277871752684,0,Empty,NaN
PolBK,Local,27.2419377803409,7,1,1,3527.857964504,3682.142035496,-154.284070991991,-1.46937210468563,0,Empty,NaN
PolBK,Local,27.3640989363065,7,1,1,3520.16181167817,3689.83818832183,-169.676376643664,-1.61596549184442,0,Empty,NaN
PolBK,Local,27.4862600922722,7,1,1,3512.46565885233,3697.53434114767,-185.068682295337,-1.76255887900321,0,Empty,NaN
PolBK,Local,27.6084212482379,7,1,1,3504.7695060265,3705.2304939735,-200.460987947009,-1.90915226616199,0,Empty,NaN
PolBK,Local,27.7305824042035,7,1,1,3497.07335320066,3712.92664679934,-215.853293598681,-2.05574565332077,0,Empty,NaN
PolBK,Local,27.8527435601692,7,1,1,3489.37720037482,3720.62279962518,-231.245599250353,-2.20233904047956,0,Empty,NaN
PolBK,Local,27.9749047161348,7,1,1,3481.68104754899,3728.31895245101,-246.637904902026,-2.34893242763834,0,Empty,NaN
PolBK,Local,28.0970658721005,7,1,1,3473.98489472315,3736.01510527685,-262.030210553698,-2.49552581479712,0,Empty,NaN
PolBK,Local,28.2192270280661,7,1,1,3466.28874189732,3743.71125810268,-277.42251620537,-2.6421192019559,0,Empty,NaN
PolBK,Local,28.3413881840318,7,1,1,3458.59258907148,3751.40741092852,-292.814821857043,-2.7887125891147,0,Empty,NaN
PolBK,Local,28.4635493399974,7,1,1,3450.89643624564,3759.10356375436,-308.207127508716,-2.93530597627348,0,Empty,NaN
PolBK,Local,28.5857104959631,7,1,1,3443.20028341981,3766.79971658019,-323.599433160388,-3.08189936343227,0,Empty,NaN
PolBK,Local,28.7078716519287,7,1,1,3435.50413059397,3774.49586940603,-338.99173881206,-3.22849275059105,0,Empty,NaN
PolBK,Local,28.8300328078944,7,1,1,3427.80797776813,3782.19202223187,-354.384044463733,-3.37508613774983,0,Empty,NaN
PolBK,Local,28.95219396386,7,1,1,3420.1118249423,3789.8881750577,-369.776350115405,-3.52167952490861,0,Empty,NaN
PolBK,Local,29.0743551198257,7,1,1,3412.41567211646,3797.58432788354,-385.168655767077,-3.6682729120674,0,Empty,NaN
PolBK,Local,29.1965162757914,7,1,1,3404.71951929062,3805.28048070938,-400.56096141875,-3.81486629922619,0,Empty,NaN
PolBK,Local,29.318677431757,7,1,1,3397.02336646479,3812.97663353521,-415.953267070422,-3.96145968638498,0,Empty,NaN
PolBK,Local,29.4408385877227,7,1,1,3389.32721363895,3820.67278636105,-431.345572722095,-4.10805307354376,0,Empty,NaN
PolBK,Local,29.5629997436883,7,1,1,3381.63106081312,3828.36893918688,-446.737878373767,-4.25464646070254,0,Empty,NaN
PolBK,Local,29.685160899654,7,1,1,3373.93490798728,3836.06509201272,-462.13018402544,-4.40123984786133,0,Empty,NaN
PolBK,Local,29.8073220556196,7,1,1,3366.23875516144,3843.76124483856,-477.522489677112,-4.54783323502011,0,Empty,NaN
PolBK,Local,29.9294832115853,7,1,1,3358.54260233561,3851.45739766439,-492.914795328784,-4.6944266221789,0,Empty,NaN
PolBK,Local,30.0516443675509,7,1,1,3350.84644950977,3859.15355049023,-508.307100980458,-4.84102000933769,0,Empty,NaN
PolBK,Local,30.1738055235166,7,1,1,3343.15029668394,3866.84970331606,-523.699406632129,-4.98761339649647,0,Empty,NaN
PolBK,Local,30.2959666794822,7,1,1,3335.4541438581,3874.5458561419,-539.091712283802,-5.13420678365526,0,Empty,NaN
PolBK,Local,30.4181278354479,7,1,1,3327.75799103226,3882.24200896774,-554.484017935474,-5.28080017081404,0,Empty,NaN
PolBK,Local,30.5402889914136,7,1,1,3320.06183820643,3889.93816179357,-569.876323587147,-5.42739355797282,0,Empty,NaN
PolBK,Local,30.6624501473792,7,1,1,3312.36568538059,3897.63431461941,-585.268629238819,-5.57398694513161,0,Empty,NaN
PolBK,Local,30.7846113033449,7,1,1,3304.66953255475,3905.33046744525,-600.660934890491,-5.72058033229039,0,Empty,NaN
PolBK,Local,30.9067724593105,7,1,1,3296.97337972892,3913.02662027108,-616.053240542164,-5.86717371944918,0,Empty,NaN
PolBK,Local,31.0289336152762,7,1,1,3289.27722690308,3920.72277309692,-631.445546193836,-6.01376710660797,0,Empty,NaN
PolBK,Local,31.1510947712418,7,1,1,3281.58107407725,3928.41892592275,-646.837851845509,-6.16036049376675,0,Empty,NaN
PolBK,Local,31.2732559272075,7,1,1,3273.88492125141,3936.11507874859,-662.230157497181,-6.30695388092554,0,Empty,NaN
PolBK,Local,31.3954170831731,7,1,1,3266.18876842557,3943.81123157443,-677.622463148854,-6.45354726808432,0,Empty,NaN
PolBK,Local,31.5175782391388,7,1,1,3258.49261559974,3951.50738440026,-693.014768800526,-6.6001406552431,0,Empty,NaN
PolBK,Local,31.6397393951044,7,1,1,3250.7964627739,3959.2035372261,-708.407074452198,-6.74673404240189,0,Empty,NaN
PolBK,Local,31.7619005510701,7,1,1,3243.10030994806,3966.89969005194,-723.799380103871,-6.89332742956068,0,Empty,NaN
PolBK,Local,31.8678089619377,7,1,1,3236.4280800634,3973.5719199366,-737.143839873191,-7.02041752260182,0,Empty,NaN
PolBK,Local,31.8681276432141,7,1,1,3236.40800314299,3973.59199685701,-737.183993714021,-7.02079994013353,0,Empty,NaN
PolBK,Local,31.8684463244906,7,1,1,3236.38792622257,3973.61207377743,-737.224147554852,-7.02118235766525,0,Empty,NaN
PolBK,Local,31.8840617070358,7,1,1,3235.40415712223,3974.59584287777,-739.191685755544,-7.03992081671946,0,Empty,NaN
PolBK,Local,32.0062228630014,7,1,1,3227.70800429639,3982.29199570361,-754.583991407216,-7.18651420387825,0,Empty,NaN
PolBK,Local,32.1283840189671,7,1,1,3220.01185147056,3989.98814852944,-769.976297058888,-7.33310759103703,0,Empty,NaN
PolBK,Local,32.2505451749327,7,1,1,3212.31569864472,3997.68430135528,-785.36860271056,-7.47970097819581,0,Empty,NaN
PolBK,Local,32.3727063308984,7,1,1,3204.61954581888,4005.38045418112,-800.760908362232,-7.62629436535459,0,Empty,NaN
PolBK,Local,32.494867486864,7,1,1,3196.92339299305,4013.07660700695,-816.153214013905,-7.77288775251338,0,Empty,NaN
PolBK,Local,32.6170286428297,7,1,1,3189.22724016721,4020.77275983279,-831.545519665578,-7.91948113967217,0,Empty,NaN
PolBK,Local,32.7391897987953,7,1,1,3181.53108734137,4028.46891265863,-846.937825317251,-8.06607452683096,0,Empty,NaN
PolBK,Local,32.861350954761,7,1,1,3173.83493451554,4036.16506548446,-862.330130968922,-8.21266791398974,0,Empty,NaN
PolBK,Local,32.9835121107266,7,1,1,3166.1387816897,4043.8612183103,-877.722436620596,-8.35926130114853,0,Empty,NaN
PolBK,Local,33.1056732666923,7,1,1,3158.44262886387,4051.55737113613,-893.114742272268,-8.50585468830731,0,Empty,NaN
PolBK,Local,33.2278344226579,7,1,1,3150.74647603803,4059.25352396197,-908.507047923939,-8.65244807546609,0,Empty,NaN
PolBK,Local,33.3499955786236,7,1,1,3143.05032321219,4066.94967678781,-923.899353575613,-8.79904146262488,0,Empty,NaN
PolBK,Local,33.4721567345893,7,1,1,3135.35417038636,4074.64582961364,-939.291659227285,-8.94563484978367,0,Empty,NaN
PolBK,Local,33.5943178905549,7,1,1,3127.65801756052,4082.34198243948,-954.683964878958,-9.09222823694246,0,Empty,NaN
PolBK,Local,33.7164790465206,7,1,1,3119.96186473469,4090.03813526531,-970.07627053063,-9.23882162410123,0,Empty,NaN
PolBK,Local,33.8386402024862,7,1,1,3112.26571190885,4097.73428809115,-985.468576182302,-9.38541501126002,0,Empty,NaN
PolBK,Local,33.9608013584519,7,1,1,3104.56955908301,4105.43044091699,-1000.86088183397,-9.5320083984188,0,Empty,NaN
PolBK,Local,34.0829625144175,7,1,1,3096.87340625718,4113.12659374282,-1016.25318748565,-9.67860178557759,0,Empty,NaN
PolBK,Local,34.2051236703832,7,1,1,3089.17725343134,4120.82274656866,-1031.64549313732,-9.82519517273637,0,Empty,NaN
PolBK,Local,34.3272848263488,7,1,1,3081.4811006055,4128.5188993945,-1047.03779878899,-9.97178855989516,0,Empty,NaN
PolBK,Local,34.4494459823145,7,1,1,3073.78494777967,4136.21505222033,-1062.43010444066,-10.1183819470539,0,Empty,NaN
PolBK,Local,34.5716071382801,7,1,1,3066.08879495383,4143.91120504617,-1077.82241009234,-10.2649753342127,0,Empty,NaN
PolBK,Local,34.6937682942458,7,1,1,3058.392642128,4151.607357872,-1093.21471574401,-10.4115687213715,0,Empty,NaN
PolBK,Local,34.8159294502114,7,1,1,3050.69648930216,4159.30351069784,-1108.60702139568,-10.5581621085303,0,Empty,NaN
PolBK,Local,34.9380906061771,7,1,1,3043.00033647632,4166.99966352368,-1123.99932704735,-10.7047554956891,0,Empty,NaN
PolBK,Local,35.0602517621428,7,1,1,3035.30418365049,4174.69581634951,-1139.39163269903,-10.8513488828479,0,Empty,NaN
PolBK,Local,35.1824129181084,7,1,1,3027.60803082465,4182.39196917535,-1154.7839383507,-10.9979422700067,0,Empty,NaN
PolBK,Local,35.3045740740741,7,1,1,3019.91187799881,4190.08812200119,-1170.17624400237,-11.1445356571654,0,Empty,NaN
PolBK,Local,35.4267352300397,7,1,1,3012.21572517298,4197.78427482702,-1185.56854965404,-11.2911290443242,0,Empty,NaN
PolBK,Local,35.5488963860054,7,1,1,3004.51957234714,4205.48042765286,-1200.96085530572,-11.437722431483,0,Empty,NaN
PolBK,Local,35.671057541971,7,1,1,2996.82341952131,4213.17658047869,-1216.35316095739,-11.5843158186418,0,Empty,NaN
PolBK,Local,35.7932186979367,7,1,1,2989.12726669547,4220.87273330453,-1231.74546660906,-11.7309092058006,0,Empty,NaN
PolBK,Local,35.9153798539023,7,1,1,2981.43111386963,4228.56888613037,-1247.13777226073,-11.8775025929594,0,Empty,NaN
PolBK,Local,36.037541009868,7,1,1,2973.7349610438,4236.2650389562,-1262.53007791241,-12.0240959801181,0,Empty,NaN
PolBK,Local,36.1597021658337,7,1,1,2966.03880821796,4243.96119178204,-1277.92238356408,-12.1706893672769,0,Empty,NaN
PolBK,Local,36.2818633217993,7,1,1,2958.34265539212,4251.65734460788,-1293.31468921575,-12.3172827544357,0,Empty,NaN
PolBK,Local,36.404024477765,7,1,1,2950.64650256629,4259.35349743371,-1308.70699486742,-12.4638761415945,0,Empty,NaN
PolBK,Local,36.5261856337306,7,1,1,2942.95034974045,4267.04965025955,-1324.09930051909,-12.6104695287533,0,Empty,NaN
PolBK,Local,36.6483467896963,7,1,1,2935.25419691462,4274.74580308538,-1339.49160617077,-12.7570629159121,0,Empty,NaN
PolBK,Global,0,7,1,1,5253.69945747634,1956.30054252366,3297.39891495268,31.4037991900255,1,Nonempty,4663.22626608041
PolBK,Global,0.122161155965654,7,1,1,5234.45907541175,1975.54092458825,3258.9181508235,31.0373157221286,1,Nonempty,4608.80624755844
PolBK,Global,0.244322311931308,7,1,1,5215.21869334716,1994.78130665284,3220.43738669432,30.6708322542316,1,Nonempty,4554.38622903648
PolBK,Global,0.366483467896963,7,1,1,5195.97831128257,2014.02168871743,3181.95662256514,30.3043487863347,1,Nonempty,4499.96621051451
PolBK,Global,0.488644623862617,7,1,1,5176.73792921798,2033.26207078202,3143.47585843596,29.9378653184377,1,Nonempty,4445.54619199254
PolBK,Global,0.610805779828271,7,1,1,5157.49754715339,2052.50245284661,3104.99509430678,29.5713818505407,1,Nonempty,4391.12617347057
PolBK,Global,0.732966935793925,7,1,1,5138.2571650888,2071.7428349112,3066.5143301776,29.2048983826438,1,Nonempty,4336.7061549486
PolBK,Global,0.85512809175958,7,1,1,5119.01678302421,2090.98321697579,3028.03356604841,28.8384149147468,1,Nonempty,4282.28613642664
PolBK,Global,0.977289247725234,7,1,1,5099.77640095962,2110.22359904038,2989.55280191923,28.4719314468498,1,Nonempty,4227.86611790467
PolBK,Global,1.09945040369089,7,1,1,5080.53601889503,2129.46398110497,2951.07203779005,28.1054479789529,1,Nonempty,4173.4460993827
PolBK,Global,1.22161155965654,7,1,1,5061.29563683044,2148.70436316956,2912.59127366087,27.7389645110559,1,Nonempty,4119.02608086073
PolBK,Global,1.3437727156222,7,1,1,5042.05525476585,2167.94474523415,2874.11050953169,27.372481043159,1,Nonempty,4064.60606233876
PolBK,Global,1.46593387158785,7,1,1,5022.81487270125,2187.18512729875,2835.62974540251,27.005997575262,1,Nonempty,4010.1860438168
PolBK,Global,1.5880950275535,7,1,1,5003.57449063666,2206.42550936334,2797.14898127333,26.639514107365,1,Nonempty,3955.76602529483
PolBK,Global,1.71025618351916,7,1,1,4984.33410857207,2225.66589142793,2758.66821714415,26.2730306394681,1,Nonempty,3901.34600677286
PolBK,Global,1.83241733948481,7,1,1,4965.09372650748,2244.90627349252,2720.18745301497,25.9065471715711,1,Nonempty,3846.92598825089
PolBK,Global,1.95457849545047,7,1,1,4945.85334444289,2264.14665555711,2681.70668888579,25.5400637036741,1,Nonempty,3792.50596972892
PolBK,Global,2.07673965141612,7,1,1,4926.6129623783,2283.3870376217,2643.2259247566,25.1735802357772,1,Nonempty,3738.08595120696
PolBK,Global,2.19890080738178,7,1,1,4907.37258031371,2302.62741968629,2604.74516062742,24.8070967678802,1,Nonempty,3683.66593268499
PolBK,Global,2.32106196334743,7,1,1,4888.13219824912,2321.86780175088,2566.26439649824,24.4406132999833,1,Nonempty,3629.24591416302
PolBK,Global,2.44322311931308,7,1,1,4868.89181618453,2341.10818381547,2527.78363236906,24.0741298320863,1,Nonempty,3574.82589564105
PolBK,Global,2.56538427527874,7,1,1,4849.65143411994,2360.34856588006,2489.30286823988,23.7076463641893,1,Nonempty,3520.40587711908
PolBK,Global,2.68754543124439,7,1,1,4830.41105205535,2379.58894794465,2450.8221041107,23.3411628962924,1,Nonempty,3465.98585859712
PolBK,Global,2.80970658721005,7,1,1,4811.17066999076,2398.82933000924,2412.34133998152,22.9746794283954,1,Nonempty,3411.56584007515
PolBK,Global,2.9318677431757,7,1,1,4791.93028792617,2418.06971207383,2373.86057585234,22.6081959604984,1,Nonempty,3357.14582155318
PolBK,Global,3.05402889914135,7,1,1,4772.68990586158,2437.31009413842,2335.37981172316,22.2417124926015,1,Nonempty,3302.72580303121
PolBK,Global,3.17619005510701,7,1,1,4753.44952379699,2456.55047620301,2296.89904759397,21.8752290247045,1,Nonempty,3248.30578450924
PolBK,Global,3.29835121107266,7,1,1,4734.2091417324,2475.7908582676,2258.41828346479,21.5087455568076,1,Nonempty,3193.88576598728
PolBK,Global,3.42051236703832,7,1,1,4714.96875966781,2495.03124033219,2219.93751933561,21.1422620889106,1,Nonempty,3139.46574746531
PolBK,Global,3.54267352300397,7,1,1,4695.72837760322,2514.27162239678,2181.45675520643,20.7757786210136,1,Nonempty,3085.04572894334
PolBK,Global,3.66483467896963,7,1,1,4676.48799553863,2533.51200446137,2142.97599107725,20.4092951531167,1,Nonempty,3030.62571042137
PolBK,Global,3.78699583493528,7,1,1,4657.24761347403,2552.75238652597,2104.49522694807,20.0428116852197,1,Nonempty,2976.2056918994
PolBK,Global,3.90915699090093,7,1,1,4638.00723140944,2571.99276859056,2066.01446281889,19.6763282173227,1,Nonempty,2921.78567337744
PolBK,Global,4.03131814686659,7,1,1,4618.76684934485,2591.23315065515,2027.53369868971,19.3098447494258,1,Nonempty,2867.36565485547
PolBK,Global,4.15347930283224,7,1,1,4599.52646728026,2610.47353271974,1989.05293456053,18.9433612815288,1,Nonempty,2812.9456363335
PolBK,Global,4.2756404587979,7,1,1,4580.28608521567,2629.71391478433,1950.57217043134,18.5768778136319,1,Nonempty,2758.52561781153
PolBK,Global,4.39780161476355,7,1,1,4561.04570315108,2648.95429684892,1912.09140630216,18.2103943457349,1,Nonempty,2704.10559928956
PolBK,Global,4.51996277072921,7,1,1,4541.80532108649,2668.19467891351,1873.61064217298,17.8439108778379,1,Nonempty,2649.6855807676
PolBK,Global,4.64212392669486,7,1,1,4522.5649390219,2687.4350609781,1835.1298780438,17.477427409941,1,Nonempty,2595.26556224563
PolBK,Global,4.76428508266051,7,1,1,4503.32455695731,2706.67544304269,1796.64911391462,17.110943942044,1,Nonempty,2540.84554372366
PolBK,Global,4.88644623862617,7,1,1,4484.08417489272,2725.91582510728,1758.16834978544,16.744460474147,1,Nonempty,2486.42552520169
PolBK,Global,5.00860739459182,7,1,1,4464.84379282813,2745.15620717187,1719.68758565626,16.3779770062501,1,Nonempty,2432.00550667972
PolBK,Global,5.13076855055748,7,1,1,4445.60341076354,2764.39658923646,1681.20682152708,16.0114935383531,1,Nonempty,2377.58548815776
PolBK,Global,5.25292970652313,7,1,1,4426.36302869895,2783.63697130105,1642.7260573979,15.6450100704562,1,Nonempty,2323.16546963579
PolBK,Global,5.37509086248879,7,1,1,4407.12264663436,2802.87735336564,1604.24529326871,15.2785266025592,1,Nonempty,2268.74545111382
PolBK,Global,5.49725201845444,7,1,1,4387.88226456977,2822.11773543023,1565.76452913953,14.9120431346622,1,Nonempty,2214.32543259185
PolBK,Global,5.61941317442009,7,1,1,4368.64188250518,2841.35811749482,1527.28376501035,14.5455596667653,1,Nonempty,2159.90541406988
PolBK,Global,5.74157433038575,7,1,1,4349.40150044059,2860.59849955941,1488.80300088117,14.1790761988683,1,Nonempty,2105.48539554792
PolBK,Global,5.8637354863514,7,1,1,4330.161118376,2879.838881624,1450.32223675199,13.8125927309713,1,Nonempty,2051.06537702595
PolBK,Global,5.98589664231706,7,1,1,4310.9207363114,2899.0792636886,1411.84147262281,13.4461092630744,1,Nonempty,1996.64535850398
PolBK,Global,6.10805779828271,7,1,1,4291.68035424681,2918.31964575319,1373.36070849363,13.0796257951774,1,Nonempty,1942.22533998201
PolBK,Global,6.23021895424836,7,1,1,4272.43997218222,2937.56002781778,1334.87994436445,12.7131423272805,1,Nonempty,1887.80532146004
PolBK,Global,6.35238011021402,7,1,1,4253.19959011763,2956.80040988237,1296.39918023527,12.3466588593835,1,Nonempty,1833.38530293808
PolBK,Global,6.47454126617967,7,1,1,4233.95920805304,2976.04079194696,1257.91841610609,11.9801753914865,1,Nonempty,1778.96528441611
PolBK,Global,6.59670242214533,7,1,1,4214.71882598845,2995.28117401155,1219.4376519769,11.6136919235896,1,Nonempty,1724.54526589414
PolBK,Global,6.71886357811098,7,1,1,4195.47844392386,3014.52155607614,1180.95688784772,11.2472084556926,1,Nonempty,1670.12524737217
PolBK,Global,6.84102473407664,7,1,1,4176.23806185927,3033.76193814073,1142.47612371854,10.8807249877956,1,Nonempty,1615.7052288502
PolBK,Global,6.96318589004229,7,1,1,4156.99767979468,3053.00232020532,1103.99535958936,10.5142415198987,1,Nonempty,1561.28521032824
PolBK,Global,7.08534704600794,7,1,1,4137.75729773009,3072.24270226991,1065.51459546018,10.1477580520017,1,Nonempty,1506.86519180627
PolBK,Global,7.18772786386532,7,1,1,4121.63231891755,3088.36768108245,1033.26463783511,9.84061559842958,1,Nonempty,1461.25686434693
PolBK,Global,7.18779974186274,7,1,1,4121.62099813296,3088.37900186704,1033.24199626592,9.84039996443733,1,Nonempty,1461.22484433271
PolBK,Global,7.18787161986016,7,1,1,4121.60967734837,3088.39032265163,1033.21935469673,9.84018433044507,1,Nonempty,1461.1928243185
PolBK,Global,7.2075082019736,7,1,1,4118.5169156655,3091.4830843345,1027.033831331,9.78127458410475,1,Nonempty,1452.4451732843
PolBK,Global,7.32966935793925,7,1,1,4099.27653360091,3110.72346639909,988.553067201818,9.41479111620779,1,Nonempty,1398.02515476233
PolBK,Global,7.35246907379743,7,1,1,4095.68557835325,3114.31442164675,981.371156706491,9.34639196863325,1,Nonempty,1387.86839953609
PolBK,Global,7.35254259922343,7,1,1,4095.67399809865,3114.32600190135,981.347996197303,9.34617139235527,1,Nonempty,1387.83564562989
PolBK,Global,7.35261612464942,7,1,1,4095.66241784406,3114.33758215594,981.324835688116,9.34595081607729,1,Nonempty,1387.80289172368
PolBK,Global,7.45183051390491,7,1,1,4080.03615153632,3129.96384846368,950.072303072637,9.04830764831083,1,Nonempty,1343.60513624036
PolBK,Global,7.57399166987056,7,1,1,4060.79576947173,3149.20423052827,911.591538943456,8.68182418041386,1,Nonempty,1289.1851177184
PolBK,Global,7.69615282583621,7,1,1,4041.55538740714,3168.44461259286,873.110774814275,8.3153407125169,1,Nonempty,1234.76509919643
PolBK,Global,7.81831398180187,7,1,1,4022.31500534255,3187.68499465745,834.630010685094,7.94885724461994,1,Nonempty,1180.34508067446
PolBK,Global,7.94047513776752,7,1,1,4003.07462327796,3206.92537672204,796.149246555912,7.58237377672297,1,Nonempty,1125.92506215249
PolBK,Global,8.06263629373318,7,1,1,3983.83424121337,3226.16575878663,757.668482426731,7.21589030882601,1,Nonempty,1071.50504363052
PolBK,Global,8.18479744969883,7,1,1,3964.59385914877,3245.40614085123,719.18771829755,6.84940684092905,1,Nonempty,1017.08502510856
PolBK,Global,8.28017384837035,7,1,1,3949.57207635801,3260.42792364199,689.144152716021,6.56327764491449,1,Nonempty,974.597007201113
PolBK,Global,8.28025665093686,7,1,1,3949.55903495379,3260.44096504621,689.11806990757,6.56302923721496,1,Nonempty,974.560120539657
PolBK,Global,8.28033945350337,7,1,1,3949.54599354956,3260.45400645044,689.09198709912,6.56278082951543,1,Nonempty,974.523233878201
PolBK,Global,8.29078597333203,7,1,1,3947.90066667655,3262.09933332345,685.801333353092,6.53144127002945,1,Nonempty,969.869546721495
PolBK,Global,8.29086888202085,7,1,1,3947.88760855806,3262.11239144194,685.775217116113,6.53119254396298,1,Nonempty,969.832612784961
PolBK,Global,8.29095179070968,7,1,1,3947.87455043957,3262.12544956043,685.749100879135,6.53094381789652,1,Nonempty,969.795678848428
PolBK,Global,8.30695860566449,7,1,1,3945.35347708418,3264.64652291582,680.70695416837,6.48292337303209,1,Nonempty,962.665006586589
PolBK,Global,8.35488870489337,7,1,1,3937.80448645564,3272.19551354436,665.60897291127,6.33913307534543,1,Nonempty,941.313236728344
PolBK,Global,8.35497225461592,7,1,1,3937.79132737433,3272.20867262567,665.582654748668,6.33888242617779,1,Nonempty,941.276017225855
PolBK,Global,8.35505580433847,7,1,1,3937.77816829303,3272.22183170697,665.556336586066,6.33863177701015,1,Nonempty,941.238797723367
PolBK,Global,8.42911976163014,7,1,1,3926.11309501959,3283.88690498041,642.226190039188,6.11643990513513,1,Nonempty,908.244988064621
PolBK,Global,8.52696458000834,7,1,1,3910.70253612503,3299.29746387497,611.405072250056,5.82290545000053,1,Nonempty,864.657345279731
PolBK,Global,8.52704985050684,7,1,1,3910.68910602151,3299.31089397849,611.378212043027,5.82264963850502,1,Nonempty,864.619359210663
PolBK,Global,8.52713512100535,7,1,1,3910.675675918,3299.324324082,611.351351835997,5.8223938270095,1,Nonempty,864.581373141593
PolBK,Global,8.55128091759579,7,1,1,3906.872712955,3303.127287045,603.745425910007,5.74995643723816,1,Nonempty,853.824969542653
PolBK,Global,8.63592962901206,7,1,1,3893.54054090694,3316.45945909306,577.081081813883,5.49601030298936,1,Nonempty,816.11589249013
PolBK,Global,8.63601598917196,7,1,1,3893.52693918176,3316.47306081824,577.053878363517,5.49575122250968,1,Nonempty,816.077421001679
PolBK,Global,8.63610234933185,7,1,1,3893.51333745657,3316.48666254343,577.02667491315,5.49549214203,1,Nonempty,816.038949513228
PolBK,Global,8.67344207356145,7,1,1,3887.63233089041,3322.36766910959,565.264661780826,5.3834729693412,1,Nonempty,799.404951020685
PolBK,Global,8.73562312488827,7,1,1,3877.83881530644,3332.16118469356,545.677630612878,5.19692981536074,1,Nonempty,771.704705896348
PolBK,Global,8.73571048199309,7,1,1,3877.82505656243,3332.17494343757,545.65011312486,5.19666774404629,1,Nonempty,771.665790291591
PolBK,Global,8.73579783909791,7,1,1,3877.81129781842,3332.18870218158,545.622595636842,5.19640567273183,1,Nonempty,771.626874686833
PolBK,Global,8.78404674389113,7,1,1,3870.21209531349,3339.78790468651,530.424190626978,5.05165895835217,1,Nonempty,750.133084195444
PolBK,Global,8.78413458523698,7,1,1,3870.19826030152,3339.80173969848,530.396520603034,5.05139543431461,1,Nonempty,750.093952872311
PolBK,Global,8.78422242658283,7,1,1,3870.18442528955,3339.81557471045,530.368850579091,5.05113191027705,1,Nonempty,750.054821549179
PolBK,Global,8.7956032295271,7,1,1,3868.39194882582,3341.60805117418,526.783897651645,5.01698950144424,1,Nonempty,744.984932498717
PolBK,Global,8.89258698336861,7,1,1,3853.11700759578,3356.88299240422,496.234015191569,4.72603823991971,1,Nonempty,701.780874394774
PolBK,Global,8.89267591012771,7,1,1,3853.10300163123,3356.89699836877,496.206003262452,4.7257714596424,1,Nonempty,701.741259544708
PolBK,Global,8.89276483688682,7,1,1,3853.08899566667,3356.91100433333,496.177991333335,4.7255046793651,1,Nonempty,701.701644694643
PolBK,Global,8.90728441998734,7,1,1,3850.80216132834,3359.19783867166,491.604322656672,4.68194593006354,1,Nonempty,695.233500422304
PolBK,Global,8.90737349372227,7,1,1,3850.78813221508,3359.21186778492,491.576264430166,4.68167870885873,1,Nonempty,695.193820097844
PolBK,Global,8.90746256745721,7,1,1,3850.77410310183,3359.22589689817,491.548206203661,4.68141148765391,1,Nonempty,695.154139773384
PolBK,Global,8.91776438549276,7,1,1,3849.15156676123,3360.84843323877,488.303133522464,4.65050603354727,1,Nonempty,690.564913976748
PolBK,Global,8.95511651775248,7,1,1,3843.26860593033,3366.73139406967,476.537211860652,4.53844963676811,1,Nonempty,673.925387988795
PolBK,Global,8.95520606981318,7,1,1,3843.25450148077,3366.74549851923,476.509002961532,4.53818098058602,1,Nonempty,673.88549458108
PolBK,Global,8.95529562187387,7,1,1,3843.24039703121,3366.75960296879,476.480794062412,4.53791232440392,1,Nonempty,673.845601173365
PolBK,Global,8.95912126700135,7,1,1,3842.63785792363,3367.36214207637,475.275715847256,4.52643538902149,1,Nonempty,672.141363217771
PolBK,Global,8.95921085910994,7,1,1,3842.62374716653,3367.37625283347,475.24749433305,4.52616661269572,1,Nonempty,672.10145196963
PolBK,Global,8.95930045121853,7,1,1,3842.60963640942,3367.39036359058,475.219272818844,4.52589783636995,1,Nonempty,672.06154072149
PolBK,Global,8.96478404337901,7,1,1,3841.74597064415,3368.25402935585,473.491941288293,4.5094470598885,1,Nonempty,669.618725044269
PolBK,Global,8.96487369211594,7,1,1,3841.73185096808,3368.26814903192,473.463701936163,4.50917811367774,1,Nonempty,669.578788569494
PolBK,Global,8.96496334085286,7,1,1,3841.71773129202,3368.28226870798,473.435462584033,4.50890916746698,1,Nonempty,669.538852094719
PolBK,Global,8.9743146079736,7,1,1,3840.2449067205,3369.7550932795,470.489813441,4.48085536610476,1,Nonempty,665.373075126649
PolBK,Global,8.97440435201712,7,1,1,3840.23077203365,3369.76922796635,470.461544067291,4.4805861339742,1,Nonempty,665.33309619495
PolBK,Global,8.97449409606064,7,1,1,3840.21663734679,3369.78336265321,470.433274693581,4.48031690184363,1,Nonempty,665.29311726325
PolBK,Global,8.97452490499112,7,1,1,3840.21178494024,3369.78821505976,470.423569880479,4.48022447505218,1,Nonempty,665.279392584941
PolBK,Global,8.97461465113763,7,1,1,3840.19764992216,3369.80235007784,470.395299844328,4.47995523661265,1,Nonempty,665.239412716408
PolBK,Global,8.97470439728414,7,1,1,3840.18351490409,3369.81648509591,470.367029808177,4.47968599817312,1,Nonempty,665.199432847875
PolBK,Global,8.98503224306695,7,1,1,3838.5568791933,3371.4431208067,467.113758386592,4.44870246082469,1,Nonempty,660.598612281388
PolBK,Global,8.9851220942879,7,1,1,3838.542727626,3371.457272374,467.085455251995,4.44843290716186,1,Nonempty,660.558585604583
PolBK,Global,8.98521194550884,7,1,1,3838.5285760587,3371.4714239413,467.057152117397,4.44816335349902,1,Nonempty,660.518558927777
PolBK,Global,8.98712433639839,7,1,1,3838.2273744936,3371.7726255064,466.45474898719,4.44242618083038,1,Nonempty,659.666632251022
PolBK,Global,8.98721420854047,7,1,1,3838.21321963122,3371.78678036878,466.426439262433,4.44215656440413,1,Nonempty,659.626596254324
PolBK,Global,8.98730408068256,7,1,1,3838.19906476884,3371.80093523116,466.398129537676,4.44188694797787,1,Nonempty,659.586560257625
PolBK,Global,8.98891529313116,7,1,1,3837.94529880818,3372.05470119182,465.890597616367,4.43705331063207,1,Nonempty,658.868801731172
PolBK,Global,8.98900518318299,7,1,1,3837.93114112502,3372.06885887498,465.86228225004,4.43678364047657,1,Nonempty,658.828757756089
PolBK,Global,8.98909507323483,7,1,1,3837.91698344186,3372.08301655814,465.833966883712,4.43651397032107,1,Nonempty,658.788713781006
PolBK,Global,8.9954967525962,7,1,1,3836.90871894244,3373.09128105756,463.817437884878,4.41730893223694,1,Nonempty,655.936911121936
PolBK,Global,8.99558670846329,7,1,1,3836.89455089337,3373.10544910663,463.789101786747,4.41703906463568,1,Nonempty,655.896837827653
PolBK,Global,8.99567666433037,7,1,1,3836.88038284431,3373.11961715569,463.760765688615,4.41676919703443,1,Nonempty,655.856764533371
PolBK,Global,8.99918957234718,7,1,1,3836.32709983166,3373.67290016834,462.654199663321,4.40623047298401,1,Nonempty,654.291843852739
PolBK,Global,8.99927956514283,7,1,1,3836.31292596635,3373.68707403365,462.625851932692,4.40596049459706,1,Nonempty,654.25175410762
PolBK,Global,8.99936955793848,7,1,1,3836.29875210103,3373.70124789897,462.597504202061,4.40569051621011,1,Nonempty,654.2116643625
PolBK,Global,9.00228395916643,7,1,1,3835.83973390763,3374.16026609237,461.679467815256,4.39694731252625,1,Nonempty,652.913364853528
PolBK,Global,9.00237398290626,7,1,1,3835.8255551686,3374.1744448314,461.65111033721,4.39667724130676,1,Nonempty,652.87326132348
PolBK,Global,9.00246400664609,7,1,1,3835.81137642958,3374.18862357042,461.622752859163,4.39640717008727,1,Nonempty,652.833157793432
PolBK,Global,9.00756352162496,7,1,1,3835.00820282041,3374.99179717959,460.01640564082,4.38110862515066,1,Nonempty,650.561439771371
PolBK,Global,9.00765359816094,7,1,1,3834.99401576599,3375.00598423401,459.988031531986,4.38083839554272,1,Nonempty,650.521312721837
PolBK,Global,9.00774367469692,7,1,1,3834.97982871158,3375.02017128842,459.959657423151,4.38056816593478,1,Nonempty,650.481185672303
PolBK,Global,9.0089671911551,7,1,1,3834.78712486941,3375.21287513059,459.574249738827,4.37689761656026,1,Nonempty,649.936136898089
PolBK,Global,9.00905728172791,7,1,1,3834.77293560419,3375.22706439581,459.54587120839,4.37662734484181,1,Nonempty,649.896003595464
PolBK,Global,9.00914737230073,7,1,1,3834.75874633898,3375.24125366102,459.517492677952,4.37635707312335,1,Nonempty,649.855870292839
PolBK,Global,9.01209135202732,7,1,1,3834.29506953204,3375.70493046796,458.590139064078,4.3675251339436,1,Nonempty,648.544394234983
PolBK,Global,9.01218147384205,7,1,1,3834.28087534622,3375.71912465378,458.561750692435,4.36725476849938,1,Nonempty,648.504247014792
PolBK,Global,9.01227159565679,7,1,1,3834.2666811604,3375.7333188396,458.533362320793,4.36698440305517,1,Nonempty,648.464099794602
PolBK,Global,9.01567605245605,7,1,1,3833.73047921451,3376.26952078549,457.460958429026,4.35677103265739,1,Nonempty,646.947491666523
PolBK,Global,9.01576621011815,7,1,1,3833.71627938273,3376.28372061727,457.432558765464,4.35650055967109,1,Nonempty,646.907328477147
PolBK,Global,9.01585636778025,7,1,1,3833.70207955095,3376.29792044905,457.404159101903,4.35623008668479,1,Nonempty,646.867165287772
PolBK,Global,9.01801077857193,7,1,1,3833.36275985126,3376.63724014874,456.725519702523,4.34976685430974,1,Nonempty,645.907424245208
PolBK,Global,9.01810095958153,7,1,1,3833.34855634225,3376.65144365775,456.697112684501,4.34949631128096,1,Nonempty,645.867250655054
PolBK,Global,9.01819114059112,7,1,1,3833.33435283324,3376.66564716676,456.668705666478,4.34922576825217,1,Nonempty,645.827077064901
PolBK,Global,9.03260374082072,7,1,1,3831.06436829708,3378.93563170292,452.128736594154,4.30598796756338,1,Nonempty,639.406591230066
PolBK,Global,9.0326940677614,7,1,1,3831.05014180392,3378.94985819608,452.100283607841,4.30571698674134,1,Nonempty,639.366352630931
PolBK,Global,9.03278439470208,7,1,1,3831.03591531076,3378.96408468924,452.071830621528,4.30544600591931,1,Nonempty,639.326114031797
PolBK,Global,9.03992554145841,7,1,1,3829.91118469664,3380.08881530336,449.822369393282,4.28402256565031,1,Nonempty,636.14489545478
PolBK,Global,9.04273982823953,7,1,1,3829.46793452861,3380.53206547139,448.935869057229,4.27557970530694,1,Nonempty,634.891194656485
PolBK,Global,9.0428302565421,7,1,1,3829.45369207096,3380.54630792904,448.907384141921,4.27530842039925,1,Nonempty,634.850910902933
PolBK,Global,9.04292068484467,7,1,1,3829.43944961331,3380.56055038669,448.878899226613,4.27503713549155,1,Nonempty,634.810627149382
PolBK,Global,9.04717499076328,7,1,1,3828.76939643112,3381.23060356888,447.538792862249,4.26227421773571,1,Nonempty,632.915430553876
PolBK,Global,9.04726546341791,7,1,1,3828.75514698802,3381.24485301198,447.51029397604,4.26200279977181,1,Nonempty,632.875127042486
PolBK,Global,9.04735593607255,7,1,1,3828.74089754492,3381.25910245508,447.48179508983,4.26173138180791,1,Nonempty,632.834823531096
PolBK,Global,9.10438556992821,7,1,1,3819.75873021265,3390.24126978735,429.517460425297,4.09064248024093,1,Nonempty,607.429417809505
PolBK,Global,9.10447661469435,7,1,1,3819.74439066198,3390.25560933802,429.488781323961,4.09036934594248,1,Nonempty,607.388859435438
PolBK,Global,9.1045676594605,7,1,1,3819.73005111131,3390.26994888869,429.460102222624,4.09009621164404,1,Nonempty,607.348301061371
PolBK,Global,9.11975038774126,7,1,1,3817.33877140709,3392.66122859291,424.677542814185,4.04454802680176,1,Nonempty,600.584740683101
PolBK,Global,9.11984158615712,7,1,1,3817.32440765659,3392.67559234341,424.648815313189,4.04427443155418,1,Nonempty,600.54411386158
PolBK,Global,9.11993278457298,7,1,1,3817.3100439061,3392.6899560939,424.620087812193,4.0440008363066,1,Nonempty,600.503487040057
PolBK,Global,9.14867403267506,7,1,1,3812.78329733002,3397.21670266998,415.566594660038,3.95777709200036,1,Nonempty,587.699914237428
PolBK,Global,9.14876552033027,7,1,1,3812.76888802432,3397.23111197568,415.537776048649,3.95750262903475,1,Nonempty,587.659158566353
PolBK,Global,9.14885700798547,7,1,1,3812.75447871863,3397.24552128137,415.50895743726,3.95722816606914,1,Nonempty,587.618402895278
PolBK,Global,9.15963967338747,7,1,1,3811.05620891782,3398.94379108218,412.112417835631,3.92488016986315,1,Nonempty,582.814970525517
PolBK,Global,9.15973127070017,7,1,1,3811.04178234106,3398.95821765894,412.083564682128,3.92460537792503,1,Nonempty,582.774166004516
PolBK,Global,9.15982286801288,7,1,1,3811.02735576431,3398.97264423569,412.054711528625,3.92433058598691,1,Nonempty,582.733361483515
PolBK,Global,9.16208669742407,7,1,1,3810.67080263205,3399.32919736795,411.341605264102,3.91753909775335,1,Nonempty,581.724876932813
PolBK,Global,9.16734097416254,7,1,1,3809.84325404574,3400.15674595426,409.686508091481,3.90177626753792,1,Nonempty,579.384216064248
PolBK,Global,9.16743264848903,7,1,1,3809.82881533932,3400.17118466068,409.657630678638,3.90150124455846,1,Nonempty,579.343377235359
PolBK,Global,9.16752432281551,7,1,1,3809.8143766329,3400.1856233671,409.628753265795,3.901226221579,1,Nonempty,579.30253840647
PolBK,Global,9.28424785338972,7,1,1,3791.43042056746,3418.56957943254,372.860841134921,3.55105562985639,1,Nonempty,527.304858410845
PolBK,Global,9.40640900935537,7,1,1,3772.19003850287,3437.80996149713,334.38007700574,3.18457216195943,1,Nonempty,472.884839888877
PolBK,Global,9.52857016532103,7,1,1,3752.94965643828,3457.05034356172,295.899312876559,2.81808869406246,1,Nonempty,418.464821366909
PolBK,Global,9.60578959341049,7,1,1,3740.78759651419,3469.21240348581,271.575193028379,2.58643040979409,1,Nonempty,384.065321184825
PolBK,Global,9.60588565226701,7,1,1,3740.77246724429,3469.22753275571,271.544934488575,2.58614223322452,1,Nonempty,384.022529147456
PolBK,Global,9.60598171112353,7,1,1,3740.75733797438,3469.24266202562,271.51467594877,2.58585405665495,1,Nonempty,383.979737110086
PolBK,Global,9.6297043030257,7,1,1,3737.02102974979,3472.97897025021,264.042059499587,2.51468628094844,1,Nonempty,373.411861581239
PolBK,Global,9.62980060103171,7,1,1,3737.00586281385,3472.99413718615,264.011725627694,2.51439738693041,1,Nonempty,373.368963008209
PolBK,Global,9.62989689903772,7,1,1,3736.9906958779,3473.0093041221,263.9813917558,2.51410849291238,1,Nonempty,373.326064435178
PolBK,Global,9.64390235484305,7,1,1,3734.78483658856,3475.21516341144,259.569673177121,2.47209212549639,1,Nonempty,367.086952187837
PolBK,Global,9.643998794831,7,1,1,3734.76964729046,3475.23035270954,259.539294580918,2.47180280553255,1,Nonempty,367.04399036508
PolBK,Global,9.64409523481895,7,1,1,3734.75445799236,3475.24554200764,259.508915984714,2.47151348556871,1,Nonempty,367.001028542323
PolBK,Global,9.65073132128668,7,1,1,3733.70927437369,3476.29072562631,257.418548747378,2.4516052261655,1,Nonempty,364.044802844941
PolBK,Global,9.77289247725234,7,1,1,3714.4688923091,3495.5311076909,218.937784618196,2.08512175826854,1,Nonempty,309.624784322973
PolBK,Global,9.89505363321799,7,1,1,3695.22851024451,3514.77148975549,180.457020489015,1.71863829037157,1,Nonempty,255.204765801005
PolBK,Global,10.0172147891836,7,1,1,3675.98812817992,3534.01187182008,141.976256359834,1.35215482247461,1,Nonempty,200.784747279037
PolBK,Global,10.1393759451493,7,1,1,3656.74774611533,3553.25225388467,103.495492230653,0.985671354577646,1,Nonempty,146.364728757069
PolBK,Global,10.261537101115,7,1,1,3637.50736405074,3572.49263594926,65.014728101472,0.619187886680685,1,Nonempty,91.9447102351009
PolBK,Global,10.3836982570806,7,1,1,3618.26698198615,3591.73301801385,26.5339639722906,0.25270441878372,1,Nonempty,37.5246917131325
PolBK,Global,10.4678283840112,7,1,1,3605.01648699457,3604.98351300543,0.0329739891490135,0.000314037991895367,1,Nonempty,0.0466322626600782
PolBK,Global,10.4679330633418,7,1,1,3605,3605,0,0,NaN,Boundary,0
PolBK,Global,10.4680377426725,7,1,1,3604.98351300543,3605.01648699457,-0.0329739891494683,-0.000314037991899698,0,Empty,NaN
PolBK,Global,10.5058594130463,7,1,1,3599.02659992156,3610.97340007844,-11.9468001568898,-0.113779049113236,0,Empty,NaN
PolBK,Global,10.6280205690119,7,1,1,3579.78621785696,3630.21378214304,-50.4275642860712,-0.480262517010202,0,Empty,NaN
PolBK,Global,10.7501817249776,7,1,1,3560.54583579237,3649.45416420763,-88.9083284152525,-0.846745984907167,0,Empty,NaN
PolBK,Global,10.8723428809432,7,1,1,3541.30545372778,3668.69454627222,-127.389092544433,-1.21322945280412,0,Empty,NaN
PolBK,Global,10.9945040369089,7,1,1,3522.06507166319,3687.93492833681,-165.869856673614,-1.57971292070109,0,Empty,NaN
PolBK,Global,11.1166651928745,7,1,1,3502.8246895986,3707.1753104014,-204.350620802796,-1.94619638859805,0,Empty,NaN
PolBK,Global,11.2388263488402,7,1,1,3483.58430753401,3726.41569246599,-242.831384931977,-2.31267985649502,0,Empty,NaN
PolBK,Global,11.3609875048058,7,1,1,3464.34392546942,3745.65607453058,-281.312149061157,-2.67916332439198,0,Empty,NaN
PolBK,Global,11.4831486607715,7,1,1,3445.10354340483,3764.89645659517,-319.792913190339,-3.04564679228894,0,Empty,NaN
PolBK,Global,11.6053098167371,7,1,1,3425.86316134024,3784.13683865976,-358.27367731952,-3.4121302601859,0,Empty,NaN
PolBK,Global,11.7274709727028,7,1,1,3406.62277927565,3803.37722072435,-396.754441448701,-3.77861372808287,0,Empty,NaN
PolBK,Global,11.8496321286685,7,1,1,3387.38239721106,3822.61760278894,-435.235205577882,-4.14509719597983,0,Empty,NaN
PolBK,Global,11.9717932846341,7,1,1,3368.14201514647,3841.85798485353,-473.715969707063,-4.51158066387679,0,Empty,NaN
PolBK,Global,12.0301728266809,7,1,1,3358.9472372741,3851.0527627259,-492.105525451807,-4.68671929001721,0,Empty,NaN
PolBK,Global,12.0302931296122,7,1,1,3358.92828956242,3851.07171043758,-492.143420875165,-4.6870801988111,0,Empty,NaN
PolBK,Global,12.0304134325435,7,1,1,3358.90934185074,3851.09065814926,-492.181316298524,-4.68744110760499,0,Empty,NaN
PolBK,Global,12.0939544405998,7,1,1,3348.90163308188,3861.09836691812,-512.196733836244,-4.87806413177375,0,Empty,NaN
PolBK,Global,12.2161155965654,7,1,1,3329.66125101729,3880.33874898271,-550.677497965425,-5.24454759967071,0,Empty,NaN
PolBK,Global,12.3382767525311,7,1,1,3310.4208689527,3899.5791310473,-589.158262094606,-5.61103106756768,0,Empty,NaN
PolBK,Global,12.4604379084967,7,1,1,3291.18048688811,3918.81951311189,-627.639026223787,-5.97751453546464,0,Empty,NaN
PolBK,Global,12.5825990644624,7,1,1,3271.94010482352,3938.05989517648,-666.119790352969,-6.34399800336161,0,Empty,NaN
PolBK,Global,12.704760220428,7,1,1,3252.69972275893,3957.30027724107,-704.600554482149,-6.71048147125856,0,Empty,NaN
PolBK,Global,12.8269213763937,7,1,1,3233.45934069433,3976.54065930567,-743.081318611331,-7.07696493915553,0,Empty,NaN
PolBK,Global,12.9490825323593,7,1,1,3214.21895862974,3995.78104137026,-781.562082740512,-7.44344840705249,0,Empty,NaN
PolBK,Global,13.071243688325,7,1,1,3194.97857656515,4015.02142343485,-820.042846869693,-7.80993187494945,0,Empty,NaN
PolBK,Global,13.1934048442907,7,1,1,3175.73819450056,4034.26180549944,-858.523610998874,-8.17641534284642,0,Empty,NaN
PolBK,Global,13.3155660002563,7,1,1,3156.49781243597,4053.50218756403,-897.004375128055,-8.54289881074338,0,Empty,NaN
PolBK,Global,13.437727156222,7,1,1,3137.25743037138,4072.74256962862,-935.485139257235,-8.90938227864034,0,Empty,NaN
PolBK,Global,13.5598883121876,7,1,1,3118.01704830679,4091.98295169321,-973.965903386417,-9.27586574653731,0,Empty,NaN
PolBK,Global,13.6820494681533,7,1,1,3098.7766662422,4111.2233337578,-1012.4466675156,-9.64234921443428,0,Empty,NaN
PolBK,Global,13.8042106241189,7,1,1,3079.53628417761,4130.46371582239,-1050.92743164478,-10.0088326823312,0,Empty,NaN
PolBK,Global,13.9263717800846,7,1,1,3060.29590211302,4149.70409788698,-1089.40819577396,-10.3753161502282,0,Empty,NaN
PolBK,Global,14.0485329360502,7,1,1,3041.05552004843,4168.94447995157,-1127.88895990314,-10.7417996181252,0,Empty,NaN
PolBK,Global,14.1706940920159,7,1,1,3021.81513798384,4188.18486201616,-1166.36972403232,-11.1082830860221,0,Empty,NaN
PolBK,Global,14.2928552479815,7,1,1,3002.57475591925,4207.42524408075,-1204.8504881615,-11.4747665539191,0,Empty,NaN
PolBK,Global,14.4150164039472,7,1,1,2983.33437385466,4226.66562614534,-1243.33125229068,-11.841250021816,0,Empty,NaN
PolBK,Global,14.5371775599129,7,1,1,2964.09399179007,4245.90600820993,-1281.81201641987,-12.207733489713,0,Empty,NaN
PolBK,Global,14.6593387158785,7,1,1,2944.85360972548,4265.14639027452,-1320.29278054905,-12.57421695761,0,Empty,NaN
PolBK,Global,14.7814998718442,7,1,1,2925.61322766089,4284.38677233911,-1358.77354467823,-12.9407004255069,0,Empty,NaN
PolBK,Global,14.9036610278098,7,1,1,2906.3728455963,4303.6271544037,-1397.25430880741,-13.3071838934039,0,Empty,NaN
PolBK,Global,15.0258221837755,7,1,1,2887.1324635317,4322.86753646829,-1435.73507293659,-13.6736673613009,0,Empty,NaN
PolBK,Global,15.1479833397411,7,1,1,2867.89208146711,4342.10791853289,-1474.21583706577,-14.0401508291978,0,Empty,NaN
PolBK,Global,15.2701444957068,7,1,1,2848.65169940252,4361.34830059748,-1512.69660119495,-14.4066342970948,0,Empty,NaN
PolBK,Global,15.3923056516724,7,1,1,2829.41131733793,4380.58868266207,-1551.17736532413,-14.7731177649917,0,Empty,NaN
PolBK,Global,15.5144668076381,7,1,1,2810.17093527334,4399.82906472666,-1589.65812945331,-15.1396012328887,0,Empty,NaN
PolBK,Global,15.6366279636037,7,1,1,2790.93055320875,4419.06944679125,-1628.1388935825,-15.5060847007857,0,Empty,NaN
PolBK,Global,15.7587891195694,7,1,1,2771.69017114416,4438.30982885584,-1666.61965771168,-15.8725681686826,0,Empty,NaN
PolBK,Global,15.880950275535,7,1,1,2752.44978907957,4457.55021092043,-1705.10042184086,-16.2390516365796,0,Empty,NaN
PolBK,Global,16.0031114315007,7,1,1,2733.20940701498,4476.79059298502,-1743.58118597004,-16.6055351044766,0,Empty,NaN
PolBK,Global,16.1252725874664,7,1,1,2713.96902495039,4496.03097504961,-1782.06195009922,-16.9720185723735,0,Empty,NaN
PolBK,Global,16.247433743432,7,1,1,2694.7286428858,4515.2713571142,-1820.5427142284,-17.3385020402705,0,Empty,NaN
PolBK,Global,16.3695948993977,7,1,1,2675.48826082121,4534.51173917879,-1859.02347835758,-17.7049855081675,0,Empty,NaN
PolBK,Global,16.3920409991349,7,1,1,2671.95300011259,4538.04699988741,-1866.09399977482,-17.7723238073793,0,Empty,NaN
PolBK,Global,16.3922049211842,7,1,1,2671.92718238984,4538.07281761016,-1866.14563522033,-17.7728155735269,0,Empty,NaN
PolBK,Global,16.3923688432334,7,1,1,2671.90136466709,4538.09863533291,-1866.19727066583,-17.7733073396745,0,Empty,NaN
PolBK,Global,16.4917560553633,7,1,1,2656.24787875662,4553.75212124338,-1897.50424248676,-18.0714689760644,0,Empty,NaN
PolBK,Global,16.613917211329,7,1,1,2637.00749669203,4572.99250330797,-1935.98500661594,-18.4379524439614,0,Empty,NaN
PolBK,Global,16.7360783672946,7,1,1,2617.76711462744,4592.23288537256,-1974.46577074513,-18.8044359118583,0,Empty,NaN
PolBK,Global,16.8582395232603,7,1,1,2598.52673256285,4611.47326743715,-2012.94653487431,-19.1709193797553,0,Empty,NaN
PolBK,Global,16.9804006792259,7,1,1,2579.28635049826,4630.71364950174,-2051.42729900349,-19.5374028476523,0,Empty,NaN
PolBK,Global,17.1025618351916,7,1,1,2560.04596843367,4649.95403156633,-2089.90806313267,-19.9038863155492,0,Empty,NaN
PolBK,Global,17.2247229911572,7,1,1,2540.80558636908,4669.19441363092,-2128.38882726185,-20.2703697834462,0,Empty,NaN
PolBK,Global,17.2590546280277,7,1,1,2535.39835356198,4674.60164643802,-2139.20329287603,-20.3733646940575,0,Empty,NaN
PolBK,Global,17.2592272202999,7,1,1,2535.37117027911,4674.62882972089,-2139.25765944178,-20.3738824708741,0,Empty,NaN
PolBK,Global,17.2593998125721,7,1,1,2535.34398699624,4674.65601300376,-2139.31202600752,-20.3744002476907,0,Empty,NaN
PolBK,Global,17.3468841471229,7,1,1,2521.56520430449,4688.43479569552,-2166.86959139103,-20.6368532513431,0,Empty,NaN
PolBK,Global,17.4690453030885,7,1,1,2502.32482223989,4707.67517776011,-2205.35035552021,-21.0033367192401,0,Empty,NaN
PolBK,Global,17.5912064590542,7,1,1,2483.0844401753,4726.9155598247,-2243.83111964939,-21.3698201871371,0,Empty,NaN
PolBK,Global,17.7133676150199,7,1,1,2463.84405811071,4746.15594188929,-2282.31188377857,-21.736303655034,0,Empty,NaN
PolBK,Global,17.8355287709855,7,1,1,2444.60367604612,4765.39632395388,-2320.79264790776,-22.102787122931,0,Empty,NaN
PolBK,Global,17.9576899269512,7,1,1,2425.36329398153,4784.63670601847,-2359.27341203694,-22.469270590828,0,Empty,NaN
PolBK,Global,18.0798510829168,7,1,1,2406.12291191694,4803.87708808306,-2397.75417616612,-22.8357540587249,0,Empty,NaN
PolBK,Global,18.2020122388825,7,1,1,2386.88252985235,4823.11747014765,-2436.2349402953,-23.2022375266219,0,Empty,NaN
PolBK,Global,18.3241733948481,7,1,1,2367.64214778776,4842.35785221224,-2474.71570442448,-23.5687209945188,0,Empty,NaN
PolBK,Global,18.4463345508138,7,1,1,2348.40176572317,4861.59823427683,-2513.19646855366,-23.9352044624158,0,Empty,NaN
PolBK,Global,18.5684957067794,7,1,1,2329.16138365858,4880.83861634142,-2551.67723268284,-24.3016879303128,0,Empty,NaN
PolBK,Global,18.6906568627451,7,1,1,2309.92100159399,4900.07899840601,-2590.15799681202,-24.6681713982097,0,Empty,NaN
PolBK,Global,18.8128180187107,7,1,1,2290.6806195294,4919.3193804706,-2628.6387609412,-25.0346548661067,0,Empty,NaN
PolBK,Global,18.9349791746764,7,1,1,2271.44023746481,4938.55976253519,-2667.11952507038,-25.4011383340037,0,Empty,NaN
PolBK,Global,19.0571403306421,7,1,1,2252.19985540022,4957.80014459978,-2705.60028919956,-25.7676218019006,0,Empty,NaN
PolBK,Global,19.1793014866077,7,1,1,2232.95947333563,4977.04052666437,-2744.08105332875,-26.1341052697976,0,Empty,NaN
PolBK,Global,19.3014626425734,7,1,1,2213.71909127104,4996.28090872896,-2782.56181745793,-26.5005887376945,0,Empty,NaN
PolBK,Global,19.423623798539,7,1,1,2194.47870920645,5015.52129079355,-2821.04258158711,-26.8670722055915,0,Empty,NaN
PolBK,Global,19.5457849545047,7,1,1,2175.23832714186,5034.76167285815,-2859.52334571629,-27.2335556734885,0,Empty,NaN
PolBK,Global,19.6679461104703,7,1,1,2155.99794507726,5054.00205492274,-2898.00410984547,-27.6000391413854,0,Empty,NaN
PolBK,Global,19.790107266436,7,1,1,2136.75756301267,5073.24243698733,-2936.48487397465,-27.9665226092824,0,Empty,NaN
PolBK,Global,19.9122684224016,7,1,1,2117.51718094808,5092.48281905192,-2974.96563810383,-28.3330060771794,0,Empty,NaN
PolBK,Global,20.0344295783673,7,1,1,2098.27679888349,5111.72320111651,-3013.44640223301,-28.6994895450763,0,Empty,NaN
PolBK,Global,20.1213626059688,7,1,1,2084.58484703625,5125.41515296375,-3040.8303059275,-28.960288627881,0,Empty,NaN
PolBK,Global,20.1215638216071,7,1,1,2084.55315557323,5125.44684442677,-3040.89368885354,-28.9608922747956,0,Empty,NaN
PolBK,Global,20.1217650372453,7,1,1,2084.52146411021,5125.47853588979,-3040.95707177958,-28.9614959217103,0,Empty,NaN
PolBK,Global,20.1565907343329,7,1,1,2079.0364168189,5130.9635831811,-3051.92716636219,-29.0659730129733,0,Empty,NaN
PolBK,Global,20.2787518902986,7,1,1,2059.79603475431,5150.20396524569,-3090.40793049138,-29.4324564808703,0,Empty,NaN
PolBK,Global,20.4009130462643,7,1,1,2040.55565268972,5169.44434731028,-3128.88869462056,-29.7989399487672,0,Empty,NaN
PolBK,Global,20.5230742022299,7,1,1,2021.31527062513,5188.68472937487,-3167.36945874974,-30.1654234166642,0,Empty,NaN
PolBK,Global,20.6452353581956,7,1,1,2002.07488856054,5207.92511143946,-3205.85022287892,-30.5319068845611,0,Empty,NaN
PolBK,Global,20.6896946188367,7,1,1,1995.07255500957,5214.92744499043,-3219.85488998086,-30.6652846664844,0,Empty,NaN
PolBK,Global,20.6899015178518,7,1,1,1995.03996841468,5214.96003158532,-3219.92006317065,-30.66590536353,0,Empty,NaN
PolBK,Global,20.690108416867,7,1,1,1995.00738181979,5214.99261818021,-3219.98523636043,-30.6665260605755,0,Empty,NaN
PolBK,Global,20.7673965141612,7,1,1,1982.83450649595,5227.16549350405,-3244.3309870081,-30.8983903524581,0,Empty,NaN
PolBK,Global,20.8798376472217,7,1,1,1965.12502803892,5244.87497196108,-3279.74994392216,-31.2357137516396,0,Empty,NaN
PolBK,Global,20.8800464476862,7,1,1,1965.09214196576,5244.90785803424,-3279.81571606847,-31.2363401530331,0,Empty,NaN
PolBK,Global,20.8802552481507,7,1,1,1965.05925589261,5244.94074410739,-3279.88148821478,-31.2369665544265,0,Empty,NaN
PolBK,Global,20.8895576701269,7,1,1,1963.59412443136,5246.40587556864,-3282.81175113728,-31.2648738203551,0,Empty,NaN
PolBK,Global,21.0117188260925,7,1,1,1944.35374236677,5265.64625763323,-3321.29251526646,-31.631357288252,0,Empty,NaN
PolBK,Global,21.0520024133134,7,1,1,1938.00907737948,5271.99092262052,-3333.98184524104,-31.7522080499146,0,Empty,NaN
PolBK,Global,21.0522129354428,7,1,1,1937.97592014411,5272.02407985589,-3334.04815971179,-31.7528396163027,0,Empty,NaN
PolBK,Global,21.0524234575721,7,1,1,1937.94276290873,5272.05723709127,-3334.11447418253,-31.7534711826908,0,Empty,NaN
PolBK,Global,21.1338799820582,7,1,1,1925.11336030218,5284.88663969782,-3359.77327939564,-31.997840756149,0,Empty,NaN
PolBK,Global,21.2560411380238,7,1,1,1905.87297823759,5304.12702176241,-3398.25404352482,-32.364324224046,0,Empty,NaN
PolBK,Global,21.3782022939895,7,1,1,1886.632596173,5323.367403827,-3436.73480765401,-32.7308076919429,0,Empty,NaN
PolBK,Global,21.5003634499551,7,1,1,1867.39221410841,5342.60778589159,-3475.21557178319,-33.0972911598399,0,Empty,NaN
PolBK,Global,21.6225246059208,7,1,1,1848.15183204382,5361.84816795618,-3513.69633591237,-33.4637746277368,0,Empty,NaN
PolBK,Global,21.7446857618864,7,1,1,1828.91144997923,5381.08855002077,-3552.17710004155,-33.8302580956338,0,Empty,NaN
PolBK,Global,21.7770073334775,7,1,1,1823.82080245363,5386.17919754637,-3562.35839509273,-33.927222810407,0,Empty,NaN
PolBK,Global,21.7772251057286,7,1,1,1823.78650332409,5386.21349667591,-3562.42699335182,-33.9278761271602,0,Empty,NaN
PolBK,Global,21.7774428779796,7,1,1,1823.75220419455,5386.24779580545,-3562.4955916109,-33.9285294439133,0,Empty,NaN
PolBK,Global,21.8668469178521,7,1,1,1809.67106791464,5400.32893208536,-3590.65786417073,-34.1967415635308,0,Empty,NaN
PolBK,Global,21.8755242798154,7,1,1,1808.30438340542,5401.69561659458,-3593.39123318916,-34.2227736494205,0,Empty,NaN
PolBK,Global,21.8757430372457,7,1,1,1808.26992911014,5401.73007088986,-3593.46014177972,-34.2234299217117,0,Empty,NaN
PolBK,Global,21.8759617946761,7,1,1,1808.23547481485,5401.76452518515,-3593.52905037029,-34.2240861940028,0,Empty,NaN
PolBK,Global,21.9890080738178,7,1,1,1790.43068585004,5419.56931414996,-3629.13862829991,-34.5632250314277,0,Empty,NaN
PolBK,Global,22.1111692297834,7,1,1,1771.19030378545,5438.80969621455,-3667.61939242909,-34.9297084993247,0,Empty,NaN
PolBK,Global,22.12565962819,7,1,1,1768.90806603641,5441.09193396359,-3672.18386792718,-34.9731796945445,0,Empty,NaN
PolBK,Global,22.1258808869989,7,1,1,1768.87321777401,5441.12678222599,-3672.25356445197,-34.9738434709712,0,Empty,NaN
PolBK,Global,22.1261021458078,7,1,1,1768.83836951162,5441.16163048838,-3672.32326097677,-34.9745072473978,0,Empty,NaN
PolBK,Global,22.1798960696365,7,1,1,1760.36582650859,5449.63417349141,-3689.26834698283,-35.1358890188841,0,Empty,NaN
PolBK,Global,22.1801178708152,7,1,1,1760.33089282294,5449.66910717706,-3689.33821435412,-35.1365544224202,0,Empty,NaN
PolBK,Global,22.180339671994,7,1,1,1760.29595913729,5449.70404086271,-3689.40808172541,-35.1372198259563,0,Empty,NaN
PolBK,Global,22.2185527961804,7,1,1,1754.27739207792,5455.72260792208,-3701.44521584415,-35.2518591985157,0,Empty,NaN
PolBK,Global,22.2187749839303,7,1,1,1754.24239750732,5455.75760249268,-3701.51520498535,-35.2525257617652,0,Empty,NaN
PolBK,Global,22.2189971716801,7,1,1,1754.20740293672,5455.79259706328,-3701.58519412655,-35.2531923250148,0,Empty,NaN
PolBK,Global,22.2333303857491,7,1,1,1751.94992172086,5458.05007827914,-3706.10015655827,-35.2961919672217,0,Empty,NaN
PolBK,Global,22.3217213074044,7,1,1,1738.02835156015,5471.97164843985,-3733.94329687971,-35.5613647321877,0,Empty,NaN
PolBK,Global,22.3219445268497,7,1,1,1737.99319449752,5472.00680550248,-3734.01361100497,-35.5620343905235,0,Empty,NaN
PolBK,Global,22.322167746295,7,1,1,1737.95803743489,5472.04196256511,-3734.08392513023,-35.5627040488593,0,Empty,NaN
PolBK,Global,22.3554915417147,7,1,1,1732.70953965627,5477.29046034373,-3744.58092068745,-35.6626754351186,0,Empty,NaN
PolBK,Global,22.3684378673094,7,1,1,1730.67049337512,5479.32950662488,-3748.65901324976,-35.7015144119025,0,Empty,NaN
PolBK,Global,22.3686615539249,7,1,1,1730.63526273317,5479.36473726683,-3748.72947453366,-35.7021854717491,0,Empty,NaN
PolBK,Global,22.3688852405404,7,1,1,1730.60003209122,5479.39996790878,-3748.79993581755,-35.7028565315957,0,Empty,NaN
PolBK,Global,22.4191453663004,7,1,1,1722.68406228403,5487.31593771597,-3764.63187543193,-35.8536369088756,0,Empty,NaN
PolBK,Global,22.419369559996,7,1,1,1722.64875177698,5487.35124822302,-3764.70249644605,-35.8543094899624,0,Empty,NaN
PolBK,Global,22.4195937536916,7,1,1,1722.61344126992,5487.38655873008,-3764.77311746016,-35.8549820710492,0,Empty,NaN
PolBK,Global,22.4288204668742,7,1,1,1721.16023394366,5488.83976605634,-3767.67953211269,-35.882662210597,0,Empty,NaN
PolBK,Global,22.4290447573218,7,1,1,1721.12490819816,5488.87509180184,-3767.75018360367,-35.8833350819397,0,Empty,NaN
PolBK,Global,22.4292690477693,7,1,1,1721.08958245267,5488.91041754733,-3767.82083509466,-35.8840079532825,0,Empty,NaN
PolBK,Global,22.4488217345291,7,1,1,1718.010034288,5491.989965712,-3773.97993142399,-35.9426660135619,0,Empty,NaN
PolBK,Global,22.4490462249914,7,1,1,1717.9746770402,5492.0253229598,-3774.0506459196,-35.9433394849486,0,Empty,NaN
PolBK,Global,22.4492707154536,7,1,1,1717.93931979239,5492.06068020761,-3774.12136041521,-35.9440129563354,0,Empty,NaN
PolBK,Global,22.4606622411981,7,1,1,1716.14515448765,5493.85484551235,-3777.7096910247,-35.9781875335686,0,Empty,NaN
PolBK,Global,22.4608868500666,7,1,1,1716.10977859086,5493.89022140914,-3777.78044281828,-35.9788613601741,0,Empty,NaN
PolBK,Global,22.4611114589351,7,1,1,1716.07440269407,5493.92559730593,-3777.85119461186,-35.9795351867796,0,Empty,NaN
PolBK,Global,22.476403525121,7,1,1,1713.66590226978,5496.33409773022,-3782.66819546043,-36.0254113853375,0,Empty,NaN
PolBK,Global,22.4766282914039,7,1,1,1713.63050158022,5496.36949841978,-3782.73899683955,-36.0260856841862,0,Empty,NaN
PolBK,Global,22.4768530576868,7,1,1,1713.59510089066,5496.40489910934,-3782.80979821867,-36.026759983035,0,Empty,NaN
PolBK,Global,22.4776526976804,7,1,1,1713.46915759168,5496.53084240832,-3783.06168481664,-36.0291589030156,0,Empty,NaN
PolBK,Global,22.4846540249062,7,1,1,1712.36644855361,5497.63355144639,-3785.26710289278,-36.0501628846932,0,Empty,NaN
PolBK,Global,22.484878873695,7,1,1,1712.33103486938,5497.66896513062,-3785.33793026124,-36.0508374310594,0,Empty,NaN
PolBK,Global,22.4851037224837,7,1,1,1712.29562118516,5497.70437881484,-3785.40875762969,-36.0515119774256,0,Empty,NaN
PolBK,Global,22.4889940180294,7,1,1,1711.68289963672,5498.31710036328,-3786.63420072656,-36.0631828640625,0,Empty,NaN
PolBK,Global,22.4892189102185,7,1,1,1711.64747911693,5498.35252088307,-3786.70504176613,-36.0638575406298,0,Empty,NaN
PolBK,Global,22.4894438024076,7,1,1,1711.61205859715,5498.38794140285,-3786.7758828057,-36.0645322171971,0,Empty,NaN
PolBK,Global,22.5074866218246,7,1,1,1708.77031453897,5501.22968546103,-3792.45937092205,-36.1186606754481,0,Empty,NaN
PolBK,Global,22.5077116989415,7,1,1,1708.73486489305,5501.26513510695,-3792.53027021391,-36.1193359067991,0,Empty,NaN
PolBK,Global,22.5079367760585,7,1,1,1708.69941524712,5501.30058475288,-3792.60116950576,-36.1200111381501,0,Empty,NaN
PolBK,Global,22.5147589765775,7,1,1,1707.62491866538,5502.37508133462,-3794.75016266924,-36.1404777397071,0,Empty,NaN
PolBK,Global,22.5149841264188,7,1,1,1707.58945756538,5502.41054243462,-3794.82108486924,-36.1411531892309,0,Empty,NaN
PolBK,Global,22.5152092762601,7,1,1,1707.55399646538,5502.44600353462,-3794.89200706924,-36.1418286387547,0,Empty,NaN
PolBK,Global,22.5162694816351,7,1,1,1707.38701411881,5502.61298588119,-3795.22597176237,-36.1450092548797,0,Empty,NaN
PolBK,Global,22.5164946465816,7,1,1,1707.35155063975,5502.64844936025,-3795.29689872051,-36.1456847497191,0,Empty,NaN
PolBK,Global,22.516719811528,7,1,1,1707.31608716068,5502.68391283932,-3795.36782567865,-36.1463602445585,0,Empty,NaN
PolBK,Global,22.5224302014582,7,1,1,1706.41670074667,5503.58329925333,-3797.16659850666,-36.1634914143491,0,Empty,NaN
PolBK,Global,22.5226554280125,7,1,1,1706.38122756437,5503.61877243563,-3797.23754487126,-36.164167094012,0,Empty,NaN
PolBK,Global,22.5228806545668,7,1,1,1706.34575438207,5503.65424561793,-3797.30849123586,-36.1648427736748,0,Empty,NaN
PolBK,Global,22.5390004159002,7,1,1,1703.80689197207,5506.19310802793,-3802.38621605587,-36.2132020576749,0,Empty,NaN
PolBK,Global,22.5392258081582,7,1,1,1703.77139269142,5506.22860730858,-3802.45721461716,-36.2138782344492,0,Empty,NaN
PolBK,Global,22.5394512004163,7,1,1,1703.73589341077,5506.26410658923,-3802.52821317846,-36.2145544112234,0,Empty,NaN
PolBK,Global,22.5456183821257,7,1,1,1702.76456229155,5507.23543770845,-3804.4708754169,-36.2330559563515,0,Empty,NaN
PolBK,Global,22.5457949373102,7,1,1,1702.73675484998,5507.26324515002,-3804.52649030004,-36.2335856219051,0,Empty,NaN
PolBK,Global,22.5458438405641,7,1,1,1702.7290525875,5507.2709474125,-3804.541894825,-36.2337323316667,0,Empty,NaN
PolBK,Global,22.5460203975142,7,1,1,1702.70124486786,5507.29875513214,-3804.59751026429,-36.234262002517,0,Empty,NaN
PolBK,Global,22.5460692990025,7,1,1,1702.69354288345,5507.30645711655,-3804.6129142331,-36.2344087069819,0,Empty,NaN
PolBK,Global,22.5462458577182,7,1,1,1702.66573488573,5507.33426511427,-3804.66853022854,-36.2349383831289,0,Empty,NaN
PolBK,Global,22.5555943187716,7,1,1,1701.19335226981,5508.80664773019,-3807.61329546038,-36.2629837662893,0,Empty,NaN
PolBK,Global,22.5558198769704,7,1,1,1701.1578268535,5508.8421731465,-3807.68434629299,-36.2636604408856,0,Empty,NaN
PolBK,Global,22.5560454351692,7,1,1,1701.1223014372,5508.8776985628,-3807.75539712561,-36.264337115482,0,Empty,NaN
PolBK,Global,22.599813853646,7,1,1,1694.22877552709,5515.77122447291,-3821.54244894582,-36.3956423709125,0,Empty,NaN
PolBK,Global,22.605988874742,7,1,1,1693.25620970447,5516.74379029553,-3823.48758059105,-36.4141674342005,0,Empty,NaN
PolBK,Global,22.6062149368914,7,1,1,1693.22060491595,5516.77939508405,-3823.5587901681,-36.4148456206486,0,Empty,NaN
PolBK,Global,22.6064409990407,7,1,1,1693.18500012742,5516.81499987258,-3823.62999974515,-36.4155238070967,0,Empty,NaN
PolBK,Global,22.6247993628886,7,1,1,1690.29355782139,5519.70644217861,-3829.41288435722,-36.4705988986402,0,Empty,NaN
PolBK,Global,22.6250256131447,7,1,1,1690.25792340605,5519.74207659395,-3829.4841531879,-36.4712776494086,0,Empty,NaN
PolBK,Global,22.6252518634009,7,1,1,1690.22228899071,5519.77771100929,-3829.55542201859,-36.471956400177,0,Empty,NaN
PolBK,Global,22.6305994859767,7,1,1,1689.38003843501,5520.61996156499,-3831.23992312998,-36.4879992679045,0,Empty,NaN
PolBK,Global,22.6308257942346,7,1,1,1689.34439488439,5520.65560511561,-3831.31121023123,-36.4886781926784,0,Empty,NaN
PolBK,Global,22.6310521024926,7,1,1,1689.30875133376,5520.69124866624,-3831.38249733248,-36.4893571174522,0,Empty,NaN
PolBK,Global,22.6781381463464,7,1,1,1681.89269942679,5528.10730057321,-3846.21460114643,-36.6306152490136,0,Empty,NaN
PolBK,Global,22.6783649299957,7,1,1,1681.85698100202,5528.14301899798,-3846.28603799596,-36.6312955999615,0,Empty,NaN
PolBK,Global,22.678591713645,7,1,1,1681.82126257726,5528.17873742274,-3846.35747484549,-36.6319759509094,0,Empty,NaN
PolBK,Global,22.7084022025227,7,1,1,1677.12611057901,5532.87388942099,-3855.74777884198,-36.7214074175427,0,Empty,NaN
PolBK,Global,22.7086292888156,7,1,1,1677.09034448788,5532.90965551212,-3855.81931102424,-36.7220886764214,0,Empty,NaN
PolBK,Global,22.7088563751085,7,1,1,1677.05457839675,5532.94542160325,-3855.8908432065,-36.7227699353,0,Empty,NaN
PolBK,Global,22.7219750096117,7,1,1,1674.9883934625,5535.0116065375,-3860.023213075,-36.7621258388095,0,Empty,NaN
PolBK,Global,22.7800487569052,7,1,1,1665.84177826377,5544.15822173623,-3878.31644347245,-36.93634708069,0,Empty,NaN
PolBK,Global,22.7802765596708,7,1,1,1665.80589932819,5544.19410067181,-3878.38820134362,-36.9370304889868,0,Empty,NaN
PolBK,Global,22.7805043624364,7,1,1,1665.77002039261,5544.22997960739,-3878.45995921478,-36.9377138972836,0,Empty,NaN
PolBK,Global,22.8441361655773,7,1,1,1655.74801139791,5554.25198860209,-3898.50397720418,-37.1286093067065,0,Empty,NaN
PolBK,Global,22.966297321543,7,1,1,1636.50762933332,5573.49237066668,-3936.98474133336,-37.4950927746034,0,Empty,NaN
PolBK,Global,23.0305854551775,7,1,1,1626.38224828589,5583.61775171411,-3957.23550342823,-37.6879571755069,0,Empty,NaN
PolBK,Global,23.0308157633351,7,1,1,1626.34597475106,5583.65402524894,-3957.30805049788,-37.6886480999798,0,Empty,NaN
PolBK,Global,23.0310460714928,7,1,1,1626.30970121623,5583.69029878377,-3957.38059756754,-37.6893390244527,0,Empty,NaN
PolBK,Global,23.0884584775086,7,1,1,1617.26724726873,5592.73275273127,-3975.46550546254,-37.8615762425004,0,Empty,NaN
PolBK,Global,23.2106196334743,7,1,1,1598.02686520414,5611.97313479586,-4013.94626959172,-38.2280597103974,0,Empty,NaN
PolBK,Global,23.33278078944,7,1,1,1578.78648313955,5631.21351686045,-4052.4270337209,-38.5945431782943,0,Empty,NaN
PolBK,Global,23.4549419454056,7,1,1,1559.54610107496,5650.45389892504,-4090.90779785008,-38.9610266461913,0,Empty,NaN
PolBK,Global,23.5771031013713,7,1,1,1540.30571901037,5669.69428098963,-4129.38856197926,-39.3275101140882,0,Empty,NaN
PolBK,Global,23.6992642573369,7,1,1,1521.06533694578,5688.93466305422,-4167.86932610845,-39.6939935819852,0,Empty,NaN
PolBK,Global,23.8214254133026,7,1,1,1501.82495488119,5708.17504511881,-4206.35009023763,-40.0604770498822,0,Empty,NaN
PolBK,Global,23.9435865692682,7,1,1,1482.5845728166,5727.4154271834,-4244.83085436681,-40.4269605177791,0,Empty,NaN
PolBK,Global,24.0657477252339,7,1,1,1463.34419075201,5746.65580924799,-4283.31161849599,-40.7934439856761,0,Empty,NaN
PolBK,Global,24.1879088811995,7,1,1,1444.10380868741,5765.89619131259,-4321.79238262517,-41.1599274535731,0,Empty,NaN
PolBK,Global,24.3068498419091,7,1,1,1425.37060737565,5784.62939262435,-4359.2587852487,-41.5167503357019,0,Empty,NaN
PolBK,Global,24.3070929128383,7,1,1,1425.33232370431,5784.66767629568,-4359.33535259137,-41.5174795484892,0,Empty,NaN
PolBK,Global,24.3073359837674,7,1,1,1425.29404003298,5784.70595996702,-4359.41191993405,-41.5182087612766,0,Empty,NaN
PolBK,Global,24.3100700371652,7,1,1,1424.86342662282,5785.13657337718,-4360.27314675435,-41.52641092147,0,Empty,NaN
PolBK,Global,24.4322311931308,7,1,1,1405.62304455823,5804.37695544177,-4398.75391088353,-41.892894389367,0,Empty,NaN
PolBK,Global,24.5543923490965,7,1,1,1386.38266249364,5823.61733750636,-4437.23467501271,-42.2593778572639,0,Empty,NaN
PolBK,Global,24.6765535050621,7,1,1,1367.14228042905,5842.85771957095,-4475.71543914189,-42.6258613251609,0,Empty,NaN
PolBK,Global,24.7987146610278,7,1,1,1347.90189836446,5862.09810163554,-4514.19620327108,-42.9923447930579,0,Empty,NaN
PolBK,Global,24.8973384904844,7,1,1,1332.36864522504,5877.63135477496,-4545.26270954991,-43.2882162814277,0,Empty,NaN
PolBK,Global,24.8975874663591,7,1,1,1332.32943152478,5877.67056847522,-4545.34113695043,-43.2889632090517,0,Empty,NaN
PolBK,Global,24.8978364422337,7,1,1,1332.29021782453,5877.70978217547,-4545.41956435095,-43.2897101366757,0,Empty,NaN
PolBK,Global,24.9208758169935,7,1,1,1328.66151629987,5881.33848370013,-4552.67696740026,-43.3588282609548,0,Empty,NaN
PolBK,Global,25.0430369729591,7,1,1,1309.42113423528,5900.57886576472,-4591.15773152944,-43.7253117288518,0,Empty,NaN
PolBK,Global,25.1279926621972,7,1,1,1296.04061318028,5913.95938681972,-4617.91877363944,-43.9801787965661,0,Empty,NaN
PolBK,Global,25.1282439446367,7,1,1,1296.00103619607,5913.99896380394,-4617.99792760787,-43.9809326438845,0,Empty,NaN
PolBK,Global,25.1284952270761,7,1,1,1295.96145921185,5914.03854078815,-4618.0770815763,-43.9816864912028,0,Empty,NaN
PolBK,Global,25.1651981289248,7,1,1,1290.18075217069,5919.81924782931,-4629.63849565862,-44.0917951967488,0,Empty,NaN
PolBK,Global,25.2873592848904,7,1,1,1270.9403701061,5939.0596298939,-4668.1192597878,-44.4582786646457,0,Empty,NaN
PolBK,Global,25.4095204408561,7,1,1,1251.69998804151,5958.30001195849,-4706.60002391698,-44.8247621325427,0,Empty,NaN
PolBK,Global,25.5316815968217,7,1,1,1232.45960597692,5977.54039402308,-4745.08078804616,-45.1912456004396,0,Empty,NaN
PolBK,Global,25.6538427527874,7,1,1,1213.21922391233,5996.78077608767,-4783.56155217534,-45.5577290683366,0,Empty,NaN
PolBK,Global,25.776003908753,7,1,1,1193.97884184774,6016.02115815226,-4822.04231630452,-45.9242125362336,0,Empty,NaN
PolBK,Global,25.8981650647187,7,1,1,1174.73845978315,6035.26154021685,-4860.52308043371,-46.2906960041305,0,Empty,NaN
PolBK,Global,26.0172008518259,7,1,1,1155.99032331376,6054.00967668624,-4898.01935337249,-46.6478033654522,0,Empty,NaN
PolBK,Global,26.0174610264362,7,1,1,1155.94934581264,6054.05065418736,-4898.10130837472,-46.648583889283,0,Empty,NaN
PolBK,Global,26.0177212010465,7,1,1,1155.90836831152,6054.09163168848,-4898.18326337695,-46.6493644131138,0,Empty,NaN
PolBK,Global,26.0203262206843,7,1,1,1155.49807771856,6054.50192228144,-4899.00384456289,-46.6571794720275,0,Empty,NaN
PolBK,Global,26.14248737665,7,1,1,1136.25769565397,6073.74230434603,-4937.48460869207,-47.0236629399245,0,Empty,NaN
PolBK,Global,26.2646485326157,7,1,1,1117.01731358938,6092.98268641062,-4975.96537282125,-47.3901464078214,0,Empty,NaN
PolBK,Global,26.3868096885813,7,1,1,1097.77693152479,6112.22306847521,-5014.44613695043,-47.7566298757184,0,Empty,NaN
PolBK,Global,26.508970844547,7,1,1,1078.53654946019,6131.46345053981,-5052.92690107961,-48.1231133436153,0,Empty,NaN
PolBK,Global,26.6311320005126,7,1,1,1059.2961673956,6150.7038326044,-5091.40766520879,-48.4895968115123,0,Empty,NaN
PolBK,Global,26.7532931564783,7,1,1,1040.05578533101,6169.94421466899,-5129.88842933797,-48.8560802794093,0,Empty,NaN
PolBK,Global,26.8754543124439,7,1,1,1020.81540326642,6189.18459673358,-5168.36919346715,-49.2225637473062,0,Empty,NaN
PolBK,Global,26.9976154684096,7,1,1,1001.57502120183,6208.42497879817,-5206.84995759634,-49.5890472152032,0,Empty,NaN
PolBK,Global,27.1197766243752,7,1,1,982.334639137242,6227.66536086276,-5245.33072172552,-49.9555306831002,0,Empty,NaN
PolBK,Global,27.2419377803409,7,1,1,963.094257072651,6246.90574292735,-5283.8114858547,-50.3220141509971,0,Empty,NaN
PolBK,Global,27.3640989363065,7,1,1,943.85387500806,6266.14612499194,-5322.29224998388,-50.6884976188941,0,Empty,NaN
PolBK,Global,27.4862600922722,7,1,1,924.613492943469,6285.38650705653,-5360.77301411306,-51.0549810867911,0,Empty,NaN
PolBK,Global,27.6084212482379,7,1,1,905.37311087888,6304.62688912112,-5399.25377824224,-51.421464554688,0,Empty,NaN
PolBK,Global,27.7305824042035,7,1,1,886.132728814289,6323.86727118571,-5437.73454237142,-51.787948022585,0,Empty,NaN
PolBK,Global,27.8527435601692,7,1,1,866.892346749699,6343.1076532503,-5476.2153065006,-52.1544314904819,0,Empty,NaN
PolBK,Global,27.9749047161348,7,1,1,847.651964685108,6362.34803531489,-5514.69607062978,-52.5209149583789,0,Empty,NaN
PolBK,Global,28.0970658721005,7,1,1,828.411582620518,6381.58841737948,-5553.17683475896,-52.8873984262759,0,Empty,NaN
PolBK,Global,28.2192270280661,7,1,1,809.171200555927,6400.82879944407,-5591.65759888815,-53.2538818941728,0,Empty,NaN
PolBK,Global,28.3413881840318,7,1,1,789.930818491336,6420.06918150866,-5630.13836301733,-53.6203653620698,0,Empty,NaN
PolBK,Global,28.4635493399974,7,1,1,770.690436426746,6439.30956357325,-5668.61912714651,-53.9868488299667,0,Empty,NaN
PolBK,Global,28.5857104959631,7,1,1,751.450054362155,6458.54994563784,-5707.09989127569,-54.3533322978637,0,Empty,NaN
PolBK,Global,28.7078716519287,7,1,1,732.209672297565,6477.79032770244,-5745.58065540487,-54.7198157657607,0,Empty,NaN
PolBK,Global,28.8300328078944,7,1,1,712.969290232974,6497.03070976703,-5784.06141953405,-55.0862992336576,0,Empty,NaN
PolBK,Global,28.95219396386,7,1,1,693.728908168384,6516.27109183162,-5822.54218366323,-55.4527827015546,0,Empty,NaN
PolBK,Global,29.0743551198257,7,1,1,674.488526103793,6535.51147389621,-5861.02294779241,-55.8192661694516,0,Empty,NaN
PolBK,Global,29.1965162757914,7,1,1,655.248144039202,6554.7518559608,-5899.5037119216,-56.1857496373485,0,Empty,NaN
PolBK,Global,29.318677431757,7,1,1,636.007761974613,6573.99223802539,-5937.98447605077,-56.5522331052455,0,Empty,NaN
PolBK,Global,29.4408385877227,7,1,1,616.767379910021,6593.23262008998,-5976.46524017996,-56.9187165731425,0,Empty,NaN
PolBK,Global,29.5629997436883,7,1,1,597.526997845431,6612.47300215457,-6014.94600430914,-57.2852000410394,0,Empty,NaN
PolBK,Global,29.685160899654,7,1,1,578.28661578084,6631.71338421916,-6053.42676843832,-57.6516835089364,0,Empty,NaN
PolBK,Global,29.8073220556196,7,1,1,559.04623371625,6650.95376628375,-6091.9075325675,-58.0181669768333,0,Empty,NaN
PolBK,Global,29.9294832115853,7,1,1,539.805851651659,6670.19414834834,-6130.38829669668,-58.3846504447303,0,Empty,NaN
PolBK,Global,30.0516443675509,7,1,1,520.565469587068,6689.43453041293,-6168.86906082586,-58.7511339126273,0,Empty,NaN
PolBK,Global,30.1738055235166,7,1,1,501.325087522478,6708.67491247752,-6207.34982495504,-59.1176173805242,0,Empty,NaN
PolBK,Global,30.2959666794822,7,1,1,482.084705457888,6727.91529454211,-6245.83058908422,-59.4841008484212,0,Empty,NaN
PolBK,Global,30.4181278354479,7,1,1,462.844323393298,6747.1556766067,-6284.3113532134,-59.8505843163181,0,Empty,NaN
PolBK,Global,30.5402889914136,7,1,1,443.603941328707,6766.39605867129,-6322.79211734259,-60.2170677842151,0,Empty,NaN
PolBK,Global,30.6624501473792,7,1,1,424.363559264117,6785.63644073588,-6361.27288147177,-60.5835512521121,0,Empty,NaN
PolBK,Global,30.7846113033449,7,1,1,405.123177199526,6804.87682280047,-6399.75364560095,-60.950034720009,0,Empty,NaN
PolBK,Global,30.9067724593105,7,1,1,385.882795134935,6824.11720486507,-6438.23440973013,-61.316518187906,0,Empty,NaN
PolBK,Global,31.0289336152762,7,1,1,366.642413070344,6843.35758692966,-6476.71517385931,-61.683001655803,0,Empty,NaN
PolBK,Global,31.1510947712418,7,1,1,347.402031005754,6862.59796899425,-6515.19593798849,-62.0494851236999,0,Empty,NaN
PolBK,Global,31.2732559272075,7,1,1,328.161648941164,6881.83835105884,-6553.67670211767,-62.4159685915969,0,Empty,NaN
PolBK,Global,31.3954170831731,7,1,1,308.921266876573,6901.07873312343,-6592.15746624685,-62.7824520594938,0,Empty,NaN
PolBK,Global,31.5175782391388,7,1,1,289.680884811983,6920.31911518802,-6630.63823037603,-63.1489355273908,0,Empty,NaN
PolBK,Global,31.6397393951044,7,1,1,270.440502747392,6939.55949725261,-6669.11899450522,-63.5154189952878,0,Empty,NaN
PolBK,Global,31.7619005510701,7,1,1,251.200120682801,6958.7998793172,-6707.5997586344,-63.8819024631847,0,Empty,NaN
PolBK,Global,31.8678089619377,7,1,1,234.519545971151,6975.48045402885,-6740.9609080577,-64.1996276957876,0,Empty,NaN
PolBK,Global,31.8681276432141,7,1,1,234.469353670113,6975.53064632989,-6741.06129265977,-64.2005837396169,0,Empty,NaN
PolBK,Global,31.8684463244906,7,1,1,234.419161369075,6975.58083863092,-6741.16167726185,-64.2015397834462,0,Empty,NaN
PolBK,Global,31.8840617070358,7,1,1,231.95973861821,6978.04026138179,-6746.08052276358,-64.2483859310817,0,Empty,NaN
PolBK,Global,32.0062228630014,7,1,1,212.71935655362,6997.28064344638,-6784.56128689276,-64.6148693989787,0,Empty,NaN
PolBK,Global,32.1283840189671,7,1,1,193.47897448903,7016.52102551097,-6823.04205102194,-64.9813528668756,0,Empty,NaN
PolBK,Global,32.2505451749327,7,1,1,174.238592424439,7035.76140757556,-6861.52281515112,-65.3478363347726,0,Empty,NaN
PolBK,Global,32.3727063308984,7,1,1,154.99821035985,7055.00178964015,-6900.0035792803,-65.7143198026695,0,Empty,NaN
PolBK,Global,32.494867486864,7,1,1,135.757828295258,7074.24217170474,-6938.48434340948,-66.0808032705665,0,Empty,NaN
PolBK,Global,32.6170286428297,7,1,1,116.517446230668,7093.48255376933,-6976.96510753866,-66.4472867384635,0,Empty,NaN
PolBK,Global,32.7391897987953,7,1,1,97.2770641660763,7112.72293583392,-7015.44587166785,-66.8137702063604,0,Empty,NaN
PolBK,Global,32.861350954761,7,1,1,78.0366821014868,7131.96331789851,-7053.92663579703,-67.1802536742574,0,Empty,NaN
PolBK,Global,32.9835121107266,7,1,1,58.7963000368964,7151.2036999631,-7092.40739992621,-67.5467371421544,0,Empty,NaN
PolBK,Global,33.1056732666923,7,1,1,39.555917972305,7170.4440820277,-7130.88816405539,-67.9132206100513,0,Empty,NaN
PolBK,Global,33.2278344226579,7,1,1,20.3155359077155,7189.68446409228,-7169.36892818457,-68.2797040779483,0,Empty,NaN
PolBK,Global,33.3499955786236,7,1,1,1.0751538431241,7208.92484615688,-7207.84969231375,-68.6461875458453,0,Empty,NaN
PolBK,Global,33.4721567345893,7,1,1,-18.1652282214664,7228.16522822147,-7246.33045644293,-69.0126710137422,0,Empty,NaN
PolBK,Global,33.5943178905549,7,1,1,-37.4056102860577,7247.40561028606,-7284.81122057212,-69.3791544816392,0,Empty,NaN
PolBK,Global,33.7164790465206,7,1,1,-56.6459923506472,7266.64599235065,-7323.29198470129,-69.7456379495361,0,Empty,NaN
PolBK,Global,33.8386402024862,7,1,1,-75.8863744152377,7285.88637441524,-7361.77274883048,-70.1121214174331,0,Empty,NaN
PolBK,Global,33.9608013584519,7,1,1,-95.1267564798281,7305.12675647983,-7400.25351295966,-70.4786048853301,0,Empty,NaN
PolBK,Global,34.0829625144175,7,1,1,-114.367138544419,7324.36713854442,-7438.73427708884,-70.845088353227,0,Empty,NaN
PolBK,Global,34.2051236703832,7,1,1,-133.607520609009,7343.60752060901,-7477.21504121802,-71.211571821124,0,Empty,NaN
PolBK,Global,34.3272848263488,7,1,1,-152.8479026736,7362.8479026736,-7515.6958053472,-71.578055289021,0,Empty,NaN
PolBK,Global,34.4494459823145,7,1,1,-172.088284738191,7382.08828473819,-7554.17656947638,-71.9445387569179,0,Empty,NaN
PolBK,Global,34.5716071382801,7,1,1,-191.328666802781,7401.32866680278,-7592.65733360556,-72.3110222248149,0,Empty,NaN
PolBK,Global,34.6937682942458,7,1,1,-210.569048867371,7420.56904886737,-7631.13809773474,-72.6775056927118,0,Empty,NaN
PolBK,Global,34.8159294502114,7,1,1,-229.809430931962,7439.80943093196,-7669.61886186392,-73.0439891606088,0,Empty,NaN
PolBK,Global,34.9380906061771,7,1,1,-249.049812996552,7459.04981299655,-7708.0996259931,-73.4104726285057,0,Empty,NaN
PolBK,Global,35.0602517621428,7,1,1,-268.290195061143,7478.29019506114,-7746.58039012229,-73.7769560964027,0,Empty,NaN
PolBK,Global,35.1824129181084,7,1,1,-287.530577125734,7497.53057712573,-7785.06115425147,-74.1434395642997,0,Empty,NaN
PolBK,Global,35.3045740740741,7,1,1,-306.770959190325,7516.77095919032,-7823.54191838065,-74.5099230321967,0,Empty,NaN
PolBK,Global,35.4267352300397,7,1,1,-326.011341254915,7536.01134125492,-7862.02268250983,-74.8764065000936,0,Empty,NaN
PolBK,Global,35.5488963860054,7,1,1,-345.251723319505,7555.2517233195,-7900.50344663901,-75.2428899679906,0,Empty,NaN
PolBK,Global,35.671057541971,7,1,1,-364.492105384096,7574.4921053841,-7938.98421076819,-75.6093734358875,0,Empty,NaN
PolBK,Global,35.7932186979367,7,1,1,-383.732487448686,7593.73248744869,-7977.46497489737,-75.9758569037845,0,Empty,NaN
PolBK,Global,35.9153798539023,7,1,1,-402.972869513277,7612.97286951328,-8015.94573902655,-76.3423403716815,0,Empty,NaN
PolBK,Global,36.037541009868,7,1,1,-422.213251577867,7632.21325157787,-8054.42650315573,-76.7088238395784,0,Empty,NaN
PolBK,Global,36.1597021658337,7,1,1,-441.453633642459,7651.45363364246,-8092.90726728492,-77.0753073074754,0,Empty,NaN
PolBK,Global,36.2818633217993,7,1,1,-460.694015707048,7670.69401570705,-8131.3880314141,-77.4417907753724,0,Empty,NaN
PolBK,Global,36.404024477765,7,1,1,-479.93439777164,7689.93439777164,-8169.86879554328,-77.8082742432693,0,Empty,NaN
PolBK,Global,36.5261856337306,7,1,1,-499.174779836229,7709.17477983623,-8208.34955967246,-78.1747577111663,0,Empty,NaN
PolBK,Global,36.6483467896963,7,1,1,-518.41516190082,7728.41516190082,-8246.83032380164,-78.5412411790632,0,Empty,NaN
LastFM,Local,0,8,1,1,348315.163627801,137610.836372199,210704.327255602,27.6369789160024,1,Nonempty,297980.917255572
LastFM,Local,0.122161155965654,8,1,1,347756.349635952,138169.650364048,209586.699271904,27.4903855288436,1,Nonempty,296400.352603337
LastFM,Local,0.244322311931308,8,1,1,347197.535644103,138728.464355898,208469.071288205,27.3437921416848,1,Nonempty,294819.787951103
LastFM,Local,0.366483467896963,8,1,1,346638.721652253,139287.278347747,207351.443304506,27.197198754526,1,Nonempty,293239.223298869
LastFM,Local,0.488644623862617,8,1,1,346079.907660404,139846.092339596,206233.815320808,27.0506053673672,1,Nonempty,291658.658646635
LastFM,Local,0.610805779828271,8,1,1,345521.093668555,140404.906331445,205116.187337109,26.9040119802084,1,Nonempty,290078.0939944
LastFM,Local,0.732966935793925,8,1,1,344962.279676705,140963.720323295,203998.559353411,26.7574185930497,1,Nonempty,288497.529342166
LastFM,Local,0.85512809175958,8,1,1,344403.465684856,141522.534315144,202880.931369712,26.6108252058909,1,Nonempty,286916.964689932
LastFM,Local,0.977289247725234,8,1,1,343844.651693007,142081.348306993,201763.303386013,26.4642318187321,1,Nonempty,285336.400037698
LastFM,Local,1.09945040369089,8,1,1,343285.837701157,142640.162298843,200645.675402315,26.3176384315733,1,Nonempty,283755.835385463
LastFM,Local,1.22161155965654,8,1,1,342727.023709308,143198.976290692,199528.047418616,26.1710450444145,1,Nonempty,282175.270733229
LastFM,Local,1.3437727156222,8,1,1,342168.209717459,143757.790282541,198410.419434918,26.0244516572557,1,Nonempty,280594.706080995
LastFM,Local,1.46593387158785,8,1,1,341609.39572561,144316.604274391,197292.791451219,25.8778582700969,1,Nonempty,279014.141428761
LastFM,Local,1.5880950275535,8,1,1,341050.58173376,144875.41826624,196175.16346752,25.7312648829382,1,Nonempty,277433.576776526
LastFM,Local,1.71025618351916,8,1,1,340491.767741911,145434.232258089,195057.535483822,25.5846714957794,1,Nonempty,275853.012124292
LastFM,Local,1.83241733948481,8,1,1,339932.953750062,145993.046249938,193939.907500123,25.4380781086206,1,Nonempty,274272.447472058
LastFM,Local,1.95457849545047,8,1,1,339374.139758212,146551.860241788,192822.279516425,25.2914847214618,1,Nonempty,272691.882819824
LastFM,Local,2.07673965141612,8,1,1,338815.325766363,147110.674233637,191704.651532726,25.144891334303,1,Nonempty,271111.318167589
LastFM,Local,2.19890080738178,8,1,1,338256.511774514,147669.488225486,190587.023549028,24.9982979471442,1,Nonempty,269530.753515355
LastFM,Local,2.32106196334743,8,1,1,337697.697782665,148228.302217336,189469.395565329,24.8517045599854,1,Nonempty,267950.188863121
LastFM,Local,2.44322311931308,8,1,1,337138.883790815,148787.116209185,188351.76758163,24.7051111728267,1,Nonempty,266369.624210887
LastFM,Local,2.56538427527874,8,1,1,336580.069798966,149345.930201034,187234.139597932,24.5585177856679,1,Nonempty,264789.059558653
LastFM,Local,2.68754543124439,8,1,1,336021.255807117,149904.744192883,186116.511614233,24.4119243985091,1,Nonempty,263208.494906418
LastFM,Local,2.80970658721005,8,1,1,335462.441815267,150463.558184733,184998.883630535,24.2653310113503,1,Nonempty,261627.930254184
LastFM,Local,2.9318677431757,8,1,1,334903.627823418,151022.372176582,183881.255646836,24.1187376241915,1,Nonempty,260047.36560195
LastFM,Local,3.05402889914135,8,1,1,334344.813831569,151581.186168431,182763.627663137,23.9721442370327,1,Nonempty,258466.800949716
LastFM,Local,3.17619005510701,8,1,1,333785.99983972,152140.000160281,181645.999679439,23.8255508498739,1,Nonempty,256886.236297481
LastFM,Local,3.29835121107266,8,1,1,333227.18584787,152698.81415213,180528.37169574,23.6789574627152,1,Nonempty,255305.671645247
LastFM,Local,3.42051236703832,8,1,1,332668.371856021,153257.628143979,179410.743712042,23.5323640755564,1,Nonempty,253725.106993013
LastFM,Local,3.54267352300397,8,1,1,332109.557864172,153816.442135828,178293.115728343,23.3857706883976,1,Nonempty,252144.542340779
LastFM,Local,3.66483467896963,8,1,1,331550.743872322,154375.256127678,177175.487744645,23.2391773012388,1,Nonempty,250563.977688544
LastFM,Local,3.78699583493528,8,1,1,330991.929880473,154934.070119527,176057.859760946,23.09258391408,1,Nonempty,248983.41303631
LastFM,Local,3.90915699090093,8,1,1,330433.115888624,155492.884111376,174940.231777247,22.9459905269212,1,Nonempty,247402.848384076
LastFM,Local,4.03131814686659,8,1,1,329874.301896774,156051.698103226,173822.603793549,22.7993971397624,1,Nonempty,245822.283731842
LastFM,Local,4.15347930283224,8,1,1,329315.487904925,156610.512095075,172704.97580985,22.6528037526036,1,Nonempty,244241.719079607
LastFM,Local,4.2756404587979,8,1,1,328756.673913076,157169.326086924,171587.347826152,22.5062103654449,1,Nonempty,242661.154427373
LastFM,Local,4.39780161476355,8,1,1,328197.859921227,157728.140078774,170469.719842453,22.3596169782861,1,Nonempty,241080.589775139
LastFM,Local,4.51996277072921,8,1,1,327639.045929377,158286.954070623,169352.091858754,22.2130235911273,1,Nonempty,239500.025122905
LastFM,Local,4.64212392669486,8,1,1,327080.231937528,158845.768062472,168234.463875056,22.0664302039685,1,Nonempty,237919.460470671
LastFM,Local,4.76428508266051,8,1,1,326521.417945679,159404.582054321,167116.835891357,21.9198368168097,1,Nonempty,236338.895818436
LastFM,Local,4.88644623862617,8,1,1,325962.603953829,159963.396046171,165999.207907659,21.7732434296509,1,Nonempty,234758.331166202
LastFM,Local,5.00860739459182,8,1,1,325403.78996198,160522.21003802,164881.57992396,21.6266500424921,1,Nonempty,233177.766513968
LastFM,Local,5.13076855055748,8,1,1,324844.975970131,161081.024029869,163763.951940261,21.4800566553334,1,Nonempty,231597.201861734
LastFM,Local,5.25292970652313,8,1,1,324286.161978282,161639.838021719,162646.323956563,21.3334632681746,1,Nonempty,230016.637209499
LastFM,Local,5.37509086248879,8,1,1,323727.347986432,162198.652013568,161528.695972864,21.1868698810158,1,Nonempty,228436.072557265
LastFM,Local,5.49725201845444,8,1,1,323168.533994583,162757.466005417,160411.067989166,21.040276493857,1,Nonempty,226855.507905031
LastFM,Local,5.61941317442009,8,1,1,322609.720002734,163316.279997266,159293.440005467,20.8936831066982,1,Nonempty,225274.943252797
LastFM,Local,5.74157433038575,8,1,1,322050.906010884,163875.093989116,158175.812021769,20.7470897195394,1,Nonempty,223694.378600562
LastFM,Local,5.8637354863514,8,1,1,321492.092019035,164433.907980965,157058.18403807,20.6004963323806,1,Nonempty,222113.813948328
LastFM,Local,5.98589664231706,8,1,1,320933.278027186,164992.721972814,155940.556054371,20.4539029452218,1,Nonempty,220533.249296094
LastFM,Local,6.10805779828271,8,1,1,320374.464035336,165551.535964664,154822.928070673,20.3073095580631,1,Nonempty,218952.68464386
LastFM,Local,6.23021895424836,8,1,1,319815.650043487,166110.349956513,153705.300086974,20.1607161709043,1,Nonempty,217372.119991625
LastFM,Local,6.35238011021402,8,1,1,319256.836051638,166669.163948362,152587.672103276,20.0141227837455,1,Nonempty,215791.555339391
LastFM,Local,6.47454126617967,8,1,1,318698.022059789,167227.977940212,151470.044119577,19.8675293965867,1,Nonempty,214210.990687157
LastFM,Local,6.59670242214533,8,1,1,318139.208067939,167786.791932061,150352.416135878,19.7209360094279,1,Nonempty,212630.426034923
LastFM,Local,6.71886357811098,8,1,1,317580.39407609,168345.60592391,149234.78815218,19.5743426222691,1,Nonempty,211049.861382688
LastFM,Local,6.84102473407664,8,1,1,317021.580084241,168904.419915759,148117.160168481,19.4277492351103,1,Nonempty,209469.296730454
LastFM,Local,6.96318589004229,8,1,1,316462.766092391,169463.233907609,146999.532184783,19.2811558479516,1,Nonempty,207888.73207822
LastFM,Local,7.08534704600794,8,1,1,315903.952100542,170022.047899458,145881.904201084,19.1345624607928,1,Nonempty,206308.167425986
LastFM,Local,7.18772786386532,8,1,1,315435.621287335,170490.378712665,144945.242574671,19.0117054793639,1,Nonempty,204983.527850557
LastFM,Local,7.18779974186274,8,1,1,315435.292488624,170490.707511376,144944.584977248,19.011619225767,1,Nonempty,204982.597867363
LastFM,Local,7.18787161986016,8,1,1,315434.963689913,170491.036310088,144943.927379825,19.0115329721701,1,Nonempty,204981.667884169
LastFM,Local,7.2075082019736,8,1,1,315345.138108693,170580.861891307,144764.276217386,18.987969073634,1,Nonempty,204727.602773752
LastFM,Local,7.32966935793925,8,1,1,314786.324116844,171139.675883157,143646.648233687,18.8413756864752,1,Nonempty,203147.038121517
LastFM,Local,7.35246907379743,8,1,1,314682.029096622,171243.970903378,143438.058193244,18.8140160274454,1,Nonempty,202852.047257346
LastFM,Local,7.35254259922343,8,1,1,314681.692761913,171244.307238087,143437.385523826,18.8139277969342,1,Nonempty,202851.095959133
LastFM,Local,7.35261612464942,8,1,1,314681.356427205,171244.643572796,143436.712854409,18.813839566423,1,Nonempty,202850.14466092
LastFM,Local,7.45183051390491,8,1,1,314227.510124994,171698.489875006,142529.020249988,18.6947822993164,1,Nonempty,201566.473469283
LastFM,Local,7.57399166987056,8,1,1,313668.696133145,172257.303866855,141411.39226629,18.5481889121576,1,Nonempty,199985.908817049
LastFM,Local,7.69615282583621,8,1,1,313109.882141296,172816.117858704,140293.764282591,18.4015955249988,1,Nonempty,198405.344164815
LastFM,Local,7.81831398180187,8,1,1,312551.068149446,173374.931850554,139176.136298893,18.2550021378401,1,Nonempty,196824.77951258
LastFM,Local,7.94047513776752,8,1,1,311992.254157597,173933.745842403,138058.508315194,18.1084087506813,1,Nonempty,195244.214860346
LastFM,Local,8.06263629373318,8,1,1,311433.440165748,174492.559834252,136940.880331495,17.9618153635225,1,Nonempty,193663.650208112
LastFM,Local,8.18479744969883,8,1,1,310874.626173898,175051.373826102,135823.252347797,17.8152219763637,1,Nonempty,192083.085555878
LastFM,Local,8.28017384837035,8,1,1,310438.336375815,175487.663624185,134950.672751631,17.7007702979579,1,Nonempty,190849.07165673
LastFM,Local,8.28025665093686,8,1,1,310437.957603755,175488.042396245,134949.91520751,17.7006709348781,1,Nonempty,190848.00032756
LastFM,Local,8.28033945350337,8,1,1,310437.578831695,175488.421168305,134949.15766339,17.7005715717982,1,Nonempty,190846.928998391
LastFM,Local,8.29078597333203,8,1,1,310389.792271391,175536.207728609,134853.584542781,17.6880357480039,1,Nonempty,190711.768195028
LastFM,Local,8.29086888202085,8,1,1,310389.413013885,175536.586986115,134852.826027769,17.6879362575773,1,Nonempty,190710.695492811
LastFM,Local,8.29095179070968,8,1,1,310389.033756378,175536.966243622,134852.067512757,17.6878367671507,1,Nonempty,190709.622790593
LastFM,Local,8.30695860566449,8,1,1,310315.812182049,175610.187817951,134705.624364098,17.6686285892049,1,Nonempty,190502.520903643
LastFM,Local,8.35488870489337,8,1,1,310096.560736137,175829.439263864,134267.121472273,17.6111124701302,1,Nonempty,189882.384166884
LastFM,Local,8.35497225461592,8,1,1,310096.178546286,175829.821453714,134266.357092571,17.6110122104632,1,Nonempty,189881.303170743
LastFM,Local,8.35505580433847,8,1,1,310095.796356435,175830.203643565,134265.59271287,17.6109119507961,1,Nonempty,189880.222174603
LastFM,Local,8.42911976163014,8,1,1,309756.9981902,176169.0018098,133587.9963804,17.5220352020461,1,Nonempty,188921.956251409
LastFM,Local,8.52696458000834,8,1,1,309309.416853011,176616.583146989,132692.833706021,17.4046214199923,1,Nonempty,187656.005056773
LastFM,Local,8.52704985050684,8,1,1,309309.026791642,176616.973208358,132692.053583284,17.4045190953941,1,Nonempty,187654.901796618
LastFM,Local,8.52713512100535,8,1,1,309308.636730274,176617.363269726,132691.273460548,17.4044167707959,1,Nonempty,187653.798536464
LastFM,Local,8.55128091759579,8,1,1,309198.184198351,176727.81580165,132470.368396701,17.3754418148873,1,Nonempty,187341.391599175
LastFM,Local,8.63592962901206,8,1,1,308810.967132848,177115.032867152,131695.934265696,17.2738633611878,1,Nonempty,186246.176347943
LastFM,Local,8.63601598917196,8,1,1,308810.572086933,177115.427913068,131695.144173865,17.2737597289959,1,Nonempty,186245.05898936
LastFM,Local,8.63610234933185,8,1,1,308810.177041017,177115.822958983,131694.354082034,17.2736560968041,1,Nonempty,186243.941630777
LastFM,Local,8.67344207356145,8,1,1,308639.370206501,177286.629793499,131352.740413002,17.2288484277286,1,Nonempty,185760.826946941
LastFM,Local,8.73562312488827,8,1,1,308354.929205312,177571.070794688,130783.858410624,17.1542311661364,1,Nonempty,184956.306303787
LastFM,Local,8.73571048199309,8,1,1,308354.529598972,177571.470401028,130783.059197943,17.1541263376106,1,Nonempty,184955.176046375
LastFM,Local,8.73579783909791,8,1,1,308354.129992631,177571.870007369,130782.259985263,17.1540215090848,1,Nonempty,184954.045788962
LastFM,Local,8.78404674389113,8,1,1,308133.420202545,177792.579797455,130340.84040509,17.0961228233329,1,Nonempty,184329.784231986
LastFM,Local,8.78413458523698,8,1,1,308133.018381093,177792.981618907,130340.036762185,17.0960174137179,1,Nonempty,184328.64770929
LastFM,Local,8.78422242658283,8,1,1,308132.61655964,177793.38344036,130339.23311928,17.0959120041029,1,Nonempty,184327.511186595
LastFM,Local,8.7956032295271,8,1,1,308080.556214652,177845.443785348,130235.112429304,17.0822550405698,1,Nonempty,184180.262294706
LastFM,Local,8.89258698336861,8,1,1,307636.913731079,178289.086268921,129347.827462159,16.96587453596,1,Nonempty,182925.45186048
LastFM,Local,8.89267591012771,8,1,1,307636.506944513,178289.493055488,129347.013889025,16.965767823849,1,Nonempty,182924.30129432
LastFM,Local,8.89276483688682,8,1,1,307636.100157946,178289.899842054,129346.200315891,16.9656611117381,1,Nonempty,182923.150728161
LastFM,Local,8.90728441998734,8,1,1,307569.681777011,178356.318222989,129213.363554021,16.9482376120175,1,Nonempty,182735.291177942
LastFM,Local,8.90737349372227,8,1,1,307569.274318118,178356.725681882,129212.548636235,16.9481307235356,1,Nonempty,182734.138710157
LastFM,Local,8.90746256745721,8,1,1,307568.866859225,178357.133140776,129211.733718449,16.9480238350536,1,Nonempty,182732.986242371
LastFM,Local,8.91776438549276,8,1,1,307521.742222803,178404.257777197,129117.484445605,16.935661653411,1,Nonempty,182599.697642472
LastFM,Local,8.95511651775248,8,1,1,307350.878628994,178575.121371006,128775.757257988,16.8908390946993,1,Nonempty,182116.422419112
LastFM,Local,8.95520606981318,8,1,1,307350.468982047,178575.531017953,128774.937964095,16.8907316322265,1,Nonempty,182115.263762577
LastFM,Local,8.95529562187387,8,1,1,307350.059335101,178575.940664899,128774.118670202,16.8906241697536,1,Nonempty,182114.105106042
LastFM,Local,8.95912126700135,8,1,1,307332.55930403,178593.44069597,128739.118608059,16.8860333956007,1,Nonempty,182064.607543476
LastFM,Local,8.95921085910994,8,1,1,307332.149473888,178593.850526112,128738.298947776,16.8859258850704,1,Nonempty,182063.448368787
LastFM,Local,8.95930045121853,8,1,1,307331.739643747,178594.260356253,128737.479287493,16.88581837454,1,Nonempty,182062.289194098
LastFM,Local,8.96478404337901,8,1,1,307306.655499768,178619.344500232,128687.310999536,16.8792380639475,1,Nonempty,181991.340520868
LastFM,Local,8.96487369211594,8,1,1,307306.245410586,178619.754589414,128686.490821171,16.8791304854632,1,Nonempty,181990.180613501
LastFM,Local,8.96496334085286,8,1,1,307305.835321403,178620.164678597,128685.670642807,16.8790229069789,1,Nonempty,181989.020706135
LastFM,Local,8.9743146079736,8,1,1,307263.058885086,178662.941114914,128600.117770173,16.867801386434,1,Nonempty,181868.030673355
LastFM,Local,8.97440435201712,8,1,1,307262.648359934,178663.351640066,128599.296719867,16.8676936935817,1,Nonempty,181866.869532878
LastFM,Local,8.97449409606064,8,1,1,307262.237834781,178663.762165219,128598.475669562,16.8675860007295,1,Nonempty,181865.708392401
LastFM,Local,8.97452490499112,8,1,1,307262.096902409,178663.903097591,128598.193804819,16.8675490300129,1,Nonempty,181865.309775458
LastFM,Local,8.97461465113763,8,1,1,307261.686367637,178664.313632363,128597.372735273,16.8674413346371,1,Nonempty,181864.148607772
LastFM,Local,8.97470439728414,8,1,1,307261.275832864,178664.724167136,128596.551665728,16.8673336392613,1,Nonempty,181862.987440085
LastFM,Local,8.98503224306695,8,1,1,307214.032135115,178711.967864885,128502.064270231,16.8549402243219,1,Nonempty,181729.362083899
LastFM,Local,8.9851220942879,8,1,1,307213.62111969,178712.37888031,128501.24223938,16.8548324028568,1,Nonempty,181728.199556722
LastFM,Local,8.98521194550884,8,1,1,307213.210104265,178712.789895735,128500.42020853,16.8547245813917,1,Nonempty,181727.037029545
LastFM,Local,8.98712433639839,8,1,1,307204.46206338,178721.53793662,128482.92412676,16.8524297123242,1,Nonempty,181702.293833417
LastFM,Local,8.98721420854047,8,1,1,307204.050952253,178721.949047747,128482.101904506,16.8523218657537,1,Nonempty,181701.131035555
LastFM,Local,8.98730408068256,8,1,1,307203.639841127,178722.360158874,128481.279682253,16.8522140191832,1,Nonempty,181699.968237693
LastFM,Local,8.98891529313116,8,1,1,307196.269510902,178729.730489099,128466.539021803,16.8502805642449,1,Nonempty,181679.121795766
LastFM,Local,8.98900518318299,8,1,1,307195.858317849,178730.141682152,128465.716635697,16.8501726961827,1,Nonempty,181677.958766181
LastFM,Local,8.98909507323483,8,1,1,307195.447124795,178730.552875205,128464.894249591,16.8500648281205,1,Nonempty,181676.795736597
LastFM,Local,8.9954967525962,8,1,1,307166.163282725,178759.836717275,128406.326565449,16.8423828128868,1,Nonempty,181593.968523367
LastFM,Local,8.99558670846329,8,1,1,307165.751788606,178760.248211394,128405.503577213,16.8422748658463,1,Nonempty,181592.804642241
LastFM,Local,8.99567666433037,8,1,1,307165.340294488,178760.659705512,128404.680588976,16.8421669188058,1,Nonempty,181591.640761115
LastFM,Local,8.99918957234718,8,1,1,307149.270848056,178776.729151944,128372.541696112,16.8379514291857,1,Nonempty,181546.189502947
LastFM,Local,8.99927956514283,8,1,1,307148.859185011,178777.140814989,128371.718370023,16.8378434378309,1,Nonempty,181545.025144026
LastFM,Local,8.99936955793848,8,1,1,307148.447521967,178777.552478033,128370.895043934,16.8377354464761,1,Nonempty,181543.860785104
LastFM,Local,9.00228395916643,8,1,1,307135.11588499,178790.88411501,128344.23176998,16.8342381650026,1,Nonempty,181506.153221461
LastFM,Local,9.00237398290626,8,1,1,307134.704080394,178791.295919606,128343.408160789,16.8341301365148,1,Nonempty,181504.988462173
LastFM,Local,9.00246400664609,8,1,1,307134.292275799,178791.707724201,128342.584551598,16.834022108027,1,Nonempty,181503.823702885
LastFM,Local,9.00756352162496,8,1,1,307110.96505448,178815.034945521,128295.930108959,16.8279026900523,1,Nonempty,181437.844357361
LastFM,Local,9.00765359816094,8,1,1,307110.553008373,178815.446991627,128295.106016747,16.8277945982092,1,Nonempty,181436.678914977
LastFM,Local,9.00774367469692,8,1,1,307110.140962267,178815.859037733,128294.281924534,16.827686506366,1,Nonempty,181435.513472594
LastFM,Local,9.0089671911551,8,1,1,307104.544108581,178821.455891419,128283.088217162,16.8262182866162,1,Nonempty,181419.683179814
LastFM,Local,9.00905728172791,8,1,1,307104.131998265,178821.868001736,128282.263996529,16.8261101779288,1,Nonempty,181418.517555817
LastFM,Local,9.00914737230073,8,1,1,307103.719887948,178822.280112052,128281.439775897,16.8260020692414,1,Nonempty,181417.35193182
LastFM,Local,9.01209135202732,8,1,1,307090.252947087,178835.747052913,128254.505894174,16.8224692935695,1,Nonempty,181379.261671001
LastFM,Local,9.01218147384205,8,1,1,307089.840693858,178836.159306142,128253.681387715,16.8223611473918,1,Nonempty,181378.095642785
LastFM,Local,9.01227159565679,8,1,1,307089.428440628,178836.571559372,128252.856881257,16.8222530012141,1,Nonempty,181376.929614569
LastFM,Local,9.01567605245605,8,1,1,307073.855093446,178852.144906554,128221.710186892,16.818167653055,1,Nonempty,181332.881536974
LastFM,Local,9.01576621011815,8,1,1,307073.442676236,178852.557323764,128220.885352472,16.8180594638605,1,Nonempty,181331.715044952
LastFM,Local,9.01585636778025,8,1,1,307073.030259027,178852.969740973,128220.060518053,16.817951274666,1,Nonempty,181330.54855293
LastFM,Local,9.01801077857193,8,1,1,307063.175122301,178862.824877699,128200.350244603,16.815365981716,1,Nonempty,181302.674016898
LastFM,Local,9.01810095958153,8,1,1,307062.762598291,178863.237401709,128199.525196582,16.8152577645045,1,Nonempty,181301.507222798
LastFM,Local,9.01819114059112,8,1,1,307062.350074281,178863.649925719,128198.700148561,16.8151495472929,1,Nonempty,181300.340428697
LastFM,Local,9.03260374082072,8,1,1,306996.42107579,178929.57892421,128066.842151581,16.7978544270174,1,Nonempty,181113.86506106
LastFM,Local,9.0326940677614,8,1,1,306996.007884233,178929.992115767,128066.015768466,16.7977460346886,1,Nonempty,181112.696378851
LastFM,Local,9.03278439470208,8,1,1,306995.594692676,178930.405307325,128065.189385351,16.7976376423598,1,Nonempty,181111.527696642
LastFM,Local,9.03992554145841,8,1,1,306962.928230953,178963.071769047,127999.856461907,16.7890682662522,1,Nonempty,181019.132990238
LastFM,Local,9.04273982823953,8,1,1,306950.054557502,178975.945442498,127974.109115004,16.7856911221148,1,Nonempty,180982.720743052
LastFM,Local,9.0428302565421,8,1,1,306949.640902275,178976.359097726,127973.281804549,16.7855826081518,1,Nonempty,180981.550749387
LastFM,Local,9.04292068484467,8,1,1,306949.227247047,178976.772752953,127972.454494095,16.7854740941887,1,Nonempty,180980.380755722
LastFM,Local,9.04717499076328,8,1,1,306929.766350053,178996.233649947,127933.532700106,16.7803689270864,1,Nonempty,180925.337026792
LastFM,Local,9.04726546341791,8,1,1,306929.352491942,178996.647508058,127932.704983884,16.7802603599008,1,Nonempty,180924.166459284
LastFM,Local,9.04735593607255,8,1,1,306928.938633831,178997.06136617,127931.877267661,16.7801517927152,1,Nonempty,180922.995891776
LastFM,Local,9.10438556992821,8,1,1,306668.062276721,179257.937723279,127410.124553442,16.7117162320884,1,Nonempty,180185.126127123
LastFM,Local,9.10447661469435,8,1,1,306667.645801543,179258.354198457,127409.291603086,16.7116069783691,1,Nonempty,180183.948157432
LastFM,Local,9.1045676594605,8,1,1,306667.229326365,179258.770673635,127408.458652729,16.7114977246497,1,Nonempty,180182.770187741
LastFM,Local,9.11975038774126,8,1,1,306597.777454117,179328.222545883,127269.554908234,16.6932784507128,1,Nonempty,179986.330628412
LastFM,Local,9.11984158615712,8,1,1,306597.360276084,179328.639723916,127268.720552167,16.6931690126137,1,Nonempty,179985.150670746
LastFM,Local,9.11993278457298,8,1,1,306596.94309805,179329.05690195,127267.8861961,16.6930595745147,1,Nonempty,179983.97071308
LastFM,Local,9.14867403267506,8,1,1,306465.469132732,179460.530867268,127004.938265464,16.6585700767922,1,Nonempty,179612.106183377
LastFM,Local,9.14876552033027,8,1,1,306465.050631602,179460.949368398,127004.101263204,16.658460291606,1,Nonempty,179610.922483429
LastFM,Local,9.14885700798547,8,1,1,306464.632130472,179461.367869528,127003.264260944,16.6583505064197,1,Nonempty,179609.738783481
LastFM,Local,9.15963967338747,8,1,1,306415.307905857,179510.692094143,126904.615811714,16.6454113079373,1,Nonempty,179470.228808673
LastFM,Local,9.15973127070017,8,1,1,306414.88890311,179511.11109689,126903.77780622,16.6453013911621,1,Nonempty,179469.043689938
LastFM,Local,9.15982286801288,8,1,1,306414.469900363,179511.530099637,126902.939800725,16.6451914743868,1,Nonempty,179467.858571202
LastFM,Local,9.16208669742407,8,1,1,306404.114239104,179521.885760896,126882.228478208,16.6424748790934,1,Nonempty,179438.568338004
LastFM,Local,9.16734097416254,8,1,1,306380.079075592,179545.920924408,126834.158151183,16.6361697470072,1,Nonempty,179370.586629577
LastFM,Local,9.16743264848903,8,1,1,306379.659720553,179546.340279448,126833.319441105,16.6360597378155,1,Nonempty,179369.40051441
LastFM,Local,9.16752432281551,8,1,1,306379.240365513,179546.759634487,126832.480731027,16.6359497286237,1,Nonempty,179368.214399242
LastFM,Local,9.28424785338972,8,1,1,305845.300247255,180080.699752745,125764.60049451,16.4958814919346,1,Nonempty,177858.003685769
LastFM,Local,9.40640900935537,8,1,1,305286.486255406,180639.513744595,124646.972510811,16.3492881047758,1,Nonempty,176277.439033535
LastFM,Local,9.52857016532103,8,1,1,304727.672263556,181198.327736444,123529.344527112,16.202694717617,1,Nonempty,174696.874381301
LastFM,Local,9.60578959341049,8,1,1,304374.439711704,181551.560288296,122822.879423408,16.1100314039097,1,Nonempty,173697.781850298
LastFM,Local,9.60588565226701,8,1,1,304374.000300071,181551.99969993,122822.000600141,16.1099161332819,1,Nonempty,173696.539006516
LastFM,Local,9.60598171112353,8,1,1,304373.560888437,181552.439111563,122821.121776874,16.109800862654,1,Nonempty,173695.296162733
LastFM,Local,9.6297043030257,8,1,1,304265.04426404,181660.95573596,122604.08852808,16.0813337523714,1,Nonempty,173388.364798802
LastFM,Local,9.62980060103171,8,1,1,304264.603758441,181661.396241559,122603.207516882,16.0812181947642,1,Nonempty,173387.118860818
LastFM,Local,9.62989689903772,8,1,1,304264.163252843,181661.836747158,122602.326505685,16.081102637157,1,Nonempty,173385.872922834
LastFM,Local,9.64390235484305,8,1,1,304200.096695807,181725.903304193,122474.193391613,16.0642960901906,1,Nonempty,173204.665335125
LastFM,Local,9.643998794831,8,1,1,304199.655540726,181726.344459274,122473.311081452,16.0641803622051,1,Nonempty,173203.417560128
LastFM,Local,9.64409523481895,8,1,1,304199.214385645,181726.785614355,122472.42877129,16.0640646342195,1,Nonempty,173202.169785131
LastFM,Local,9.65073132128668,8,1,1,304168.858271707,181757.141728293,122411.716543414,16.0561013304583,1,Nonempty,173116.309729067
LastFM,Local,9.77289247725234,8,1,1,303610.044279858,182315.955720142,121294.088559715,15.9095079432995,1,Nonempty,171535.745076833
LastFM,Local,9.89505363321799,8,1,1,303051.230288008,182874.769711992,120176.460576017,15.7629145561407,1,Nonempty,169955.180424598
LastFM,Local,10.0172147891836,8,1,1,302492.416296159,183433.583703841,119058.832592318,15.6163211689819,1,Nonempty,168374.615772364
LastFM,Local,10.1393759451493,8,1,1,301933.60230431,183992.39769569,117941.204608619,15.4697277818231,1,Nonempty,166794.05112013
LastFM,Local,10.261537101115,8,1,1,301374.78831246,184551.21168754,116823.576624921,15.3231343946643,1,Nonempty,165213.486467896
LastFM,Local,10.3836982570806,8,1,1,300815.974320611,185110.025679389,115705.948641222,15.1765410075055,1,Nonempty,163632.921815661
LastFM,Local,10.4678283840112,8,1,1,300431.12946798,185494.87053202,114936.25893596,15.0755848551888,1,Nonempty,162544.41619566
LastFM,Local,10.4679330633418,8,1,1,300430.65062285,185495.34937715,114935.301245699,15.0754592399921,1,Nonempty,162543.061817105
LastFM,Local,10.4680377426725,8,1,1,300430.17177772,185495.82822228,114934.343555439,15.0753336247953,1,Nonempty,162541.707438551
LastFM,Local,10.5058594130463,8,1,1,300257.160328762,185668.839671238,114588.320657524,15.0299476203468,1,Nonempty,162052.357163427
LastFM,Local,10.6280205690119,8,1,1,299698.346336913,186227.653663088,113470.692673825,14.883354233188,1,Nonempty,160471.792511193
LastFM,Local,10.7501817249776,8,1,1,299139.532345063,186786.467654937,112353.064690127,14.7367608460292,1,Nonempty,158891.227858959
LastFM,Local,10.8723428809432,8,1,1,298580.718353214,187345.281646786,111235.436706428,14.5901674588704,1,Nonempty,157310.663206724
LastFM,Local,10.9945040369089,8,1,1,298021.904361365,187904.095638635,110117.808722729,14.4435740717116,1,Nonempty,155730.09855449
LastFM,Local,11.1166651928745,8,1,1,297463.090369515,188462.909630485,109000.180739031,14.2969806845528,1,Nonempty,154149.533902256
LastFM,Local,11.2388263488402,8,1,1,296904.276377666,189021.723622334,107882.552755332,14.150387297394,1,Nonempty,152568.969250022
LastFM,Local,11.3609875048058,8,1,1,296345.462385817,189580.537614183,106764.924771634,14.0037939102353,1,Nonempty,150988.404597787
LastFM,Local,11.4831486607715,8,1,1,295786.648393968,190139.351606033,105647.296787935,13.8572005230765,1,Nonempty,149407.839945553
LastFM,Local,11.6053098167371,8,1,1,295227.834402118,190698.165597882,104529.668804236,13.7106071359177,1,Nonempty,147827.275293319
LastFM,Local,11.7274709727028,8,1,1,294669.020410269,191256.979589731,103412.040820538,13.5640137487589,1,Nonempty,146246.710641085
LastFM,Local,11.8496321286685,8,1,1,294110.20641842,191815.79358158,102294.412836839,13.4174203616001,1,Nonempty,144666.145988851
LastFM,Local,11.9717932846341,8,1,1,293551.39242657,192374.60757343,101176.784853141,13.2708269744413,1,Nonempty,143085.581336616
LastFM,Local,12.0301728266809,8,1,1,293284.341049431,192641.658950569,100642.682098863,13.2007715239852,1,Nonempty,142330.245977816
LastFM,Local,12.0302931296122,8,1,1,293283.790735703,192642.209264298,100641.581471405,13.2006271604676,1,Nonempty,142328.689455538
LastFM,Local,12.0304134325435,8,1,1,293283.240421974,192642.759578026,100640.480843947,13.20048279695,1,Nonempty,142327.13293326
LastFM,Local,12.0939544405998,8,1,1,292992.578434721,192933.421565279,100059.156869442,13.1242335872825,1,Nonempty,141505.016684382
LastFM,Local,12.2161155965654,8,1,1,292433.764442872,193492.235557128,98941.5288857435,12.9776402001238,1,Nonempty,139924.452032148
LastFM,Local,12.3382767525311,8,1,1,291874.950451022,194051.049548978,97823.9009020449,12.831046812965,1,Nonempty,138343.887379914
LastFM,Local,12.4604379084967,8,1,1,291316.136459173,194609.863540827,96706.2729183463,12.6844534258062,1,Nonempty,136763.322727679
LastFM,Local,12.5825990644624,8,1,1,290757.322467324,195168.677532676,95588.6449346477,12.5378600386474,1,Nonempty,135182.758075445
LastFM,Local,12.704760220428,8,1,1,290198.508475475,195727.491524525,94471.0169509492,12.3912666514886,1,Nonempty,133602.193423211
LastFM,Local,12.8269213763937,8,1,1,289639.694483625,196286.305516375,93353.3889672506,12.2446732643298,1,Nonempty,132021.628770977
LastFM,Local,12.9490825323593,8,1,1,289080.880491776,196845.119508224,92235.760983552,12.098079877171,1,Nonempty,130441.064118742
LastFM,Local,13.071243688325,8,1,1,288522.066499927,197403.933500073,91118.1329998534,11.9514864900123,1,Nonempty,128860.499466508
LastFM,Local,13.1934048442907,8,1,1,287963.252508077,197962.747491923,90000.5050161548,11.8048931028535,1,Nonempty,127279.934814274
LastFM,Local,13.3155660002563,8,1,1,287404.438516228,198521.561483772,88882.8770324562,11.6582997156947,1,Nonempty,125699.37016204
LastFM,Local,13.437727156222,8,1,1,286845.624524379,199080.375475621,87765.2490487576,11.5117063285359,1,Nonempty,124118.805509805
LastFM,Local,13.5598883121876,8,1,1,286286.81053253,199639.189467471,86647.621065059,11.3651129413771,1,Nonempty,122538.240857571
LastFM,Local,13.6820494681533,8,1,1,285727.99654068,200198.00345932,85529.9930813604,11.2185195542183,1,Nonempty,120957.676205337
LastFM,Local,13.8042106241189,8,1,1,285169.182548831,200756.817451169,84412.3650976619,11.0719261670595,1,Nonempty,119377.111553103
LastFM,Local,13.9263717800846,8,1,1,284610.368556982,201315.631443018,83294.7371139633,10.9253327799007,1,Nonempty,117796.546900868
LastFM,Local,14.0485329360502,8,1,1,284051.554565132,201874.445434868,82177.1091302647,10.778739392742,1,Nonempty,116215.982248634
LastFM,Local,14.1706940920159,8,1,1,283492.740573283,202433.259426717,81059.4811465661,10.6321460055832,1,Nonempty,114635.4175964
LastFM,Local,14.2928552479815,8,1,1,282933.926581434,202992.073418566,79941.8531628675,10.4855526184244,1,Nonempty,113054.852944166
LastFM,Local,14.4150164039472,8,1,1,282375.112589585,203550.887410416,78824.2251791689,10.3389592312656,1,Nonempty,111474.288291932
LastFM,Local,14.5371775599129,8,1,1,281816.298597735,204109.701402265,77706.5971954704,10.1923658441068,1,Nonempty,109893.723639697
LastFM,Local,14.6593387158785,8,1,1,281257.484605886,204668.515394114,76588.9692117718,10.045772456948,1,Nonempty,108313.158987463
LastFM,Local,14.7814998718442,8,1,1,280698.670614037,205227.329385963,75471.3412280732,9.89917906978924,1,Nonempty,106732.594335229
LastFM,Local,14.9036610278098,8,1,1,280139.856622187,205786.143377813,74353.7132443746,9.75258568263046,1,Nonempty,105152.029682995
LastFM,Local,15.0258221837755,8,1,1,279581.042630338,206344.957369662,73236.085260676,9.60599229547167,1,Nonempty,103571.46503076
LastFM,Local,15.1479833397411,8,1,1,279022.228638489,206903.771361511,72118.4572769774,9.45939890831288,1,Nonempty,101990.900378526
LastFM,Local,15.2701444957068,8,1,1,278463.414646639,207462.585353361,71000.8292932788,9.3128055211541,1,Nonempty,100410.335726292
LastFM,Local,15.3923056516724,8,1,1,277904.60065479,208021.39934521,69883.2013095803,9.16621213399531,1,Nonempty,98829.7710740577
LastFM,Local,15.5144668076381,8,1,1,277345.786662941,208580.213337059,68765.5733258816,9.01961874683652,1,Nonempty,97249.2064218234
LastFM,Local,15.6366279636037,8,1,1,276786.972671092,209139.027328909,67647.9453421831,8.87302535967774,1,Nonempty,95668.6417695892
LastFM,Local,15.7587891195694,8,1,1,276228.158679242,209697.841320758,66530.3173584845,8.72643197251895,1,Nonempty,94088.0771173549
LastFM,Local,15.880950275535,8,1,1,275669.344687393,210256.655312607,65412.6893747859,8.57983858536016,1,Nonempty,92507.5124651207
LastFM,Local,16.0031114315007,8,1,1,275110.530695544,210815.469304456,64295.0613910873,8.43324519820138,1,Nonempty,90926.9478128864
LastFM,Local,16.1252725874664,8,1,1,274551.716703694,211374.283296306,63177.4334073887,8.28665181104259,1,Nonempty,89346.3831606522
LastFM,Local,16.247433743432,8,1,1,273992.902711845,211933.097288155,62059.8054236902,8.14005842388381,1,Nonempty,87765.818508418
LastFM,Local,16.3695948993977,8,1,1,273434.088719996,212491.911280004,60942.1774399915,7.99346503672502,1,Nonempty,86185.2538561837
LastFM,Local,16.3920409991349,8,1,1,273331.411281358,212594.588718642,60736.8225627152,7.96652971704029,1,Nonempty,85894.83820364
LastFM,Local,16.3922049211842,8,1,1,273330.661436336,212595.338563664,60735.3228726713,7.96633301058123,1,Nonempty,85892.7173216407
LastFM,Local,16.3923688432334,8,1,1,273329.911591314,212596.088408686,60733.8231826275,7.96613630412218,1,Nonempty,85890.5964396413
LastFM,Local,16.4917560553633,8,1,1,272875.274728147,213050.725271854,59824.549456293,7.84687164956623,1,Nonempty,84604.6892039495
LastFM,Local,16.613917211329,8,1,1,272316.460736297,213609.539263703,58706.9214725944,7.70027826240745,1,Nonempty,83024.1245517153
LastFM,Local,16.7360783672946,8,1,1,271757.646744448,214168.353255552,57589.2934888958,7.55368487524866,1,Nonempty,81443.559899481
LastFM,Local,16.8582395232603,8,1,1,271198.832752599,214727.167247401,56471.6655051972,7.40709148808988,1,Nonempty,79862.9952472468
LastFM,Local,16.9804006792259,8,1,1,270640.018760749,215285.981239251,55354.0375214986,7.26049810093109,1,Nonempty,78282.4305950125
LastFM,Local,17.1025618351916,8,1,1,270081.2047689,215844.7952311,54236.4095378001,7.11390471377231,1,Nonempty,76701.8659427783
LastFM,Local,17.2247229911572,8,1,1,269522.390777051,216403.609222949,53118.7815541014,6.96731132661352,1,Nonempty,75121.3012905441
LastFM,Local,17.2590546280277,8,1,1,269365.344137351,216560.655862649,52804.6882747013,6.926113362369,1,Nonempty,74677.1063149661
LastFM,Local,17.2592272202999,8,1,1,269364.554631261,216561.445368739,52803.1092625213,6.92590625164236,1,Nonempty,74674.8732545261
LastFM,Local,17.2593998125721,8,1,1,269363.765125171,216562.234874829,52801.5302503414,6.92569914091571,1,Nonempty,74672.640194086
LastFM,Local,17.3468841471229,8,1,1,268963.576785201,216962.423214799,52001.1535704029,6.82071793945473,1,Nonempty,73540.7366383099
LastFM,Local,17.4690453030885,8,1,1,268404.762793352,217521.237206648,50883.5255867043,6.67412455229594,1,Nonempty,71960.1719860756
LastFM,Local,17.5912064590542,8,1,1,267845.948801503,218080.051198497,49765.8976030057,6.52753116513716,1,Nonempty,70379.6073338414
LastFM,Local,17.7133676150199,8,1,1,267287.134809654,218638.865190347,48648.2696193071,6.38093777797837,1,Nonempty,68799.0426816071
LastFM,Local,17.8355287709855,8,1,1,266728.320817804,219197.679182196,47530.6416356085,6.23434439081958,1,Nonempty,67218.4780293729
LastFM,Local,17.9576899269512,8,1,1,266169.506825955,219756.493174045,46413.0136519099,6.0877510036608,1,Nonempty,65637.9133771387
LastFM,Local,18.0798510829168,8,1,1,265610.692834106,220315.307165894,45295.3856682113,5.94115761650201,1,Nonempty,64057.3487249044
LastFM,Local,18.2020122388825,8,1,1,265051.878842256,220874.121157744,44177.7576845128,5.79456422934323,1,Nonempty,62476.7840726702
LastFM,Local,18.3241733948481,8,1,1,264493.064850407,221432.935149593,43060.1297008142,5.64797084218444,1,Nonempty,60896.2194204359
LastFM,Local,18.4463345508138,8,1,1,263934.250858558,221991.749141442,41942.5017171156,5.50137745502566,1,Nonempty,59315.6547682017
LastFM,Local,18.5684957067794,8,1,1,263375.436866709,222550.563133292,40824.873733417,5.35478406786687,1,Nonempty,57735.0901159674
LastFM,Local,18.6906568627451,8,1,1,262816.622874859,223109.377125141,39707.2457497184,5.20819068070808,1,Nonempty,56154.5254637332
LastFM,Local,18.8128180187107,8,1,1,262257.80888301,223668.19111699,38589.6177660198,5.0615972935493,1,Nonempty,54573.960811499
LastFM,Local,18.9349791746764,8,1,1,261698.994891161,224227.005108839,37471.9897823212,4.91500390639051,1,Nonempty,52993.3961592647
LastFM,Local,19.0571403306421,8,1,1,261140.180899311,224785.819100689,36354.3617986226,4.76841051923172,1,Nonempty,51412.8315070305
LastFM,Local,19.1793014866077,8,1,1,260581.366907462,225344.633092538,35236.7338149241,4.62181713207294,1,Nonempty,49832.2668547963
LastFM,Local,19.3014626425734,8,1,1,260022.552915613,225903.447084387,34119.1058312255,4.47522374491415,1,Nonempty,48251.7022025621
LastFM,Local,19.423623798539,8,1,1,259463.738923764,226462.261076237,33001.4778475269,4.32863035775536,1,Nonempty,46671.1375503278
LastFM,Local,19.5457849545047,8,1,1,258904.924931914,227021.075068086,31883.8498638283,4.18203697059658,1,Nonempty,45090.5728980936
LastFM,Local,19.6679461104703,8,1,1,258346.110940065,227579.889059935,30766.2218801297,4.03544358343779,1,Nonempty,43510.0082458593
LastFM,Local,19.790107266436,8,1,1,257787.296948216,228138.703051784,29648.5938964311,3.88885019627901,1,Nonempty,41929.4435936251
LastFM,Local,19.9122684224016,8,1,1,257228.482956366,228697.517043634,28530.9659127326,3.74225680912022,1,Nonempty,40348.8789413909
LastFM,Local,20.0344295783673,8,1,1,256669.668964517,229256.331035483,27413.337929034,3.59566342196143,1,Nonempty,38768.3142891566
LastFM,Local,20.1213626059688,8,1,1,256272.002523056,229653.997476944,26618.0050461128,3.49134378883956,1,Nonempty,37643.5437395283
LastFM,Local,20.1215638216071,8,1,1,256271.082082241,229654.917917759,26616.1641644819,3.4911023300737,1,Nonempty,37640.9403397591
LastFM,Local,20.1217650372453,8,1,1,256270.161641426,229655.838358575,26614.323282851,3.49086087130784,1,Nonempty,37638.3369399899
LastFM,Local,20.1565907343329,8,1,1,256110.854972668,229815.145027332,26295.7099453354,3.44907003480265,1,Nonempty,37187.7496369224
LastFM,Local,20.2787518902986,8,1,1,255552.040980818,230373.959019182,25178.0819616368,3.30247664764386,1,Nonempty,35607.1849846881
LastFM,Local,20.4009130462643,8,1,1,254993.226988969,230932.773011031,24060.4539779382,3.15588326048507,1,Nonempty,34026.6203324539
LastFM,Local,20.5230742022299,8,1,1,254434.41299712,231491.58700288,22942.8259942396,3.00928987332629,1,Nonempty,32446.0556802197
LastFM,Local,20.6452353581956,8,1,1,253875.599005271,232050.40099473,21825.198010541,2.8626964861675,1,Nonempty,30865.4910279854
LastFM,Local,20.6896946188367,8,1,1,253672.224563394,232253.775436606,21418.4491267878,2.80934537339819,1,Nonempty,30290.2612401014
LastFM,Local,20.6899015178518,8,1,1,253671.278124539,232254.721875461,21416.5562490777,2.80909709457997,1,Nonempty,30287.5843067719
LastFM,Local,20.690108416867,8,1,1,253670.331685684,232255.668314316,21414.6633713676,2.80884881576176,1,Nonempty,30284.9073734425
LastFM,Local,20.7673965141612,8,1,1,253316.785013421,232609.214986579,20707.5700268424,2.71610309900871,1,Nonempty,29284.9263757512
LastFM,Local,20.8798376472217,8,1,1,252802.434294349,233123.565705651,19678.8685886984,2.5811737393361,1,Nonempty,27830.1228502952
LastFM,Local,20.8800464476862,8,1,1,252801.479157505,233124.520842496,19676.958315009,2.58092317877873,1,Nonempty,27827.4213153358
LastFM,Local,20.8802552481507,8,1,1,252800.52402066,233125.47597934,19675.0480413196,2.58067261822136,1,Nonempty,27824.7197803764
LastFM,Local,20.8895576701269,8,1,1,252757.971021572,233168.028978428,19589.9420431439,2.56950971184993,1,Nonempty,27704.361723517
LastFM,Local,21.0117188260925,8,1,1,252199.157029723,233726.842970277,18472.3140594453,2.42291632469114,1,Nonempty,26123.7970712827
LastFM,Local,21.0520024133134,8,1,1,252014.88378834,233911.116211661,18103.7675766789,2.37457602002609,1,Nonempty,25602.5936369896
LastFM,Local,21.0522129354428,8,1,1,252013.920775911,233912.079224089,18101.8415518219,2.37432339347087,1,Nonempty,25599.8698265153
LastFM,Local,21.0524234575721,8,1,1,252012.957763482,233913.042236518,18099.9155269648,2.37407076691564,1,Nonempty,25597.1460160411
LastFM,Local,21.1338799820582,8,1,1,251640.343037873,234285.656962127,17354.6860757467,2.27632293753236,1,Nonempty,24543.2324190485
LastFM,Local,21.2560411380238,8,1,1,251081.529046024,234844.470953976,16237.0580920481,2.12972955037357,1,Nonempty,22962.6677668142
LastFM,Local,21.3782022939895,8,1,1,250522.715054175,235403.284945825,15119.4301083495,1.98313616321479,1,Nonempty,21382.10311458
LastFM,Local,21.5003634499551,8,1,1,249963.901062326,235962.098937675,14001.8021246509,1.836542776056,1,Nonempty,19801.5384623457
LastFM,Local,21.6225246059208,8,1,1,249405.087070476,236520.912929524,12884.1741409524,1.68994938889721,1,Nonempty,18220.9738101115
LastFM,Local,21.7446857618864,8,1,1,248846.273078627,237079.726921373,11766.5461572538,1.54335600173843,1,Nonempty,16640.4091578773
LastFM,Local,21.7770073334775,8,1,1,248698.421281541,237227.578718459,11470.8425630815,1.50457011582915,1,Nonempty,16222.2211245564
LastFM,Local,21.7772251057286,8,1,1,248697.425104156,237228.574895845,11468.850208311,1.50430878912788,1,Nonempty,16219.4035094189
LastFM,Local,21.7774428779796,8,1,1,248696.42892677,237229.57107323,11466.8578535405,1.50404746242661,1,Nonempty,16216.5858942814
LastFM,Local,21.8668469178521,8,1,1,248287.459086778,237638.540913222,10648.9181735552,1.39676261457964,1,Nonempty,15059.8445056431
LastFM,Local,21.8755242798154,8,1,1,248247.765362213,237678.234637787,10569.5307244257,1.38634978022373,1,Nonempty,14947.573698402
LastFM,Local,21.8757430372457,8,1,1,248246.764678223,237679.235321777,10567.5293564467,1.38608727130728,1,Nonempty,14944.7433366628
LastFM,Local,21.8759617946761,8,1,1,248245.763994234,237680.236005766,10565.5279884677,1.38582476239084,1,Nonempty,14941.9129749236
LastFM,Local,21.9890080738178,8,1,1,247728.645094928,238197.354905072,9531.29018985658,1.25016922742085,1,Nonempty,13479.2798534088
LastFM,Local,22.1111692297834,8,1,1,247169.831103079,238756.168896921,8413.66220615801,1.10357584026207,1,Nonempty,11898.7152011746
LastFM,Local,22.12565962819,8,1,1,247103.546224608,238822.453775392,8281.09244921553,1.08618736217413,1,Nonempty,11711.233252946
LastFM,Local,22.1258808869989,8,1,1,247102.534098313,238823.465901688,8279.06819662495,1.08592185160348,1,Nonempty,11708.3705274788
LastFM,Local,22.1261021458078,8,1,1,247101.521972017,238824.478027983,8277.04394403435,1.08565634103284,1,Nonempty,11705.5078020115
LastFM,Local,22.1798960696365,8,1,1,246855.447046855,239070.552953145,7784.89409370968,1.02110363243831,1,Nonempty,11009.5028089624
LastFM,Local,22.1801178708152,8,1,1,246854.432439543,239071.567560457,7782.86487908592,1.02083747102386,1,Nonempty,11006.6330661205
LastFM,Local,22.180339671994,8,1,1,246853.417832231,239072.582167769,7780.83566446218,1.02057130960942,1,Nonempty,11003.7633232787
LastFM,Local,22.2185527961804,8,1,1,246678.615716953,239247.384283048,7431.23143390496,0.974715560585646,1,Nonempty,10509.3482789617
LastFM,Local,22.2187749839303,8,1,1,246677.59934131,239248.40065869,7429.19868261926,0.974448935285842,1,Nonempty,10506.4735345245
LastFM,Local,22.2189971716801,8,1,1,246676.582965667,239249.417034333,7427.16593133353,0.974182309986034,1,Nonempty,10503.5987900873
LastFM,Local,22.2333303857491,8,1,1,246611.01711123,239314.98288877,7296.03422245939,0.956982453103278,1,Nonempty,10318.1505489403
LastFM,Local,22.3217213074044,8,1,1,246206.68167921,239719.318320791,6487.36335841892,0.850913347116858,1,Nonempty,9174.51724551831
LastFM,Local,22.3219445268497,8,1,1,246205.660584179,239720.339415821,6485.32116835806,0.850645483782537,1,Nonempty,9171.6291526373
LastFM,Local,22.322167746295,8,1,1,246204.639489149,239721.360510851,6483.27897829722,0.850377620448219,1,Nonempty,9168.74105975632
LastFM,Local,22.3554915417147,8,1,1,246052.20311938,239873.79688062,6178.40623876083,0.810389065944495,1,Nonempty,8737.58589670611
LastFM,Local,22.3684378673094,8,1,1,245992.98144758,239933.01855242,6059.96289516066,0.794853475230936,1,Nonempty,8570.08171381393
LastFM,Local,22.3686615539249,8,1,1,245991.958215526,239934.041784474,6057.91643105241,0.794585051292288,1,Nonempty,8567.18757651713
LastFM,Local,22.3688852405404,8,1,1,245990.934983472,239935.065016528,6055.86996694418,0.794316627353644,1,Nonempty,8564.29343922037
LastFM,Local,22.4191453663004,8,1,1,245761.025064196,240164.974935804,5596.05012839165,0.734004476441717,1,Nonempty,7914.00998729118
LastFM,Local,22.419369559996,8,1,1,245759.999512555,240166.000487445,5593.99902510934,0.733735444006996,1,Nonempty,7911.1092892115
LastFM,Local,22.4195937536916,8,1,1,245758.973960914,240167.026039087,5591.94792182703,0.733466411572275,1,Nonempty,7908.20859113183
LastFM,Local,22.4288204668742,8,1,1,245716.767284131,240209.232715869,5507.53456826188,0.722394355753132,1,Nonempty,7788.8300816746
LastFM,Local,22.4290447573218,8,1,1,245715.741289908,240210.258710093,5505.48257981511,0.722125207216043,1,Nonempty,7785.92813178335
LastFM,Local,22.4292690477693,8,1,1,245714.715295684,240211.284704316,5503.43059136838,0.721856058678958,1,Nonempty,7783.02618189214
LastFM,Local,22.4488217345291,8,1,1,245625.27348537,240300.72651463,5324.54697074031,0.698392834567197,1,Nonempty,7530.04653951353
LastFM,Local,22.4490462249914,8,1,1,245624.2465762,240301.7534238,5322.49315239929,0.698123446012498,1,Nonempty,7527.142001761
LastFM,Local,22.4492707154536,8,1,1,245623.219667029,240302.780332971,5320.43933405823,0.697854057457795,1,Nonempty,7524.23746400843
LastFM,Local,22.4606622411981,8,1,1,245571.110271664,240354.889728336,5216.22054332768,0.684184226564492,1,Nonempty,7376.84983670316
LastFM,Local,22.4608868500666,8,1,1,245570.082820856,240355.917179144,5214.16564171156,0.683914695922293,1,Nonempty,7373.9437669683
LastFM,Local,22.4611114589351,8,1,1,245569.055370048,240356.944629952,5212.11074009544,0.683645165280094,1,Nonempty,7371.03769723344
LastFM,Local,22.476403525121,8,1,1,245499.103342487,240426.896657513,5072.20668497341,0.665294685856953,1,Nonempty,7173.18348504887
LastFM,Local,22.4766282914039,8,1,1,245498.075171602,240427.924828398,5070.15034320427,0.665024966317454,1,Nonempty,7170.27537863008
LastFM,Local,22.4768530576868,8,1,1,245497.047000718,240428.952999283,5068.09400143512,0.664755246777954,1,Nonempty,7167.36727221128
LastFM,Local,22.4776526976804,8,1,1,245493.389127531,240432.610872469,5060.77825506224,0.663795678785708,1,Nonempty,7157.02124447186
LastFM,Local,22.4846540249062,8,1,1,245461.362256269,240464.637743731,4996.72451253823,0.655394086114668,1,Nonempty,7066.43557307366
LastFM,Local,22.484878873695,8,1,1,245460.33370797,240465.66629203,4994.66741593982,0.655124267568183,1,Nonempty,7063.52639916508
LastFM,Local,22.4851037224837,8,1,1,245459.305159671,240466.694840329,4992.61031934145,0.654854449021701,1,Nonempty,7060.61722525654
LastFM,Local,22.4889940180294,8,1,1,245441.509391727,240484.490608273,4957.01878345347,0.65018609436693,1,Nonempty,7010.28319249808
LastFM,Local,22.4892189102185,8,1,1,245440.480644897,240485.519355103,4954.96128979384,0.64991622374001,1,Nonempty,7007.37345706013
LastFM,Local,22.4894438024076,8,1,1,245439.451898067,240486.548101933,4952.90379613417,0.649646353113086,1,Nonempty,7004.46372162213
LastFM,Local,22.5074866218246,8,1,1,245356.916824926,240569.083175074,4787.83364985193,0.627994969812688,1,Nonempty,6771.01928200688
LastFM,Local,22.5077116989415,8,1,1,245355.887232162,240570.112767838,4785.774464324,0.627724877272298,1,Nonempty,6768.10715390584
LastFM,Local,22.5079367760585,8,1,1,245354.857639398,240571.142360602,4783.71527879609,0.627454784731912,1,Nonempty,6765.19502580483
LastFM,Local,22.5147589765775,8,1,1,245323.650165344,240602.349834656,4721.30033068778,0.6192681441091,1,Nonempty,6676.92695969524
LastFM,Local,22.5149841264188,8,1,1,245322.62023991,240603.37976009,4719.24047982003,0.618997964299584,1,Nonempty,6674.0138906616
LastFM,Local,22.5152092762601,8,1,1,245321.590314476,240604.409685524,4717.18062895228,0.618727784490068,1,Nonempty,6671.10082162796
LastFM,Local,22.5162694816351,8,1,1,245316.740511009,240609.259488991,4707.48102201734,0.61745553804005,1,Nonempty,6657.38350595088
LastFM,Local,22.5164946465816,8,1,1,245315.710516478,240610.289483523,4705.42103295511,0.617185340104291,1,Nonempty,6654.47024148074
LastFM,Local,22.516719811528,8,1,1,245314.680521946,240611.319478054,4703.36104389286,0.616915142168528,1,Nonempty,6651.55697701056
LastFM,Local,22.5224302014582,8,1,1,245288.55891425,240637.44108575,4651.11782849941,0.610062674252283,1,Nonempty,6577.67391325916
LastFM,Local,22.5226554280125,8,1,1,245287.5286379,240638.4713621,4649.0572757996,0.609792402387146,1,Nonempty,6574.75985168511
LastFM,Local,22.5228806545668,8,1,1,245286.49836155,240639.50163845,4646.99672309979,0.609522130522008,1,Nonempty,6571.84579011105
LastFM,Local,22.5390004159002,8,1,1,245212.760125307,240713.239874694,4499.5202506131,0.59017841692197,1,Nonempty,6363.28256258944
LastFM,Local,22.5392258081582,8,1,1,245211.729090961,240714.270909039,4497.45818192238,0.589907946212275,1,Nonempty,6360.36635708048
LastFM,Local,22.5394512004163,8,1,1,245210.698056616,240715.301943384,4495.39611323166,0.589637475502579,1,Nonempty,6357.45015157151
LastFM,Local,22.5456183821257,8,1,1,245182.486900605,240743.513099395,4438.9738012091,0.582236857451351,1,Nonempty,6277.65695268876
LastFM,Local,22.5457949373102,8,1,1,245181.679266568,240744.320733432,4437.35853313675,0.582024991229899,1,Nonempty,6275.37261867398
LastFM,Local,22.5458438405641,8,1,1,245181.455563524,240744.544436476,4436.91112704785,0.581966307325268,1,Nonempty,6274.73989091516
LastFM,Local,22.5460203975142,8,1,1,245180.647921411,240745.352078589,4435.29584282261,0.581754438985127,1,Nonempty,6272.45553405675
LastFM,Local,22.5460692990025,8,1,1,245180.424226443,240745.575773557,4434.84845288657,0.581695757199182,1,Nonempty,6271.82282914152
LastFM,Local,22.5462458577182,8,1,1,245179.616576254,240746.383423746,4433.2331525085,0.58148388674036,1,Nonempty,6269.53844943956
LastFM,Local,22.5555943187716,8,1,1,245136.852976011,240789.147023989,4347.7059520226,0.570265733476207,1,Nonempty,6148.58472256059
LastFM,Local,22.5558198769704,8,1,1,245135.821182587,240790.178817413,4345.64236517367,0.56999506363768,1,Nonempty,6145.6663700517
LastFM,Local,22.5560454351692,8,1,1,245134.789389162,240791.210610838,4343.57877832477,0.569724393799156,1,Nonempty,6142.74801754284
LastFM,Local,22.599813853646,8,1,1,244934.575135682,240991.424864318,3943.15027136364,0.517202291626921,1,Nonempty,5576.45659223762
LastFM,Local,22.605988874742,8,1,1,244906.32811918,241019.67188082,3886.65623836074,0.509792266311744,1,Nonempty,5496.56196457175
LastFM,Local,22.6062149368914,8,1,1,244905.294020484,241020.705979516,3884.58804096858,0.5095209917325,1,Nonempty,5493.6370917701
LastFM,Local,22.6064409990407,8,1,1,244904.259921788,241021.740078212,3882.51984357642,0.509249717153255,1,Nonempty,5490.71221896844
LastFM,Local,22.6247993628886,8,1,1,244820.281422203,241105.718577797,3714.5628444053,0.487219680535847,1,Nonempty,5253.18515284516
LastFM,Local,22.6250256131447,8,1,1,244819.246463031,241106.753536969,3712.492926062,0.486948180228489,1,Nonempty,5250.25784625105
LastFM,Local,22.6252518634009,8,1,1,244818.211503859,241107.788496141,3710.42300771872,0.486676679921134,1,Nonempty,5247.33053965699
LastFM,Local,22.6305994859767,8,1,1,244793.749339149,241132.250660852,3661.49867829689,0.480259532830127,1,Nonempty,5178.14108945863
LastFM,Local,22.6308257942346,8,1,1,244792.714114653,241133.285885347,3659.42822930662,0.479987962920596,1,Nonempty,5175.21303241638
LastFM,Local,22.6310521024926,8,1,1,244791.678890158,241134.321109842,3657.35778031635,0.479716393011064,1,Nonempty,5172.28497537414
LastFM,Local,22.6781381463464,8,1,1,244576.288491153,241349.711508847,3226.57698230669,0.423213140386502,1,Nonempty,4563.06892841898
LastFM,Local,22.6783649299957,8,1,1,244575.251092028,241350.748907972,3224.50218405598,0.422941000007342,1,Nonempty,4560.13472059363
LastFM,Local,22.678591713645,8,1,1,244574.213692903,241351.786307097,3222.42738580526,0.422668859628182,1,Nonempty,4557.20051276828
LastFM,Local,22.7084022025227,8,1,1,244437.84859258,241488.15140742,2949.69718516036,0.386896272974864,1,Nonempty,4171.50176414752
LastFM,Local,22.7086292888156,8,1,1,244436.809809042,241489.190190958,2947.61961808396,0.386623769423395,1,Nonempty,4168.56364061134
LastFM,Local,22.7088563751085,8,1,1,244435.771025504,241490.228974496,2945.54205100759,0.38635126587193,1,Nonempty,4165.6255170752
LastFM,Local,22.7219750096117,8,1,1,244375.761143833,241550.238856168,2825.52228766508,0.370608904468138,1,Nonempty,3995.89194000341
LastFM,Local,22.7800487569052,8,1,1,244110.108594213,241815.891405787,2294.21718842615,0.300920407715917,1,Nonempty,3244.51306290173
LastFM,Local,22.7802765596708,8,1,1,244109.066533242,241816.933466758,2292.13306648424,0.300647044397198,1,Nonempty,3241.56566938584
LastFM,Local,22.7805043624364,8,1,1,244108.024472271,241817.975527729,2290.04894454236,0.300373681078484,1,Nonempty,3238.61827587
LastFM,Local,22.8441361655773,8,1,1,243816.947151983,242109.052848017,1707.89430396646,0.224015517309347,1,Nonempty,2415.32728776912
LastFM,Local,22.966297321543,8,1,1,243258.133160134,242667.866839866,590.266320267896,0.0774221301505635,1,Nonempty,834.762635534919
LastFM,Local,23.0305854551775,8,1,1,242964.053521636,242961.946478364,2.10704327255371,0.000276369789159721,1,Nonempty,2.97980917255245
LastFM,Local,23.0308157633351,8,1,1,242963,242963,0,0,NaN,Boundary,0
LastFM,Local,23.0310460714928,8,1,1,242961.946478364,242964.053521636,-2.10704327255371,-0.000276369789159721,0,Empty,NaN
LastFM,Local,23.0884584775086,8,1,1,242699.319168285,243226.680831715,-527.361663430696,-0.0691712570082235,0,Empty,NaN
LastFM,Local,23.2106196334743,8,1,1,242140.505176435,243785.494823565,-1644.98964712926,-0.215764644167007,0,Empty,NaN
LastFM,Local,23.33278078944,8,1,1,241581.691184586,244344.308815414,-2762.61763082788,-0.362358031325798,0,Empty,NaN
LastFM,Local,23.4549419454056,8,1,1,241022.877192737,244903.122807263,-3880.24561452644,-0.508951418484581,0,Empty,NaN
LastFM,Local,23.5771031013713,8,1,1,240464.063200888,245461.936799113,-4997.87359822501,-0.655544805643364,0,Empty,NaN
LastFM,Local,23.6992642573369,8,1,1,239905.249209038,246020.750790962,-6115.50158192363,-0.802138192802155,0,Empty,NaN
LastFM,Local,23.8214254133026,8,1,1,239346.435217189,246579.564782811,-7233.12956562219,-0.948731579960938,0,Empty,NaN
LastFM,Local,23.9435865692682,8,1,1,238787.62122534,247138.37877466,-8350.75754932078,-1.09532496711973,0,Empty,NaN
LastFM,Local,24.0657477252339,8,1,1,238228.80723349,247697.19276651,-9468.38553301935,-1.24191835427851,0,Empty,NaN
LastFM,Local,24.1879088811995,8,1,1,237669.993241641,248256.006758359,-10586.013516718,-1.3885117414373,0,Empty,NaN
LastFM,Local,24.3068498419091,8,1,1,237125.909710971,248800.090289029,-11674.180578058,-1.53124089428883,0,Empty,NaN
LastFM,Local,24.3070929128383,8,1,1,237124.797807313,248801.202192687,-11676.4043853744,-1.53153257940378,0,Empty,NaN
LastFM,Local,24.3073359837674,8,1,1,237123.685903655,248802.314096345,-11678.6281926908,-1.53182426451873,0,Empty,NaN
LastFM,Local,24.3100700371652,8,1,1,237111.179249792,248814.820750208,-11703.6415004165,-1.53510512859608,0,Empty,NaN
LastFM,Local,24.4322311931308,8,1,1,236552.365257942,249373.634742058,-12821.2694841151,-1.68169851575487,0,Empty,NaN
LastFM,Local,24.5543923490965,8,1,1,235993.551266093,249932.448733907,-13938.8974678137,-1.82829190291366,0,Empty,NaN
LastFM,Local,24.6765535050621,8,1,1,235434.737274244,250491.262725756,-15056.5254515123,-1.97488529007244,0,Empty,NaN
LastFM,Local,24.7987146610278,8,1,1,234875.923282395,251050.076717606,-16174.1534352109,-2.12147867723123,0,Empty,NaN
LastFM,Local,24.8973384904844,8,1,1,234424.778436928,251501.221563072,-17076.4431261437,-2.23982727257918,0,Empty,NaN
LastFM,Local,24.8975874663591,8,1,1,234423.639521687,251502.360478313,-17078.7209566257,-2.24012604362877,0,Empty,NaN
LastFM,Local,24.8978364422337,8,1,1,234422.500606446,251503.499393554,-17080.9987871078,-2.24042481467836,0,Empty,NaN
LastFM,Local,24.9208758169935,8,1,1,234317.109290545,251608.890709455,-17291.7814189095,-2.26807206439002,0,Empty,NaN
LastFM,Local,25.0430369729591,8,1,1,233758.295298696,252167.704701304,-18409.4094026081,-2.4146654515488,0,Empty,NaN
LastFM,Local,25.1279926621972,8,1,1,233369.673993845,252556.326006155,-19186.6520123097,-2.51661227863454,0,Empty,NaN
LastFM,Local,25.1282439446367,8,1,1,233368.524527454,252557.475472546,-19188.9509450917,-2.51691381756187,0,Empty,NaN
LastFM,Local,25.1284952270761,8,1,1,233367.375061063,252558.624938937,-19191.2498778737,-2.51721535648921,0,Empty,NaN
LastFM,Local,25.1651981289248,8,1,1,233199.481306847,252726.518693153,-19527.0373863067,-2.56125883870759,0,Empty,NaN
LastFM,Local,25.2873592848904,8,1,1,232640.667314997,253285.332685003,-20644.6653700052,-2.70785222586637,0,Empty,NaN
LastFM,Local,25.4095204408561,8,1,1,232081.853323148,253844.146676852,-21762.2933537038,-2.85444561302516,0,Empty,NaN
LastFM,Local,25.5316815968217,8,1,1,231523.039331299,254402.960668701,-22879.9213374024,-3.00103900018395,0,Empty,NaN
LastFM,Local,25.6538427527874,8,1,1,230964.22533945,254961.774660551,-23997.549321101,-3.14763238734273,0,Empty,NaN
LastFM,Local,25.776003908753,8,1,1,230405.4113476,255520.5886524,-25115.1773047996,-3.29422577450152,0,Empty,NaN
LastFM,Local,25.8981650647187,8,1,1,229846.597355751,256079.402644249,-26232.8052884982,-3.44081916166031,0,Empty,NaN
LastFM,Local,26.0172008518259,8,1,1,229302.080051208,256623.919948792,-27321.8398975849,-3.58366210618899,0,Empty,NaN
LastFM,Local,26.0174610264362,8,1,1,229300.88990847,256625.11009153,-27324.2201830593,-3.58397431572131,0,Empty,NaN
LastFM,Local,26.0177212010465,8,1,1,229299.699765733,256626.300234267,-27326.6004685337,-3.58428652525363,0,Empty,NaN
LastFM,Local,26.0203262206843,8,1,1,229287.783363902,256638.216636098,-27350.4332721968,-3.58741254881909,0,Empty,NaN
LastFM,Local,26.14248737665,8,1,1,228728.969372052,257197.030627948,-28468.0612558953,-3.73400593597788,0,Empty,NaN
LastFM,Local,26.2646485326157,8,1,1,228170.155380203,257755.844619797,-29585.6892395939,-3.88059932313666,0,Empty,NaN
LastFM,Local,26.3868096885813,8,1,1,227611.341388354,258314.658611646,-30703.3172232925,-4.02719271029545,0,Empty,NaN
LastFM,Local,26.508970844547,8,1,1,227052.527396505,258873.472603496,-31820.9452069911,-4.17378609745423,0,Empty,NaN
LastFM,Local,26.6311320005126,8,1,1,226493.713404655,259432.286595345,-32938.5731906897,-4.32037948461302,0,Empty,NaN
LastFM,Local,26.7532931564783,8,1,1,225934.899412806,259991.100587194,-34056.2011743883,-4.46697287177181,0,Empty,NaN
LastFM,Local,26.8754543124439,8,1,1,225376.085420957,260549.914579043,-35173.8291580869,-4.61356625893059,0,Empty,NaN
LastFM,Local,26.9976154684096,8,1,1,224817.271429107,261108.728570893,-36291.4571417854,-4.76015964608938,0,Empty,NaN
LastFM,Local,27.1197766243752,8,1,1,224258.457437258,261667.542562742,-37409.085125484,-4.90675303324817,0,Empty,NaN
LastFM,Local,27.2419377803409,8,1,1,223699.643445409,262226.356554591,-38526.7131091826,-5.05334642040696,0,Empty,NaN
LastFM,Local,27.3640989363065,8,1,1,223140.829453559,262785.170546441,-39644.3410928813,-5.19993980756575,0,Empty,NaN
LastFM,Local,27.4862600922722,8,1,1,222582.01546171,263343.98453829,-40761.9690765798,-5.34653319472453,0,Empty,NaN
LastFM,Local,27.6084212482379,8,1,1,222023.201469861,263902.798530139,-41879.5970602784,-5.49312658188332,0,Empty,NaN
LastFM,Local,27.7305824042035,8,1,1,221464.387478012,264461.612521989,-42997.225043977,-5.6397199690421,0,Empty,NaN
LastFM,Local,27.8527435601692,8,1,1,220905.573486162,265020.426513838,-44114.8530276756,-5.78631335620089,0,Empty,NaN
LastFM,Local,27.9749047161348,8,1,1,220346.759494313,265579.240505687,-45232.4810113741,-5.93290674335967,0,Empty,NaN
LastFM,Local,28.0970658721005,8,1,1,219787.945502464,266138.054497536,-46350.1089950727,-6.07950013051845,0,Empty,NaN
LastFM,Local,28.2192270280661,8,1,1,219229.131510614,266696.868489386,-47467.7369787713,-6.22609351767724,0,Empty,NaN
LastFM,Local,28.3413881840318,8,1,1,218670.317518765,267255.682481235,-48585.3649624699,-6.37268690483603,0,Empty,NaN
LastFM,Local,28.4635493399974,8,1,1,218111.503526916,267814.496473084,-49702.9929461685,-6.51928029199482,0,Empty,NaN
LastFM,Local,28.5857104959631,8,1,1,217552.689535067,268373.310464934,-50820.6209298671,-6.6658736791536,0,Empty,NaN
LastFM,Local,28.7078716519287,8,1,1,216993.875543217,268932.124456783,-51938.2489135657,-6.81246706631239,0,Empty,NaN
LastFM,Local,28.8300328078944,8,1,1,216435.061551368,269490.938448632,-53055.8768972642,-6.95906045347117,0,Empty,NaN
LastFM,Local,28.95219396386,8,1,1,215876.247559519,270049.752440481,-54173.5048809628,-7.10565384062996,0,Empty,NaN
LastFM,Local,29.0743551198257,8,1,1,215317.433567669,270608.566432331,-55291.1328646614,-7.25224722778875,0,Empty,NaN
LastFM,Local,29.1965162757914,8,1,1,214758.61957582,271167.38042418,-56408.76084836,-7.39884061494754,0,Empty,NaN
LastFM,Local,29.318677431757,8,1,1,214199.805583971,271726.194416029,-57526.3888320586,-7.54543400210632,0,Empty,NaN
LastFM,Local,29.4408385877227,8,1,1,213640.991592121,272285.008407879,-58644.0168157572,-7.69202738926511,0,Empty,NaN
LastFM,Local,29.5629997436883,8,1,1,213082.177600272,272843.822399728,-59761.6447994558,-7.83862077642389,0,Empty,NaN
LastFM,Local,29.685160899654,8,1,1,212523.363608423,273402.636391577,-60879.2727831543,-7.98521416358268,0,Empty,NaN
LastFM,Local,29.8073220556196,8,1,1,211964.549616574,273961.450383427,-61996.9007668529,-8.13180755074146,0,Empty,NaN
LastFM,Local,29.9294832115853,8,1,1,211405.735624724,274520.264375276,-63114.5287505515,-8.27840093790025,0,Empty,NaN
LastFM,Local,30.0516443675509,8,1,1,210846.921632875,275079.078367125,-64232.1567342501,-8.42499432505904,0,Empty,NaN
LastFM,Local,30.1738055235166,8,1,1,210288.107641026,275637.892358974,-65349.7847179487,-8.57158771221783,0,Empty,NaN
LastFM,Local,30.2959666794822,8,1,1,209729.293649176,276196.706350824,-66467.4127016473,-8.71818109937661,0,Empty,NaN
LastFM,Local,30.4181278354479,8,1,1,209170.479657327,276755.520342673,-67585.0406853459,-8.8647744865354,0,Empty,NaN
LastFM,Local,30.5402889914136,8,1,1,208611.665665478,277314.334334522,-68702.6686690444,-9.01136787369418,0,Empty,NaN
LastFM,Local,30.6624501473792,8,1,1,208052.851673629,277873.148326372,-69820.296652743,-9.15796126085297,0,Empty,NaN
LastFM,Local,30.7846113033449,8,1,1,207494.037681779,278431.962318221,-70937.9246364416,-9.30455464801175,0,Empty,NaN
LastFM,Local,30.9067724593105,8,1,1,206935.22368993,278990.77631007,-72055.5526201403,-9.45114803517055,0,Empty,NaN
LastFM,Local,31.0289336152762,8,1,1,206376.409698081,279549.590301919,-73173.1806038388,-9.59774142232933,0,Empty,NaN
LastFM,Local,31.1510947712418,8,1,1,205817.595706231,280108.404293769,-74290.8085875374,-9.74433480948811,0,Empty,NaN
LastFM,Local,31.2732559272075,8,1,1,205258.781714382,280667.218285618,-75408.4365712359,-9.8909281966469,0,Empty,NaN
LastFM,Local,31.3954170831731,8,1,1,204699.967722533,281226.032277467,-76526.0645549345,-10.0375215838057,0,Empty,NaN
LastFM,Local,31.5175782391388,8,1,1,204141.153730683,281784.846269317,-77643.6925386331,-10.1841149709645,0,Empty,NaN
LastFM,Local,31.6397393951044,8,1,1,203582.339738834,282343.660261166,-78761.3205223317,-10.3307083581233,0,Empty,NaN
LastFM,Local,31.7619005510701,8,1,1,203023.525746985,282902.474253015,-79878.9485060303,-10.477301745282,0,Empty,NaN
LastFM,Local,31.8678089619377,8,1,1,202539.058312312,283386.941687688,-80847.883375376,-10.6043918383232,0,Empty,NaN
LastFM,Local,31.8681276432141,8,1,1,202537.600536681,283388.399463319,-80850.7989266378,-10.6047742558549,0,Empty,NaN
LastFM,Local,31.8684463244906,8,1,1,202536.14276105,283389.85723895,-80853.7144778997,-10.6051566733866,0,Empty,NaN
LastFM,Local,31.8840617070358,8,1,1,202464.711755136,283461.288244865,-80996.5764897289,-10.6238951324408,0,Empty,NaN
LastFM,Local,32.0062228630014,8,1,1,201905.897763286,284020.102236714,-82114.2044734275,-10.7704885195996,0,Empty,NaN
LastFM,Local,32.1283840189671,8,1,1,201347.083771437,284578.916228563,-83231.8324571261,-10.9170819067584,0,Empty,NaN
LastFM,Local,32.2505451749327,8,1,1,200788.269779588,285137.730220412,-84349.4604408247,-11.0636752939172,0,Empty,NaN
LastFM,Local,32.3727063308984,8,1,1,200229.455787738,285696.544212262,-85467.0884245232,-11.210268681076,0,Empty,NaN
LastFM,Local,32.494867486864,8,1,1,199670.641795889,286255.358204111,-86584.7164082218,-11.3568620682348,0,Empty,NaN
LastFM,Local,32.6170286428297,8,1,1,199111.82780404,286814.17219596,-87702.3443919204,-11.5034554553936,0,Empty,NaN
LastFM,Local,32.7391897987953,8,1,1,198553.013812191,287372.98618781,-88819.9723756191,-11.6500488425523,0,Empty,NaN
LastFM,Local,32.861350954761,8,1,1,197994.199820341,287931.800179659,-89937.6003593176,-11.7966422297111,0,Empty,NaN
LastFM,Local,32.9835121107266,8,1,1,197435.385828492,288490.614171508,-91055.2283430162,-11.9432356168699,0,Empty,NaN
LastFM,Local,33.1056732666923,8,1,1,196876.571836643,289049.428163357,-92172.8563267148,-12.0898290040287,0,Empty,NaN
LastFM,Local,33.2278344226579,8,1,1,196317.757844793,289608.242155207,-93290.4843104133,-12.2364223911875,0,Empty,NaN
LastFM,Local,33.3499955786236,8,1,1,195758.943852944,290167.056147056,-94408.1122941119,-12.3830157783463,0,Empty,NaN
LastFM,Local,33.4721567345893,8,1,1,195200.129861095,290725.870138905,-95525.7402778105,-12.5296091655051,0,Empty,NaN
LastFM,Local,33.5943178905549,8,1,1,194641.315869245,291284.684130755,-96643.3682615092,-12.6762025526638,0,Empty,NaN
LastFM,Local,33.7164790465206,8,1,1,194082.501877396,291843.498122604,-97760.9962452077,-12.8227959398226,0,Empty,NaN
LastFM,Local,33.8386402024862,8,1,1,193523.687885547,292402.312114453,-98878.6242289063,-12.9693893269814,0,Empty,NaN
LastFM,Local,33.9608013584519,8,1,1,192964.873893698,292961.126106302,-99996.2522126049,-13.1159827141402,0,Empty,NaN
LastFM,Local,34.0829625144175,8,1,1,192406.059901848,293519.940098152,-101113.880196303,-13.262576101299,0,Empty,NaN
LastFM,Local,34.2051236703832,8,1,1,191847.245909999,294078.754090001,-102231.508180002,-13.4091694884578,0,Empty,NaN
LastFM,Local,34.3272848263488,8,1,1,191288.43191815,294637.56808185,-103349.136163701,-13.5557628756166,0,Empty,NaN
LastFM,Local,34.4494459823145,8,1,1,190729.6179263,295196.3820737,-104466.764147399,-13.7023562627753,0,Empty,NaN
LastFM,Local,34.5716071382801,8,1,1,190170.803934451,295755.196065549,-105584.392131098,-13.8489496499341,0,Empty,NaN
LastFM,Local,34.6937682942458,8,1,1,189611.989942602,296314.010057398,-106702.020114796,-13.9955430370929,0,Empty,NaN
LastFM,Local,34.8159294502114,8,1,1,189053.175950753,296872.824049248,-107819.648098495,-14.1421364242517,0,Empty,NaN
LastFM,Local,34.9380906061771,8,1,1,188494.361958903,297431.638041097,-108937.276082194,-14.2887298114105,0,Empty,NaN
LastFM,Local,35.0602517621428,8,1,1,187935.547967054,297990.452032946,-110054.904065892,-14.4353231985693,0,Empty,NaN
LastFM,Local,35.1824129181084,8,1,1,187376.733975205,298549.266024795,-111172.532049591,-14.5819165857281,0,Empty,NaN
LastFM,Local,35.3045740740741,8,1,1,186817.919983355,299108.080016645,-112290.160033289,-14.7285099728868,0,Empty,NaN
LastFM,Local,35.4267352300397,8,1,1,186259.105991506,299666.894008494,-113407.788016988,-14.8751033600456,0,Empty,NaN
LastFM,Local,35.5488963860054,8,1,1,185700.291999657,300225.708000343,-114525.416000686,-15.0216967472044,0,Empty,NaN
LastFM,Local,35.671057541971,8,1,1,185141.478007808,300784.521992193,-115643.043984385,-15.1682901343632,0,Empty,NaN
LastFM,Local,35.7932186979367,8,1,1,184582.664015958,301343.335984042,-116760.671968084,-15.314883521522,0,Empty,NaN
LastFM,Local,35.9153798539023,8,1,1,184023.850024109,301902.149975891,-117878.299951782,-15.4614769086808,0,Empty,NaN
LastFM,Local,36.037541009868,8,1,1,183465.03603226,302460.96396774,-118995.927935481,-15.6080702958396,0,Empty,NaN
LastFM,Local,36.1597021658337,8,1,1,182906.22204041,303019.77795959,-120113.555919179,-15.7546636829984,0,Empty,NaN
LastFM,Local,36.2818633217993,8,1,1,182347.408048561,303578.591951439,-121231.183902878,-15.9012570701571,0,Empty,NaN
LastFM,Local,36.404024477765,8,1,1,181788.594056712,304137.405943288,-122348.811886577,-16.0478504573159,0,Empty,NaN
LastFM,Local,36.5261856337306,8,1,1,181229.780064862,304696.219935138,-123466.439870275,-16.1944438444747,0,Empty,NaN
LastFM,Local,36.6483467896963,8,1,1,180670.966073013,305255.033926987,-124584.067853974,-16.3410372316335,0,Empty,NaN
LastFM,Global,0,8,1,1,347713.686811727,138212.313188273,209501.373623454,27.4791938121005,1,Nonempty,296279.683914082
LastFM,Global,0.122161155965654,8,1,1,346316.651832104,139609.348167896,206707.303664208,27.1127103442036,1,Nonempty,292328.272283497
LastFM,Global,0.244322311931308,8,1,1,344919.616852481,141006.383147519,203913.233704961,26.7462268763066,1,Nonempty,288376.860652911
LastFM,Global,0.366483467896963,8,1,1,343522.581872857,142403.418127142,201119.163745715,26.3797434084096,1,Nonempty,284425.449022326
LastFM,Global,0.488644623862617,8,1,1,342125.546893234,143800.453106766,198325.093786469,26.0132599405127,1,Nonempty,280474.03739174
LastFM,Global,0.610805779828271,8,1,1,340728.511913611,145197.488086389,195531.023827222,25.6467764726157,1,Nonempty,276522.625761154
LastFM,Global,0.732966935793925,8,1,1,339331.476933988,146594.523066012,192736.953867976,25.2802930047187,1,Nonempty,272571.214130569
LastFM,Global,0.85512809175958,8,1,1,337934.441954365,147991.558045635,189942.883908729,24.9138095368218,1,Nonempty,268619.802499983
LastFM,Global,0.977289247725234,8,1,1,336537.406974741,149388.593025259,187148.813949483,24.5473260689248,1,Nonempty,264668.390869398
LastFM,Global,1.09945040369089,8,1,1,335140.371995118,150785.628004882,184354.743990236,24.1808426010279,1,Nonempty,260716.979238812
LastFM,Global,1.22161155965654,8,1,1,333743.337015495,152182.662984505,181560.67403099,23.8143591331309,1,Nonempty,256765.567608227
LastFM,Global,1.3437727156222,8,1,1,332346.302035872,153579.697964128,178766.604071743,23.4478756652339,1,Nonempty,252814.155977641
LastFM,Global,1.46593387158785,8,1,1,330949.267056248,154976.732943751,175972.534112497,23.081392197337,1,Nonempty,248862.744347055
LastFM,Global,1.5880950275535,8,1,1,329552.232076625,156373.767923375,173178.464153251,22.71490872944,1,Nonempty,244911.33271647
LastFM,Global,1.71025618351916,8,1,1,328155.197097002,157770.802902998,170384.394194004,22.348425261543,1,Nonempty,240959.921085884
LastFM,Global,1.83241733948481,8,1,1,326758.162117379,159167.837882621,167590.324234758,21.9819417936461,1,Nonempty,237008.509455299
LastFM,Global,1.95457849545047,8,1,1,325361.127137756,160564.872862244,164796.254275511,21.6154583257491,1,Nonempty,233057.097824713
LastFM,Global,2.07673965141612,8,1,1,323964.092158132,161961.907841868,162002.184316265,21.2489748578522,1,Nonempty,229105.686194128
LastFM,Global,2.19890080738178,8,1,1,322567.057178509,163358.942821491,159208.114357018,20.8824913899552,1,Nonempty,225154.274563542
LastFM,Global,2.32106196334743,8,1,1,321170.022198886,164755.977801114,156414.044397772,20.5160079220582,1,Nonempty,221202.862932957
LastFM,Global,2.44322311931308,8,1,1,319772.987219263,166153.012780737,153619.974438526,20.1495244541613,1,Nonempty,217251.451302371
LastFM,Global,2.56538427527874,8,1,1,318375.952239639,167550.04776036,150825.904479279,19.7830409862643,1,Nonempty,213300.039671785
LastFM,Global,2.68754543124439,8,1,1,316978.917260016,168947.082739984,148031.834520033,19.4165575183673,1,Nonempty,209348.6280412
LastFM,Global,2.80970658721005,8,1,1,315581.882280393,170344.117719607,145237.764560786,19.0500740504704,1,Nonempty,205397.216410614
LastFM,Global,2.9318677431757,8,1,1,314184.84730077,171741.15269923,142443.69460154,18.6835905825734,1,Nonempty,201445.804780029
LastFM,Global,3.05402889914135,8,1,1,312787.812321147,173138.187678853,139649.624642293,18.3171071146765,1,Nonempty,197494.393149443
LastFM,Global,3.17619005510701,8,1,1,311390.777341523,174535.222658477,136855.554683047,17.9506236467795,1,Nonempty,193542.981518858
LastFM,Global,3.29835121107266,8,1,1,309993.7423619,175932.2576381,134061.4847238,17.5841401788825,1,Nonempty,189591.569888272
LastFM,Global,3.42051236703832,8,1,1,308596.707382277,177329.292617723,131267.414764554,17.2176567109856,1,Nonempty,185640.158257686
LastFM,Global,3.54267352300397,8,1,1,307199.672402654,178726.327597346,128473.344805308,16.8511732430886,1,Nonempty,181688.746627101
LastFM,Global,3.66483467896963,8,1,1,305802.63742303,180123.362576969,125679.274846061,16.4846897751916,1,Nonempty,177737.334996515
LastFM,Global,3.78699583493528,8,1,1,304405.602443407,181520.397556593,122885.204886815,16.1182063072947,1,Nonempty,173785.92336593
LastFM,Global,3.90915699090093,8,1,1,303008.567463784,182917.432536216,120091.134927568,15.7517228393977,1,Nonempty,169834.511735344
LastFM,Global,4.03131814686659,8,1,1,301611.532484161,184314.467515839,117297.064968322,15.3852393715008,1,Nonempty,165883.100104759
LastFM,Global,4.15347930283224,8,1,1,300214.497504538,185711.502495462,114502.995009075,15.0187559036038,1,Nonempty,161931.688474173
LastFM,Global,4.2756404587979,8,1,1,298817.462524914,187108.537475085,111708.925049829,14.6522724357068,1,Nonempty,157980.276843588
LastFM,Global,4.39780161476355,8,1,1,297420.427545291,188505.572454709,108914.855090582,14.2857889678099,1,Nonempty,154028.865213002
LastFM,Global,4.51996277072921,8,1,1,296023.392565668,189902.607434332,106120.785131336,13.9193054999129,1,Nonempty,150077.453582416
LastFM,Global,4.64212392669486,8,1,1,294626.357586045,191299.642413955,103326.71517209,13.5528220320159,1,Nonempty,146126.041951831
LastFM,Global,4.76428508266051,8,1,1,293229.322606421,192696.677393578,100532.645212843,13.186338564119,1,Nonempty,142174.630321245
LastFM,Global,4.88644623862617,8,1,1,291832.287626798,194093.712373202,97738.5752535966,12.819855096222,1,Nonempty,138223.21869066
LastFM,Global,5.00860739459182,8,1,1,290435.252647175,195490.747352825,94944.5052943502,12.4533716283251,1,Nonempty,134271.807060074
LastFM,Global,5.13076855055748,8,1,1,289038.217667552,196887.782332448,92150.4353351038,12.0868881604281,1,Nonempty,130320.395429489
LastFM,Global,5.25292970652313,8,1,1,287641.182687929,198284.817312071,89356.3653758573,11.7204046925311,1,Nonempty,126368.983798903
LastFM,Global,5.37509086248879,8,1,1,286244.147708305,199681.852291695,86562.2954166109,11.3539212246342,1,Nonempty,122417.572168317
LastFM,Global,5.49725201845444,8,1,1,284847.112728682,201078.887271318,83768.2254573644,10.9874377567372,1,Nonempty,118466.160537732
LastFM,Global,5.61941317442009,8,1,1,283450.077749059,202475.922250941,80974.155498118,10.6209542888402,1,Nonempty,114514.748907146
LastFM,Global,5.74157433038575,8,1,1,282053.042769436,203872.957230564,78180.0855388715,10.2544708209433,1,Nonempty,110563.337276561
LastFM,Global,5.8637354863514,8,1,1,280656.007789813,205269.992210187,75386.0155796251,9.88798735304631,1,Nonempty,106611.925645975
LastFM,Global,5.98589664231706,8,1,1,279258.972810189,206667.027189811,72591.9456203787,9.52150388514935,1,Nonempty,102660.51401539
LastFM,Global,6.10805779828271,8,1,1,277861.937830566,208064.062169434,69797.8756611322,9.15502041725239,1,Nonempty,98709.1023848042
LastFM,Global,6.23021895424836,8,1,1,276464.902850943,209461.097149057,67003.8057018858,8.78853694935543,1,Nonempty,94757.6907542186
LastFM,Global,6.35238011021402,8,1,1,275067.86787132,210858.13212868,64209.7357426393,8.42205348145847,1,Nonempty,90806.279123633
LastFM,Global,6.47454126617967,8,1,1,273670.832891696,212255.167108304,61415.6657833929,8.0555700135615,1,Nonempty,86854.8674930475
LastFM,Global,6.59670242214533,8,1,1,272273.797912073,213652.202087927,58621.5958241464,7.68908654566454,1,Nonempty,82903.4558624619
LastFM,Global,6.71886357811098,8,1,1,270876.76293245,215049.23706755,55827.5258649,7.32260307776758,1,Nonempty,78952.0442318763
LastFM,Global,6.84102473407664,8,1,1,269479.727952827,216446.272047173,53033.4559056535,6.95611960987061,1,Nonempty,75000.6326012908
LastFM,Global,6.96318589004229,8,1,1,268082.692973203,217843.307026796,50239.3859464071,6.58963614197365,1,Nonempty,71049.2209707052
LastFM,Global,7.08534704600794,8,1,1,266685.65799358,219240.34200642,47445.3159871607,6.22315267407669,1,Nonempty,67097.8093401196
LastFM,Global,7.18772786386532,8,1,1,265514.830960563,220411.169039437,45103.6619211267,5.91601022050455,1,Nonempty,63786.2104015483
LastFM,Global,7.18779974186274,8,1,1,265514.008963785,220411.991036215,45102.0179275697,5.9157945865123,1,Nonempty,63783.8854435636
LastFM,Global,7.18787161986016,8,1,1,265513.186967006,220412.813032994,45100.3739340128,5.91557895252004,1,Nonempty,63781.5604855789
LastFM,Global,7.2075082019736,8,1,1,265288.623013957,220637.376986043,44651.2460279142,5.85666920617972,1,Nonempty,63146.3977095341
LastFM,Global,7.32966935793925,8,1,1,263891.588034334,222034.411965666,41857.1760686678,5.49018573828276,1,Nonempty,59194.9860789485
LastFM,Global,7.35246907379743,8,1,1,263630.85048378,222295.14951622,41335.7009675595,5.42178659070822,1,Nonempty,58457.5089185213
LastFM,Global,7.35254259922343,8,1,1,263630.009647008,222295.990352992,41334.0192940162,5.42156601443024,1,Nonempty,58455.1306729889
LastFM,Global,7.35261612464942,8,1,1,263629.168810236,222296.831189763,41332.3376204729,5.42134543815227,1,Nonempty,58452.7524274565
LastFM,Global,7.45183051390491,8,1,1,262494.553054711,223431.446945289,39063.1061094214,5.1237022703858,1,Nonempty,55243.574448363
LastFM,Global,7.57399166987056,8,1,1,261097.518075087,224828.481924912,36269.0361501749,4.75721880248884,1,Nonempty,51292.1628177774
LastFM,Global,7.69615282583621,8,1,1,259700.483095464,226225.516904536,33474.9661909285,4.39073533459188,1,Nonempty,47340.7511871919
LastFM,Global,7.81831398180187,8,1,1,258303.448115841,227622.551884159,30680.896231682,4.02425186669491,1,Nonempty,43389.3395566063
LastFM,Global,7.94047513776752,8,1,1,256906.413136218,229019.586863782,27886.8262724355,3.65776839879795,1,Nonempty,39437.9279260207
LastFM,Global,8.06263629373318,8,1,1,255509.378156594,230416.621843405,25092.7563131891,3.29128493090098,1,Nonempty,35486.5162954351
LastFM,Global,8.18479744969883,8,1,1,254112.343176971,231813.656823029,22298.6863539427,2.92480146300402,1,Nonempty,31535.1046648496
LastFM,Global,8.28017384837035,8,1,1,253021.618681764,232904.381318236,20117.2373635276,2.63867226698946,1,Nonempty,28450.0699169796
LastFM,Global,8.28025665093686,8,1,1,253020.671751613,232905.328248387,20115.3435032264,2.63842385928993,1,Nonempty,28447.3915940564
LastFM,Global,8.28033945350337,8,1,1,253019.724821463,232906.275178537,20113.4496429252,2.6381754515904,1,Nonempty,28444.7132711331
LastFM,Global,8.29078597333203,8,1,1,252900.258420702,233025.741579298,19874.5168414041,2.60683589210442,1,Nonempty,28106.8112627262
LastFM,Global,8.29086888202085,8,1,1,252899.310276937,233026.689723063,19872.6205538734,2.60658716603796,1,Nonempty,28104.1295071821
LastFM,Global,8.29095179070968,8,1,1,252898.362133171,233027.637866829,19870.7242663427,2.60633843997149,1,Nonempty,28101.447751638
LastFM,Global,8.30695860566449,8,1,1,252715.308197348,233210.691802652,19504.6163946963,2.55831799510706,1,Nonempty,27583.6930342641
LastFM,Global,8.35488870489337,8,1,1,252167.179582566,233758.820417433,18408.3591651331,2.4145276974204,1,Nonempty,26033.3511923663
LastFM,Global,8.35497225461592,8,1,1,252166.224107939,233759.77589206,18406.4482158791,2.41427704825276,1,Nonempty,26030.6487020142
LastFM,Global,8.35505580433847,8,1,1,252165.268633312,233760.731366687,18404.537266625,2.41402639908512,1,Nonempty,26027.9462116621
LastFM,Global,8.42911976163014,8,1,1,251318.273217725,234607.726782275,16710.5464354498,2.1918345272101,1,Nonempty,23632.2814036785
LastFM,Global,8.52696458000834,8,1,1,250199.319874752,235726.680125248,14472.6397495037,1.89830007207551,1,Nonempty,20467.403417088
LastFM,Global,8.52704985050684,8,1,1,250198.344721331,235727.655278669,14470.6894426618,1.89804426057999,1,Nonempty,20464.6452667015
LastFM,Global,8.52713512100535,8,1,1,250197.36956791,235728.63043209,14468.73913582,1.89778844908447,1,Nonempty,20461.887116315
LastFM,Global,8.55128091759579,8,1,1,249921.238238102,236004.761761898,13916.4764762034,1.82535105931314,1,Nonempty,19680.869773093
LastFM,Global,8.63592962901206,8,1,1,248953.195574345,236972.804425655,11980.3911486905,1.57140492506433,1,Nonempty,16942.8316450126
LastFM,Global,8.63601598917196,8,1,1,248952.207959557,236973.792040443,11978.4159191134,1.57114584458465,1,Nonempty,16940.038248556
LastFM,Global,8.63610234933185,8,1,1,248951.220344768,236974.779655232,11976.4406895363,1.57088676410498,1,Nonempty,16937.2448520993
LastFM,Global,8.67344207356145,8,1,1,248524.203258478,237401.796741521,11122.4065169569,1.45886759141618,1,Nonempty,15729.4581425074
LastFM,Global,8.73562312488827,8,1,1,247813.100755505,238112.899244495,9700.20151100992,1.27232443743572,1,Nonempty,13718.1565346222
LastFM,Global,8.73571048199309,8,1,1,247812.101739654,238113.898260346,9698.20347930849,1.27206236612126,1,Nonempty,13715.330891092
LastFM,Global,8.73579783909791,8,1,1,247811.102723803,238114.897276196,9696.20544760706,1.2718002948068,1,Nonempty,13712.5052475618
LastFM,Global,8.78404674389113,8,1,1,247259.328248588,238666.671751412,8592.6564971765,1.12705358042714,1,Nonempty,12151.8513551203
LastFM,Global,8.78413458523698,8,1,1,247258.323694957,238667.676305043,8590.64738991417,1.12679005638958,1,Nonempty,12149.0100483817
LastFM,Global,8.78422242658283,8,1,1,247257.319141326,238668.680858674,8588.63828265184,1.12652653235203,1,Nonempty,12146.168741643
LastFM,Global,8.7956032295271,8,1,1,247127.168278855,238798.831721145,8328.33655771046,1.09238412351921,1,Nonempty,11778.0465119218
LastFM,Global,8.89258698336861,8,1,1,246018.062069924,239907.937930076,6110.12413984744,0.80143286199468,1,Nonempty,8641.02042635549
LastFM,Global,8.89267591012771,8,1,1,246017.045103507,239908.954896493,6108.09020701327,0.801166081717376,1,Nonempty,8638.14401095646
LastFM,Global,8.89276483688682,8,1,1,246016.02813709,239909.97186291,6106.05627417911,0.800899301440072,1,Nonempty,8635.26759555742
LastFM,Global,8.90728441998734,8,1,1,245849.982184752,240076.017815248,5773.96436950401,0.757340552138512,1,Nonempty,8165.61872001159
LastFM,Global,8.90737349372227,8,1,1,245848.963537519,240077.036462481,5771.92707503852,0.757073330933699,1,Nonempty,8162.73755054794
LastFM,Global,8.90746256745721,8,1,1,245847.944890286,240078.055109713,5769.88978057302,0.756806109728886,1,Nonempty,8159.85638108429
LastFM,Global,8.91776438549276,8,1,1,245730.133299232,240195.866700768,5534.26659846402,0.725900655622248,1,Nonempty,7826.63488133623
LastFM,Global,8.95511651775248,8,1,1,245302.97431471,240623.02568529,4679.9486294197,0.613844258843087,1,Nonempty,6618.44682293471
LastFM,Global,8.95520606981318,8,1,1,245301.950197344,240624.049802656,4677.9003946874,0.613575602660992,1,Nonempty,6615.55018159738
LastFM,Global,8.95529562187387,8,1,1,245300.926079977,240625.073920022,4675.8521599551,0.613306946478896,1,Nonempty,6612.65354026004
LastFM,Global,8.95912126700135,8,1,1,245257.1760023,240668.8239977,4588.35200459944,0.601830011096464,1,Nonempty,6488.9096338463
LastFM,Global,8.95921085910994,8,1,1,245256.151426946,240669.848573054,4586.30285389174,0.60156123477069,1,Nonempty,6486.01169712413
LastFM,Global,8.95930045121853,8,1,1,245255.126851592,240670.873148408,4584.25370318408,0.601292458444921,1,Nonempty,6483.11376040201
LastFM,Global,8.96478404337901,8,1,1,245192.416491645,240733.583508355,4458.83298328955,0.584841681963478,1,Nonempty,6305.74207732458
LastFM,Global,8.96487369211594,8,1,1,245191.391268689,240734.608731311,4456.78253737869,0.584572735752714,1,Nonempty,6302.84230890852
LastFM,Global,8.96496334085286,8,1,1,245190.366045734,240735.633954266,4454.73209146783,0.58430378954195,1,Nonempty,6299.94254049247
LastFM,Global,8.9743146079736,8,1,1,245083.424954941,240842.575045059,4240.84990988226,0.55624998817973,1,Nonempty,5997.46745854422
LastFM,Global,8.97440435201712,8,1,1,245082.398642059,240843.601357941,4238.79728411886,0.555980756049168,1,Nonempty,5994.56460735113
LastFM,Global,8.97449409606064,8,1,1,245081.372329178,240844.627670822,4236.74465835543,0.555711523918603,1,Nonempty,5991.66175615801
LastFM,Global,8.97452490499112,8,1,1,245081.019998249,240844.980001751,4236.03999649745,0.555619097127158,1,Nonempty,5990.66521380157
LastFM,Global,8.97461465113763,8,1,1,245079.993661317,240846.006338683,4233.98732263444,0.555349858687623,1,Nonempty,5987.76229458537
LastFM,Global,8.97470439728414,8,1,1,245078.967324386,240847.032675614,4231.93464877145,0.555080620248092,1,Nonempty,5984.85937536921
LastFM,Global,8.98503224306695,8,1,1,244960.858080013,240965.141919986,3995.71616002699,0.524097082899658,1,Nonempty,5650.79598490351
LastFM,Global,8.9851220942879,8,1,1,244959.830541451,240966.169458549,3993.66108290158,0.523827529236829,1,Nonempty,5647.88966696104
LastFM,Global,8.98521194550884,8,1,1,244958.803002888,240967.196997112,3991.60600577615,0.523557975573997,1,Nonempty,5644.98334901853
LastFM,Global,8.98712433639839,8,1,1,244936.932900675,240989.067099325,3947.86580135045,0.517820802905358,1,Nonempty,5583.12535869873
LastFM,Global,8.98721420854047,8,1,1,244935.905122858,240990.094877142,3945.81024571665,0.517551186479099,1,Nonempty,5580.21836404321
LastFM,Global,8.98730408068256,8,1,1,244934.877345041,240991.122654959,3943.75469008286,0.517281570052841,1,Nonempty,5577.31136938768
LastFM,Global,8.98891529313116,8,1,1,244916.451519479,241009.548480521,3906.90303895847,0.512447932707039,1,Nonempty,5525.19526457172
LastFM,Global,8.98900518318299,8,1,1,244915.423536846,241010.576463153,3904.84707369294,0.512178262551541,1,Nonempty,5522.28769060946
LastFM,Global,8.98909507323483,8,1,1,244914.395554214,241011.604445786,3902.79110842745,0.511908592396046,1,Nonempty,5519.38011664723
LastFM,Global,8.9954967525962,8,1,1,244841.185949037,241084.814050963,3756.37189807399,0.492703554311909,1,Nonempty,5312.31208357341
LastFM,Global,8.99558670846329,8,1,1,244840.157213741,241085.842786259,3754.31442748205,0.492433686710657,1,Nonempty,5309.4023807581
LastFM,Global,8.99567666433037,8,1,1,244839.128478445,241086.871521555,3752.25695689011,0.492163819109406,1,Nonempty,5306.49267794279
LastFM,Global,8.99918957234718,8,1,1,244798.954862365,241127.045137635,3671.90972472972,0.481625095058987,1,Nonempty,5192.86453252243
LastFM,Global,8.99927956514283,8,1,1,244797.925704754,241128.074295246,3669.8514095076,0.481355116672035,1,Nonempty,5189.95363521966
LastFM,Global,8.99936955793848,8,1,1,244796.896547143,241129.103452857,3667.79309428547,0.481085138285083,1,Nonempty,5187.0427379169
LastFM,Global,9.00228395916643,8,1,1,244763.5674547,241162.4325453,3601.1349093997,0.47234193460122,1,Nonempty,5092.77382880826
LastFM,Global,9.00237398290626,8,1,1,244762.537943211,241163.462056789,3599.0758864223,0.472071863381729,1,Nonempty,5089.86193058839
LastFM,Global,9.00246400664609,8,1,1,244761.508431722,241164.491568277,3597.01686344491,0.471801792162239,1,Nonempty,5086.95003236852
LastFM,Global,9.00756352162496,8,1,1,244703.190378424,241222.809621576,3480.38075684826,0.456503247225637,1,Nonempty,4922.00166855715
LastFM,Global,9.00765359816094,8,1,1,244702.160263159,241223.839736841,3478.32052631729,0.456233017617692,1,Nonempty,4919.08806259863
LastFM,Global,9.00774367469692,8,1,1,244701.130147893,241224.869852107,3476.26029578631,0.455962788009747,1,Nonempty,4916.17445664011
LastFM,Global,9.0089671911551,8,1,1,244687.138013677,241238.861986322,3448.27602735496,0.452292238635226,1,Nonempty,4876.59872469141
LastFM,Global,9.00905728172791,8,1,1,244686.107737887,241239.892262113,3446.2154757735,0.452021966916776,1,Nonempty,4873.68466469893
LastFM,Global,9.00914737230073,8,1,1,244685.077462096,241240.922537904,3444.15492419203,0.451751695198325,1,Nonempty,4870.77060470645
LastFM,Global,9.01209135202732,8,1,1,244651.410109943,241274.589890057,3376.82021988559,0.442919756018571,1,Nonempty,4775.54495265789
LastFM,Global,9.01218147384205,8,1,1,244650.379476869,241275.62052313,3374.7589537389,0.442649390574357,1,Nonempty,4772.62988211759
LastFM,Global,9.01227159565679,8,1,1,244649.348843796,241276.651156204,3372.69768759221,0.442379025130143,1,Nonempty,4769.71481157728
LastFM,Global,9.01567605245605,8,1,1,244610.41547584,241315.58452416,3294.83095167953,0.432165654732362,1,Nonempty,4659.59461759184
LastFM,Global,9.01576621011815,8,1,1,244609.384432816,241316.615567184,3292.76886563195,0.431895181746059,1,Nonempty,4656.67838753658
LastFM,Global,9.01585636778025,8,1,1,244608.353389792,241317.646610208,3290.70677958441,0.431624708759759,1,Nonempty,4653.76215748136
LastFM,Global,9.01801077857193,8,1,1,244583.715547978,241342.284452021,3241.43109595709,0.425161476384718,1,Nonempty,4584.0758174004
LastFM,Global,9.01810095958153,8,1,1,244582.684237953,241343.315762047,3239.36847590562,0.424890933355931,1,Nonempty,4581.15883214959
LastFM,Global,9.01819114059112,8,1,1,244581.652927927,241344.347072073,3237.30585585415,0.424620390327145,1,Nonempty,4578.24184689878
LastFM,Global,9.03260374082072,8,1,1,244416.830431701,241509.169568299,2907.66086340277,0.381382589638348,1,Nonempty,4112.05342780565
LastFM,Global,9.0326940677614,8,1,1,244415.797452808,241510.202547192,2905.59490561558,0.381111608816314,1,Nonempty,4109.13172228373
LastFM,Global,9.03278439470208,8,1,1,244414.764473914,241511.235526086,2903.52894782842,0.380840627994284,1,Nonempty,4106.21001676184
LastFM,Global,9.03992554145841,8,1,1,244333.098319609,241592.901680391,2740.19663921755,0.359417187725282,1,Nonempty,3875.22325075064
LastFM,Global,9.04273982823953,8,1,1,244300.91413598,241625.08586402,2675.82827195973,0.350974327381917,1,Nonempty,3784.19263278682
LastFM,Global,9.0428302565421,8,1,1,244299.879997912,241626.120002088,2673.75999582346,0.350703042474221,1,Nonempty,3781.26764862417
LastFM,Global,9.04292068484467,8,1,1,244298.845859844,241627.154140156,2671.69171968719,0.350431757566526,1,Nonempty,3778.34266446153
LastFM,Global,9.04717499076328,8,1,1,244250.193617358,241675.806382642,2574.38723471665,0.337668839810683,1,Nonempty,3640.73334213645
LastFM,Global,9.04726546341791,8,1,1,244249.15897208,241676.84102792,2572.31794415985,0.33739742184678,1,Nonempty,3637.80692336653
LastFM,Global,9.04735593607255,8,1,1,244248.124326801,241677.875673198,2570.24865360308,0.33712600388288,1,Nonempty,3634.88050459666
LastFM,Global,9.10438556992821,8,1,1,243595.933434028,242330.066565972,1265.86686805642,0.166037102315899,1,Nonempty,1790.20609296414
LastFM,Global,9.10447661469435,8,1,1,243594.892246082,242331.107753917,1263.78449216508,0.165763968017456,1,Nonempty,1787.26116873666
LastFM,Global,9.1045676594605,8,1,1,243593.851058137,242332.148941863,1261.70211627378,0.165490833719016,1,Nonempty,1784.31624450922
LastFM,Global,9.11975038774126,8,1,1,243420.221377518,242505.778622482,914.442755036231,0.119942648876735,1,Nonempty,1293.21734618606
LastFM,Global,9.11984158615712,8,1,1,243419.178432434,242506.821567566,912.356864868663,0.119669053629153,1,Nonempty,1290.26745202146
LastFM,Global,9.11993278457298,8,1,1,243418.13548735,242507.864512649,910.270974701096,0.119395458381571,1,Nonempty,1287.31755785687
LastFM,Global,9.14867403267506,8,1,1,243089.450574055,242836.549425945,252.901148110337,0.0331717140753328,1,Nonempty,357.656233597366
LastFM,Global,9.14876552033027,8,1,1,243088.40432123,242837.59567877,250.808642460528,0.032897251109723,1,Nonempty,354.696983728063
LastFM,Global,9.14885700798547,8,1,1,243087.358068405,242838.641931595,248.716136810748,0.032622788144117,1,Nonempty,351.737733858802
LastFM,Global,9.15963967338747,8,1,1,242964.047506868,242961.952493132,2.09501373625244,0.000274791938123353,1,Nonempty,2.96279683916613
LastFM,Global,9.15973127070017,8,1,1,242963,242963,2.91038304567337e-11,3.81739643976045e-15,NaN,Boundary,4.115903174892e-11
LastFM,Global,9.15982286801288,8,1,1,242961.952493132,242964.047506868,-2.09501373622334,-0.000274791938119535,0,Empty,NaN
LastFM,Global,9.16208669742407,8,1,1,242936.063339985,242989.936660014,-53.8733200288552,-0.00706628017167566,0,Empty,NaN
LastFM,Global,9.16734097416254,8,1,1,242875.975431204,243050.024568796,-174.049137591326,-0.0228291103871099,0,Empty,NaN
LastFM,Global,9.16743264848903,8,1,1,242874.927043607,243051.072956393,-176.145912786713,-0.0231041333665678,0,Empty,NaN
LastFM,Global,9.16752432281551,8,1,1,242873.878656009,243052.121343991,-178.2426879821,-0.0233791563460257,0,Empty,NaN
LastFM,Global,9.28424785338972,8,1,1,241539.028360362,244386.971639638,-2847.94327927532,-0.373549748068641,0,Empty,NaN
LastFM,Global,9.40640900935537,8,1,1,240141.993380739,245784.006619261,-5642.01323852173,-0.740033215965599,0,Empty,NaN
LastFM,Global,9.52857016532103,8,1,1,238744.958401116,247181.041598884,-8436.0831977682,-1.10651668386257,0,Empty,NaN
LastFM,Global,9.60578959341049,8,1,1,237861.877021485,248064.122978515,-10202.2459570303,-1.33817496813094,0,Empty,NaN
LastFM,Global,9.60588565226701,8,1,1,237860.778492402,248065.221507598,-10204.4430151967,-1.33846314470051,0,Empty,NaN
LastFM,Global,9.60598171112353,8,1,1,237859.679963318,248066.320036681,-10206.6400733631,-1.33875132127008,0,Empty,NaN
LastFM,Global,9.6297043030257,8,1,1,237588.388402325,248337.611597675,-10749.2231953495,-1.40991909697658,0,Empty,NaN
LastFM,Global,9.62980060103171,8,1,1,237587.287138328,248338.712861671,-10751.4257233429,-1.41020799099461,0,Empty,NaN
LastFM,Global,9.62989689903772,8,1,1,237586.185874332,248339.814125668,-10753.6282513364,-1.41049688501264,0,Empty,NaN
LastFM,Global,9.64390235484305,8,1,1,237426.019481742,248499.980518258,-11073.9610365159,-1.45251325242864,0,Empty,NaN
LastFM,Global,9.643998794831,8,1,1,237424.91659404,248501.08340596,-11076.1668119202,-1.45280257239248,0,Empty,NaN
LastFM,Global,9.64409523481895,8,1,1,237423.813706338,248502.186293662,-11078.3725873246,-1.45309189235632,0,Empty,NaN
LastFM,Global,9.65073132128668,8,1,1,237347.923421493,248578.076578507,-11230.1531570146,-1.47300015175952,0,Empty,NaN
LastFM,Global,9.77289247725234,8,1,1,235950.888441869,249975.11155813,-14024.2231162611,-1.83948361965649,0,Empty,NaN
LastFM,Global,9.89505363321799,8,1,1,234553.853462246,251372.146537754,-16818.2930755075,-2.20596708755345,0,Empty,NaN
LastFM,Global,10.0172147891836,8,1,1,233156.818482623,252769.181517377,-19612.363034754,-2.57245055545042,0,Empty,NaN
LastFM,Global,10.1393759451493,8,1,1,231759.783503,254166.216497,-22406.4329940004,-2.93893402334738,0,Empty,NaN
LastFM,Global,10.261537101115,8,1,1,230362.748523377,255563.251476623,-25200.5029532468,-3.30541749124434,0,Empty,NaN
LastFM,Global,10.3836982570806,8,1,1,228965.713543753,256960.286456247,-27994.5729124933,-3.67190095914131,0,Empty,NaN
LastFM,Global,10.4678283840112,8,1,1,228003.601412175,257922.398587825,-29918.7971756502,-3.92429133993313,0,Empty,NaN
LastFM,Global,10.4679330633418,8,1,1,228002.40429935,257923.59570065,-29921.1914013004,-3.92460537792503,0,Empty,NaN
LastFM,Global,10.4680377426725,8,1,1,228001.207186525,257924.792813475,-29923.5856269507,-3.92491941591693,0,Empty,NaN
LastFM,Global,10.5058594130463,8,1,1,227568.67856413,258357.32143587,-30788.6428717397,-4.03838442703826,0,Empty,NaN
LastFM,Global,10.6280205690119,8,1,1,226171.643584507,259754.356415493,-33582.7128309862,-4.40486789493523,0,Empty,NaN
LastFM,Global,10.7501817249776,8,1,1,224774.608604884,261151.391395116,-36376.7827902327,-4.77135136283219,0,Empty,NaN
LastFM,Global,10.8723428809432,8,1,1,223377.57362526,262548.42637474,-39170.8527494791,-5.13783483072915,0,Empty,NaN
LastFM,Global,10.9945040369089,8,1,1,221980.538645637,263945.461354363,-41964.9227087255,-5.50431829862611,0,Empty,NaN
LastFM,Global,11.1166651928745,8,1,1,220583.503666014,265342.496333986,-44758.992667972,-5.87080176652308,0,Empty,NaN
LastFM,Global,11.2388263488402,8,1,1,219186.468686391,266739.531313609,-47553.0626272184,-6.23728523442005,0,Empty,NaN
LastFM,Global,11.3609875048058,8,1,1,217789.433706768,268136.566293232,-50347.1325864648,-6.603768702317,0,Empty,NaN
LastFM,Global,11.4831486607715,8,1,1,216392.398727144,269533.601272856,-53141.2025457113,-6.97025217021397,0,Empty,NaN
LastFM,Global,11.6053098167371,8,1,1,214995.363747521,270930.636252479,-55935.2725049577,-7.33673563811093,0,Empty,NaN
LastFM,Global,11.7274709727028,8,1,1,213598.328767898,272327.671232102,-58729.3424642042,-7.70321910600789,0,Empty,NaN
LastFM,Global,11.8496321286685,8,1,1,212201.293788275,273724.706211725,-61523.4124234506,-8.06970257390486,0,Empty,NaN
LastFM,Global,11.9717932846341,8,1,1,210804.258808651,275121.741191348,-64317.4823826971,-8.43618604180182,0,Empty,NaN
LastFM,Global,12.0301728266809,8,1,1,210136.630365804,275789.369634196,-65652.7392683916,-8.61132466794223,0,Empty,NaN
LastFM,Global,12.0302931296122,8,1,1,210135.254581482,275790.745418518,-65655.4908370362,-8.61168557673613,0,Empty,NaN
LastFM,Global,12.0304134325435,8,1,1,210133.87879716,275792.12120284,-65658.2424056808,-8.61204648553001,0,Empty,NaN
LastFM,Global,12.0939544405998,8,1,1,209407.223829028,276518.776170972,-67111.5523419435,-8.80266950969878,0,Empty,NaN
LastFM,Global,12.2161155965654,8,1,1,208010.188849405,277915.811150595,-69905.6223011899,-9.16915297759574,0,Empty,NaN
LastFM,Global,12.3382767525311,8,1,1,206613.153869782,279312.846130218,-72699.6922604364,-9.5356364454927,0,Empty,NaN
LastFM,Global,12.4604379084967,8,1,1,205216.118890159,280709.881109841,-75493.7622196828,-9.90211991338967,0,Empty,NaN
LastFM,Global,12.5825990644624,8,1,1,203819.083910535,282106.916089465,-78287.8321789293,-10.2686033812866,0,Empty,NaN
LastFM,Global,12.704760220428,8,1,1,202422.048930912,283503.951069088,-81081.9021381757,-10.6350868491836,0,Empty,NaN
LastFM,Global,12.8269213763937,8,1,1,201025.013951289,284900.986048711,-83875.9720974222,-11.0015703170806,0,Empty,NaN
LastFM,Global,12.9490825323593,8,1,1,199627.978971666,286298.021028334,-86670.0420566686,-11.3680537849775,0,Empty,NaN
LastFM,Global,13.071243688325,8,1,1,198230.943992042,287695.056007957,-89464.112015915,-11.7345372528745,0,Empty,NaN
LastFM,Global,13.1934048442907,8,1,1,196833.909012419,289092.090987581,-92258.1819751615,-12.1010207207714,0,Empty,NaN
LastFM,Global,13.3155660002563,8,1,1,195436.874032796,290489.125967204,-95052.2519344079,-12.4675041886684,0,Empty,NaN
LastFM,Global,13.437727156222,8,1,1,194039.839053173,291886.160946827,-97846.3218936544,-12.8339876565654,0,Empty,NaN
LastFM,Global,13.5598883121876,8,1,1,192642.80407355,293283.19592645,-100640.391852901,-13.2004711244623,0,Empty,NaN
LastFM,Global,13.6820494681533,8,1,1,191245.769093926,294680.230906074,-103434.461812147,-13.5669545923593,0,Empty,NaN
LastFM,Global,13.8042106241189,8,1,1,189848.734114303,296077.265885697,-106228.531771394,-13.9334380602563,0,Empty,NaN
LastFM,Global,13.9263717800846,8,1,1,188451.69913468,297474.30086532,-109022.60173064,-14.2999215281532,0,Empty,NaN
LastFM,Global,14.0485329360502,8,1,1,187054.664155057,298871.335844943,-111816.671689887,-14.6664049960502,0,Empty,NaN
LastFM,Global,14.1706940920159,8,1,1,185657.629175433,300268.370824566,-114610.741649133,-15.0328884639471,0,Empty,NaN
LastFM,Global,14.2928552479815,8,1,1,184260.59419581,301665.40580419,-117404.811608379,-15.3993719318441,0,Empty,NaN
LastFM,Global,14.4150164039472,8,1,1,182863.559216187,303062.440783813,-120198.881567626,-15.7658553997411,0,Empty,NaN
LastFM,Global,14.5371775599129,8,1,1,181466.524236564,304459.475763436,-122992.951526872,-16.132338867638,0,Empty,NaN
LastFM,Global,14.6593387158785,8,1,1,180069.489256941,305856.510743059,-125787.021486119,-16.498822335535,0,Empty,NaN
LastFM,Global,14.7814998718442,8,1,1,178672.454277317,307253.545722683,-128581.091445365,-16.865305803432,0,Empty,NaN
LastFM,Global,14.9036610278098,8,1,1,177275.419297694,308650.580702306,-131375.161404612,-17.2317892713289,0,Empty,NaN
LastFM,Global,15.0258221837755,8,1,1,175878.384318071,310047.615681929,-134169.231363858,-17.5982727392259,0,Empty,NaN
LastFM,Global,15.1479833397411,8,1,1,174481.349338448,311444.650661552,-136963.301323105,-17.9647562071228,0,Empty,NaN
LastFM,Global,15.2701444957068,8,1,1,173084.314358824,312841.685641175,-139757.371282351,-18.3312396750198,0,Empty,NaN
LastFM,Global,15.3923056516724,8,1,1,171687.279379201,314238.720620799,-142551.441241597,-18.6977231429168,0,Empty,NaN
LastFM,Global,15.5144668076381,8,1,1,170290.244399578,315635.755600422,-145345.511200844,-19.0642066108137,0,Empty,NaN
LastFM,Global,15.6366279636037,8,1,1,168893.209419955,317032.790580045,-148139.58116009,-19.4306900787107,0,Empty,NaN
LastFM,Global,15.7587891195694,8,1,1,167496.174440332,318429.825559668,-150933.651119337,-19.7971735466077,0,Empty,NaN
LastFM,Global,15.880950275535,8,1,1,166099.139460708,319826.860539292,-153727.721078583,-20.1636570145046,0,Empty,NaN
LastFM,Global,16.0031114315007,8,1,1,164702.104481085,321223.895518915,-156521.79103783,-20.5301404824016,0,Empty,NaN
LastFM,Global,16.1252725874664,8,1,1,163305.069501462,322620.930498538,-159315.860997076,-20.8966239502986,0,Empty,NaN
LastFM,Global,16.247433743432,8,1,1,161908.034521839,324017.965478161,-162109.930956323,-21.2631074181955,0,Empty,NaN
LastFM,Global,16.3695948993977,8,1,1,160510.999542215,325415.000457784,-164904.000915569,-21.6295908860925,0,Empty,NaN
LastFM,Global,16.3920409991349,8,1,1,160254.30594562,325671.69405438,-165417.38810876,-21.6969291853043,0,Empty,NaN
LastFM,Global,16.3922049211842,8,1,1,160252.431333065,325673.568666935,-165421.13733387,-21.6974209514519,0,Empty,NaN
LastFM,Global,16.3923688432334,8,1,1,160250.55672051,325675.44327949,-165424.886558979,-21.6979127175996,0,Empty,NaN
LastFM,Global,16.4917560553633,8,1,1,159113.964562592,326812.035437408,-167698.070874815,-21.9960743539894,0,Empty,NaN
LastFM,Global,16.613917211329,8,1,1,157716.929582969,328209.070417031,-170492.140834062,-22.3625578218864,0,Empty,NaN
LastFM,Global,16.7360783672946,8,1,1,156319.894603346,329606.105396654,-173286.210793308,-22.7290412897834,0,Empty,NaN
LastFM,Global,16.8582395232603,8,1,1,154922.859623723,331003.140376277,-176080.280752555,-23.0955247576803,0,Empty,NaN
LastFM,Global,16.9804006792259,8,1,1,153525.824644099,332400.175355901,-178874.350711801,-23.4620082255773,0,Empty,NaN
LastFM,Global,17.1025618351916,8,1,1,152128.789664476,333797.210335524,-181668.420671048,-23.8284916934742,0,Empty,NaN
LastFM,Global,17.2247229911572,8,1,1,150731.754684853,335194.245315147,-184462.490630294,-24.1949751613712,0,Empty,NaN
LastFM,Global,17.2590546280277,8,1,1,150339.138085603,335586.861914397,-185247.723828795,-24.2979700719825,0,Empty,NaN
LastFM,Global,17.2592272202999,8,1,1,150337.164320378,335588.835679622,-185251.671359244,-24.2984878487991,0,Empty,NaN
LastFM,Global,17.2593998125721,8,1,1,150335.190555153,335590.809444847,-185255.618889694,-24.2990056256157,0,Empty,NaN
LastFM,Global,17.3468841471229,8,1,1,149334.71970523,336591.28029477,-187256.560589541,-24.5614586292682,0,Empty,NaN
LastFM,Global,17.4690453030885,8,1,1,147937.684725606,337988.315274393,-190050.630548787,-24.9279420971651,0,Empty,NaN
LastFM,Global,17.5912064590542,8,1,1,146540.649745983,339385.350254017,-192844.700508033,-25.2944255650621,0,Empty,NaN
LastFM,Global,17.7133676150199,8,1,1,145143.61476636,340782.38523364,-195638.77046728,-25.6609090329591,0,Empty,NaN
LastFM,Global,17.8355287709855,8,1,1,143746.579786737,342179.420213263,-198432.840426526,-26.027392500856,0,Empty,NaN
LastFM,Global,17.9576899269512,8,1,1,142349.544807114,343576.455192886,-201226.910385773,-26.393875968753,0,Empty,NaN
LastFM,Global,18.0798510829168,8,1,1,140952.50982749,344973.49017251,-204020.980345019,-26.76035943665,0,Empty,NaN
LastFM,Global,18.2020122388825,8,1,1,139555.474847867,346370.525152133,-206815.050304266,-27.1268429045469,0,Empty,NaN
LastFM,Global,18.3241733948481,8,1,1,138158.439868244,347767.560131756,-209609.120263512,-27.4933263724439,0,Empty,NaN
LastFM,Global,18.4463345508138,8,1,1,136761.404888621,349164.595111379,-212403.190222759,-27.8598098403408,0,Empty,NaN
LastFM,Global,18.5684957067794,8,1,1,135364.369908997,350561.630091002,-215197.260182005,-28.2262933082378,0,Empty,NaN
LastFM,Global,18.6906568627451,8,1,1,133967.334929374,351958.665070626,-217991.330141251,-28.5927767761348,0,Empty,NaN
LastFM,Global,18.8128180187107,8,1,1,132570.299949751,353355.700050249,-220785.400100498,-28.9592602440317,0,Empty,NaN
LastFM,Global,18.9349791746764,8,1,1,131173.264970128,354752.735029872,-223579.470059744,-29.3257437119287,0,Empty,NaN
LastFM,Global,19.0571403306421,8,1,1,129776.229990505,356149.770009495,-226373.540018991,-29.6922271798257,0,Empty,NaN
LastFM,Global,19.1793014866077,8,1,1,128379.195010881,357546.804989119,-229167.609978237,-30.0587106477226,0,Empty,NaN
LastFM,Global,19.3014626425734,8,1,1,126982.160031258,358943.839968742,-231961.679937484,-30.4251941156196,0,Empty,NaN
LastFM,Global,19.423623798539,8,1,1,125585.125051635,360340.874948365,-234755.74989673,-30.7916775835165,0,Empty,NaN
LastFM,Global,19.5457849545047,8,1,1,124188.090072012,361737.909927988,-237549.819855977,-31.1581610514135,0,Empty,NaN
LastFM,Global,19.6679461104703,8,1,1,122791.055092388,363134.944907611,-240343.889815223,-31.5246445193105,0,Empty,NaN
LastFM,Global,19.790107266436,8,1,1,121394.020112765,364531.979887235,-243137.959774469,-31.8911279872074,0,Empty,NaN
LastFM,Global,19.9122684224016,8,1,1,119996.985133142,365929.014866858,-245932.029733716,-32.2576114551044,0,Empty,NaN
LastFM,Global,20.0344295783673,8,1,1,118599.950153519,367326.049846481,-248726.099692962,-32.6240949230014,0,Empty,NaN
LastFM,Global,20.1213626059688,8,1,1,117605.784049867,368320.215950132,-250714.431900265,-32.884894005806,0,Empty,NaN
LastFM,Global,20.1215638216071,8,1,1,117603.482947829,368322.517052171,-250719.034104342,-32.8854976527207,0,Empty,NaN
LastFM,Global,20.1217650372453,8,1,1,117601.18184579,368324.81815421,-250723.63630842,-32.8861012996353,0,Empty,NaN
LastFM,Global,20.1565907343329,8,1,1,117202.915173896,368723.084826104,-251520.169652209,-32.9905783908983,0,Empty,NaN
LastFM,Global,20.2787518902986,8,1,1,115805.880194272,370120.119805728,-254314.239611455,-33.3570618587953,0,Empty,NaN
LastFM,Global,20.4009130462643,8,1,1,114408.845214649,371517.154785351,-257108.309570702,-33.7235453266922,0,Empty,NaN
LastFM,Global,20.5230742022299,8,1,1,113011.810235026,372914.189764974,-259902.379529948,-34.0900287945892,0,Empty,NaN
LastFM,Global,20.6452353581956,8,1,1,111614.775255403,374311.224744597,-262696.449489195,-34.4565122624862,0,Empty,NaN
LastFM,Global,20.6896946188367,8,1,1,111106.339150711,374819.660849289,-263713.321698578,-34.5898900444095,0,Empty,NaN
LastFM,Global,20.6899015178518,8,1,1,111103.973053574,374822.026946426,-263718.053892853,-34.590510741455,0,Empty,NaN
LastFM,Global,20.690108416867,8,1,1,111101.606956436,374824.393043564,-263722.786087128,-34.5911314385005,0,Empty,NaN
LastFM,Global,20.7673965141612,8,1,1,110217.740275779,375708.25972422,-265490.519448441,-34.8229957303831,0,Empty,NaN
LastFM,Global,20.8798376472217,8,1,1,108931.863478099,376994.1365219,-268062.273043801,-35.1603191295647,0,Empty,NaN
LastFM,Global,20.8800464476862,8,1,1,108929.475635988,376996.524364012,-268067.048728025,-35.1609455309581,0,Empty,NaN
LastFM,Global,20.8802552481507,8,1,1,108927.087793876,376998.912206124,-268071.824412248,-35.1615719323515,0,Empty,NaN
LastFM,Global,20.8895576701269,8,1,1,108820.705296156,377105.294703844,-268284.589407687,-35.1894791982801,0,Empty,NaN
LastFM,Global,21.0117188260925,8,1,1,107423.670316533,378502.329683467,-271078.659366934,-35.555962666177,0,Empty,NaN
LastFM,Global,21.0520024133134,8,1,1,106962.987213075,378963.012786925,-272000.02557385,-35.6768134278397,0,Empty,NaN
LastFM,Global,21.0522129354428,8,1,1,106960.579682004,378965.420317996,-272004.840635992,-35.6774449942277,0,Empty,NaN
LastFM,Global,21.0524234575721,8,1,1,106958.172150933,378967.827849067,-272009.655698135,-35.6780765606158,0,Empty,NaN
LastFM,Global,21.1338799820582,8,1,1,106026.63533691,379899.36466309,-273872.72932618,-35.922446134074,0,Empty,NaN
LastFM,Global,21.2560411380238,8,1,1,104629.600357287,381296.399642713,-276666.799285427,-36.288929601971,0,Empty,NaN
LastFM,Global,21.3782022939895,8,1,1,103232.565377663,382693.434622337,-279460.869244673,-36.6554130698679,0,Empty,NaN
LastFM,Global,21.5003634499551,8,1,1,101835.53039804,384090.46960196,-282254.93920392,-37.0218965377649,0,Empty,NaN
LastFM,Global,21.6225246059208,8,1,1,100438.495418417,385487.504581583,-285049.009163166,-37.3883800056619,0,Empty,NaN
LastFM,Global,21.7446857618864,8,1,1,99041.4604387937,386884.539561206,-287843.079122412,-37.7548634735588,0,Empty,NaN
LastFM,Global,21.7770073334775,8,1,1,98671.8309460783,387254.169053922,-288582.338107843,-37.851828188332,0,Empty,NaN
LastFM,Global,21.7772251057286,8,1,1,98669.3405026152,387256.659497385,-288587.318994769,-37.8524815050852,0,Empty,NaN
LastFM,Global,21.7774428779796,8,1,1,98666.8500591521,387259.149940848,-288592.299881696,-37.8531348218384,0,Empty,NaN
LastFM,Global,21.8668469178521,8,1,1,97644.4254591705,388281.574540829,-290637.149081659,-38.1213469414558,0,Empty,NaN
LastFM,Global,21.8755242798154,8,1,1,97545.1911477586,388380.808852241,-290835.617704483,-38.1473790273456,0,Empty,NaN
LastFM,Global,21.8757430372457,8,1,1,97542.6894377849,388383.310562215,-290840.62112443,-38.1480352996367,0,Empty,NaN
LastFM,Global,21.8759617946761,8,1,1,97540.1877278112,388385.812272189,-290845.624544377,-38.1486915719278,0,Empty,NaN
LastFM,Global,21.9890080738178,8,1,1,96247.3904795473,389678.609520453,-293431.219040905,-38.4878304093527,0,Empty,NaN
LastFM,Global,22.1111692297834,8,1,1,94850.355499924,391075.644500076,-296225.289000152,-38.8543138772497,0,Empty,NaN
LastFM,Global,22.12565962819,8,1,1,94684.643303746,391241.356696254,-296556.713392508,-38.8977850724696,0,Empty,NaN
LastFM,Global,22.1258808869989,8,1,1,94682.1129880077,391243.887011992,-296561.774023985,-38.8984488488962,0,Empty,NaN
LastFM,Global,22.1261021458078,8,1,1,94679.5826722695,391246.41732773,-296566.834655461,-38.8991126253228,0,Empty,NaN
LastFM,Global,22.1798960696365,8,1,1,94064.3953593636,391861.604640636,-297797.209281273,-39.0604943968091,0,Empty,NaN
LastFM,Global,22.1801178708152,8,1,1,94061.8588410839,391864.141158916,-297802.282317832,-39.0611598003452,0,Empty,NaN
LastFM,Global,22.180339671994,8,1,1,94059.3223228042,391866.677677196,-297807.355354391,-39.0618252038813,0,Empty,NaN
LastFM,Global,22.2185527961804,8,1,1,93622.3170346077,392303.682965392,-298681.365930784,-39.1764645764408,0,Empty,NaN
LastFM,Global,22.2187749839303,8,1,1,93619.7760955006,392306.223904499,-298686.447808999,-39.1771311396903,0,Empty,NaN
LastFM,Global,22.2189971716801,8,1,1,93617.2351563934,392308.764843606,-298691.529687213,-39.1777977029398,0,Empty,NaN
LastFM,Global,22.2333303857491,8,1,1,93453.3205203008,392472.679479699,-299019.358959398,-39.2207973451467,0,Empty,NaN
LastFM,Global,22.3217213074044,8,1,1,92442.4819402502,393483.51805975,-301041.036119499,-39.4859701101127,0,Empty,NaN
LastFM,Global,22.3219445268497,8,1,1,92439.9292026741,393486.070797326,-301046.141594652,-39.4866397684485,0,Empty,NaN
LastFM,Global,22.322167746295,8,1,1,92437.3764650981,393488.623534902,-301051.247069804,-39.4873094267843,0,Empty,NaN
LastFM,Global,22.3554915417147,8,1,1,92056.2855406776,393869.714459322,-301813.428918645,-39.5872808130436,0,Empty,NaN
LastFM,Global,22.3684378673094,8,1,1,91908.2313611774,394017.768638822,-302109.537277645,-39.6261197898275,0,Empty,NaN
LastFM,Global,22.3686615539249,8,1,1,91905.6732810421,394020.326718958,-302114.653437916,-39.6267908496742,0,Empty,NaN
LastFM,Global,22.3688852405404,8,1,1,91903.1152009068,394022.884799093,-302119.769598186,-39.6274619095208,0,Empty,NaN
LastFM,Global,22.4191453663004,8,1,1,91328.3404027161,394597.659597284,-303269.319194568,-39.7782422868006,0,Empty,NaN
LastFM,Global,22.419369559996,8,1,1,91325.7765236132,394600.223476387,-303274.446952773,-39.7789148678874,0,Empty,NaN
LastFM,Global,22.4195937536916,8,1,1,91323.2126445103,394602.78735549,-303279.574710979,-39.7795874489742,0,Empty,NaN
LastFM,Global,22.4288204668742,8,1,1,91217.6959525539,394708.304047446,-303490.608094892,-39.8072675885221,0,Empty,NaN
LastFM,Global,22.4290447573218,8,1,1,91215.1309669955,394710.869033004,-303495.738066009,-39.8079404598648,0,Empty,NaN
LastFM,Global,22.4292690477693,8,1,1,91212.565981437,394713.434018563,-303500.868037126,-39.8086133312075,0,Empty,NaN
LastFM,Global,22.4488217345291,8,1,1,90988.961455652,394937.038544348,-303948.077088696,-39.8672713914869,0,Empty,NaN
LastFM,Global,22.4490462249914,8,1,1,90986.3941827256,394939.605817274,-303953.211634549,-39.8679448628736,0,Empty,NaN
LastFM,Global,22.4492707154536,8,1,1,90983.8269097993,394942.173090201,-303958.346180401,-39.8686183342604,0,Empty,NaN
LastFM,Global,22.4606622411981,8,1,1,90853.5534213862,395072.446578614,-304218.893157228,-39.9027929114936,0,Empty,NaN
LastFM,Global,22.4608868500666,8,1,1,90850.984794366,395075.015205634,-304224.030411268,-39.9034667380991,0,Empty,NaN
LastFM,Global,22.4611114589351,8,1,1,90848.4161673458,395077.583832654,-304229.167665308,-39.9041405647046,0,Empty,NaN
LastFM,Global,22.476403525121,8,1,1,90673.5360984433,395252.463901557,-304578.927803113,-39.9500167632625,0,Empty,NaN
LastFM,Global,22.4766282914039,8,1,1,90670.9656712319,395255.034328768,-304584.068657536,-39.9506910621112,0,Empty,NaN
LastFM,Global,22.4768530576868,8,1,1,90668.3952440205,395257.604755979,-304589.209511959,-39.95136536096,0,Empty,NaN
LastFM,Global,22.4776526976804,8,1,1,90659.2505610543,395266.749438946,-304607.498877891,-39.9537642809406,0,Empty,NaN
LastFM,Global,22.4846540249062,8,1,1,90579.1833828994,395346.8166171,-304767.633234201,-39.9747682626182,0,Empty,NaN
LastFM,Global,22.484878873695,8,1,1,90576.6120121514,395349.387987848,-304772.775975697,-39.9754428089844,0,Empty,NaN
LastFM,Global,22.4851037224837,8,1,1,90574.0406414034,395351.959358596,-304777.918717193,-39.9761173553506,0,Empty,NaN
LastFM,Global,22.4889940180294,8,1,1,90529.5512215434,395396.448778456,-304866.897556913,-39.9877882419876,0,Empty,NaN
LastFM,Global,22.4892189102185,8,1,1,90526.9793544688,395399.020645531,-304872.041291062,-39.9884629185549,0,Empty,NaN
LastFM,Global,22.4894438024076,8,1,1,90524.4074873943,395401.592512606,-304877.185025211,-39.9891375951222,0,Empty,NaN
LastFM,Global,22.5074866218246,8,1,1,90318.0698045415,395607.930195458,-305289.860390917,-40.0432660533732,0,Empty,NaN
LastFM,Global,22.5077116989415,8,1,1,90315.4958226316,395610.504177368,-305295.008354737,-40.0439412847241,0,Empty,NaN
LastFM,Global,22.5079367760585,8,1,1,90312.9218407217,395613.078159278,-305300.156318557,-40.0446165160751,0,Empty,NaN
LastFM,Global,22.5147589765775,8,1,1,90234.9031555863,395691.096844414,-305456.193688827,-40.0650831176321,0,Empty,NaN
LastFM,Global,22.5149841264188,8,1,1,90232.3283420016,395693.671657998,-305461.343315997,-40.0657585671559,0,Empty,NaN
LastFM,Global,22.5152092762601,8,1,1,90229.7535284169,395696.246471583,-305466.492943166,-40.0664340166797,0,Empty,NaN
LastFM,Global,22.5162694816351,8,1,1,90217.6290197482,395708.370980252,-305490.741960503,-40.0696146328048,0,Empty,NaN
LastFM,Global,22.5164946465816,8,1,1,90215.0540334205,395710.945966579,-305495.891933159,-40.0702901276441,0,Empty,NaN
LastFM,Global,22.516719811528,8,1,1,90212.4790470926,395713.520952907,-305501.041905815,-40.0709656224836,0,Empty,NaN
LastFM,Global,22.5224302014582,8,1,1,90147.1750278508,395778.824972149,-305631.649944298,-40.0880967922742,0,Empty,NaN
LastFM,Global,22.5226554280125,8,1,1,90144.5993369761,395781.400663024,-305636.801326048,-40.088772471937,0,Empty,NaN
LastFM,Global,22.5228806545668,8,1,1,90142.0236461013,395783.976353899,-305641.952707797,-40.0894481515999,0,Empty,NaN
LastFM,Global,22.5390004159002,8,1,1,89957.678055493,395968.321944507,-306010.643889014,-40.1378074355999,0,Empty,NaN
LastFM,Global,22.5392258081582,8,1,1,89955.1004696295,395970.89953037,-306015.799060741,-40.1384836123742,0,Empty,NaN
LastFM,Global,22.5394512004163,8,1,1,89952.5228837661,395973.477116234,-306020.954232468,-40.1391597891484,0,Empty,NaN
LastFM,Global,22.5456183821257,8,1,1,89881.994993738,396044.005006262,-306162.010012524,-40.1576613342765,0,Empty,NaN
LastFM,Global,22.5457949373102,8,1,1,89879.9759086475,396046.024091352,-306166.048182705,-40.1581909998301,0,Empty,NaN
LastFM,Global,22.5458438405641,8,1,1,89879.4166510364,396046.583348964,-306167.166697927,-40.1583377095917,0,Empty,NaN
LastFM,Global,22.5460203975142,8,1,1,89877.3975457548,396048.602454245,-306171.20490849,-40.1588673804421,0,Empty,NaN
LastFM,Global,22.5460692990025,8,1,1,89876.8383083348,396049.161691665,-306172.32338333,-40.1590140849069,0,Empty,NaN
LastFM,Global,22.5462458577182,8,1,1,89874.8191828622,396051.180817138,-306176.361634276,-40.159543761054,0,Empty,NaN
LastFM,Global,22.5555943187716,8,1,1,89767.9101822548,396158.089817745,-306390.17963549,-40.1875891442144,0,Empty,NaN
LastFM,Global,22.5558198769704,8,1,1,89765.3306986937,396160.669301306,-306395.338602613,-40.1882658188107,0,Empty,NaN
LastFM,Global,22.5560454351692,8,1,1,89762.7512151325,396163.248784867,-306400.497569735,-40.188942493407,0,Empty,NaN
LastFM,Global,22.599813853646,8,1,1,89262.2155814311,396663.784418569,-307401.568837138,-40.3202477488376,0,Empty,NaN
LastFM,Global,22.605988874742,8,1,1,89191.5980401775,396734.401959822,-307542.803919645,-40.3387728121255,0,Empty,NaN
LastFM,Global,22.6062149368914,8,1,1,89189.0127934373,396736.987206563,-307547.974413125,-40.3394509985736,0,Empty,NaN
LastFM,Global,22.6064409990407,8,1,1,89186.4275466971,396739.572453303,-307553.144906606,-40.3401291850217,0,Empty,NaN
LastFM,Global,22.6247993628886,8,1,1,88976.4812977332,396949.518702267,-307973.037404533,-40.3952042765653,0,Empty,NaN
LastFM,Global,22.6250256131447,8,1,1,88973.8938998041,396952.106100196,-307978.212200392,-40.3958830273336,0,Empty,NaN
LastFM,Global,22.6252518634009,8,1,1,88971.306501875,396954.693498125,-307983.38699625,-40.396561778102,0,Empty,NaN
LastFM,Global,22.6305994859767,8,1,1,88910.1510900977,397015.848909902,-308105.697819805,-40.4126046458296,0,Empty,NaN
LastFM,Global,22.6308257942346,8,1,1,88907.5630288598,397018.43697114,-308110.87394228,-40.4132835706034,0,Empty,NaN
LastFM,Global,22.6310521024926,8,1,1,88904.974967622,397021.025032378,-308116.050064756,-40.4139624953772,0,Empty,NaN
LastFM,Global,22.6781381463464,8,1,1,88366.4989701099,397559.50102989,-309193.00205978,-40.5552206269386,0,Empty,NaN
LastFM,Global,22.6783649299957,8,1,1,88363.9054722966,397562.094527703,-309198.189055407,-40.5559009778865,0,Empty,NaN
LastFM,Global,22.678591713645,8,1,1,88361.3119744832,397564.688025517,-309203.376051034,-40.5565813288344,0,Empty,NaN
LastFM,Global,22.7084022025227,8,1,1,88020.399223677,397905.600776323,-309885.201552646,-40.6460127954677,0,Empty,NaN
LastFM,Global,22.7086292888156,8,1,1,88017.8022648316,397908.197735168,-309890.395470337,-40.6466940543464,0,Empty,NaN
LastFM,Global,22.7088563751085,8,1,1,88015.2053059861,397910.794694014,-309895.589388028,-40.647375313225,0,Empty,NaN
LastFM,Global,22.7219750096117,8,1,1,87865.1806018079,398060.819398192,-310195.638796384,-40.6867312167345,0,Empty,NaN
LastFM,Global,22.7800487569052,8,1,1,87201.0492277593,398724.950772241,-311523.901544481,-40.8609524586151,0,Empty,NaN
LastFM,Global,22.7802765596708,8,1,1,87198.4440753319,398727.555924668,-311529.111849336,-40.8616358669119,0,Empty,NaN
LastFM,Global,22.7805043624364,8,1,1,87195.8389229045,398730.161077095,-311534.322154191,-40.8623192752087,0,Empty,NaN
LastFM,Global,22.8441361655773,8,1,1,86468.1456221847,399457.854377815,-312989.708755631,-41.0532146846315,0,Empty,NaN
LastFM,Global,22.966297321543,8,1,1,85071.1106425615,400854.889357438,-315783.778714877,-41.4196981525285,0,Empty,NaN
LastFM,Global,23.0305854551775,8,1,1,84335.9115463173,401590.088453683,-317254.176907365,-41.612562553432,0,Empty,NaN
LastFM,Global,23.0308157633351,8,1,1,84333.2777422266,401592.722257773,-317259.444515547,-41.6132534779049,0,Empty,NaN
LastFM,Global,23.0310460714928,8,1,1,84330.6439381359,401595.356061864,-317264.712123728,-41.6139444023778,0,Empty,NaN
LastFM,Global,23.0884584775086,8,1,1,83674.0756629382,402251.924337062,-318577.848674123,-41.7861816204254,0,Empty,NaN
LastFM,Global,23.2106196334743,8,1,1,82277.040683315,403648.959316685,-321371.91863337,-42.1526650883224,0,Empty,NaN
LastFM,Global,23.33278078944,8,1,1,80880.0057036918,405045.994296308,-324165.988592616,-42.5191485562193,0,Empty,NaN
LastFM,Global,23.4549419454056,8,1,1,79482.9707240686,406443.029275931,-326960.058551863,-42.8856320241163,0,Empty,NaN
LastFM,Global,23.5771031013713,8,1,1,78085.9357444454,407840.064255555,-329754.128511109,-43.2521154920133,0,Empty,NaN
LastFM,Global,23.6992642573369,8,1,1,76688.9007648221,409237.099235178,-332548.198470356,-43.6185989599102,0,Empty,NaN
LastFM,Global,23.8214254133026,8,1,1,75291.8657851989,410634.134214801,-335342.268429602,-43.9850824278072,0,Empty,NaN
LastFM,Global,23.9435865692682,8,1,1,73894.8308055757,412031.169194424,-338136.338388848,-44.3515658957042,0,Empty,NaN
LastFM,Global,24.0657477252339,8,1,1,72497.7958259525,413428.204174047,-340930.408348095,-44.7180493636011,0,Empty,NaN
LastFM,Global,24.1879088811995,8,1,1,71100.7608463293,414825.239153671,-343724.478307341,-45.0845328314981,0,Empty,NaN
LastFM,Global,24.3068498419091,8,1,1,69740.5520196542,416185.447980346,-346444.895960691,-45.4413557136269,0,Empty,NaN
LastFM,Global,24.3070929128383,8,1,1,69737.7722605087,416188.227739491,-346450.455478982,-45.4420849264143,0,Empty,NaN
LastFM,Global,24.3073359837674,8,1,1,69734.9925013632,416191.007498637,-346456.014997273,-45.4428141392017,0,Empty,NaN
LastFM,Global,24.3100700371652,8,1,1,69703.7258667061,416222.274133294,-346518.548266588,-45.451016299395,0,Empty,NaN
LastFM,Global,24.4322311931308,8,1,1,68306.6908870828,417619.309112917,-349312.618225834,-45.817499767292,0,Empty,NaN
LastFM,Global,24.5543923490965,8,1,1,66909.6559074596,419016.34409254,-352106.688185081,-46.183983235189,0,Empty,NaN
LastFM,Global,24.6765535050621,8,1,1,65512.6209278364,420413.379072163,-354900.758144327,-46.5504667030859,0,Empty,NaN
LastFM,Global,24.7987146610278,8,1,1,64115.5859482131,421810.414051787,-357694.828103574,-46.9169501709829,0,Empty,NaN
LastFM,Global,24.8973384904844,8,1,1,62987.7238345472,422938.276165453,-359950.552330905,-47.2128216593528,0,Empty,NaN
LastFM,Global,24.8975874663591,8,1,1,62984.8765464446,422941.123453555,-359956.246907111,-47.2135685869767,0,Empty,NaN
LastFM,Global,24.8978364422337,8,1,1,62982.0292583419,422943.970741658,-359961.941483316,-47.2143155146007,0,Empty,NaN
LastFM,Global,24.9208758169935,8,1,1,62718.55096859,423207.44903141,-360488.89806282,-47.2834336388798,0,Empty,NaN
LastFM,Global,25.0430369729591,8,1,1,61321.5159889667,424604.484011033,-363282.968022067,-47.6499171067768,0,Empty,NaN
LastFM,Global,25.1279926621972,8,1,1,60349.9627268396,425576.03727316,-365226.074546321,-47.9047841744912,0,Empty,NaN
LastFM,Global,25.1282439446367,8,1,1,60347.0890608621,425578.910939138,-365231.821878276,-47.9055380218095,0,Empty,NaN
LastFM,Global,25.1284952270761,8,1,1,60344.2153948846,425581.784605115,-365237.569210231,-47.9062918691278,0,Empty,NaN
LastFM,Global,25.1651981289248,8,1,1,59924.4810093435,426001.518990656,-366077.037981313,-48.0164005746738,0,Empty,NaN
LastFM,Global,25.2873592848904,8,1,1,58527.4460297202,427398.55397028,-368871.107940559,-48.3828840425708,0,Empty,NaN
LastFM,Global,25.4095204408561,8,1,1,57130.4110500971,428795.588949903,-371665.177899806,-48.7493675104677,0,Empty,NaN
LastFM,Global,25.5316815968217,8,1,1,55733.3760704738,430192.623929526,-374459.247859052,-49.1158509783647,0,Empty,NaN
LastFM,Global,25.6538427527874,8,1,1,54336.3410908506,431589.658909149,-377253.317818299,-49.4823344462616,0,Empty,NaN
LastFM,Global,25.776003908753,8,1,1,52939.3061112274,432986.693888773,-380047.387777545,-49.8488179141586,0,Empty,NaN
LastFM,Global,25.8981650647187,8,1,1,51542.2711316042,434383.728868396,-382841.457736792,-50.2153013820556,0,Empty,NaN
LastFM,Global,26.0172008518259,8,1,1,50180.9778702458,435745.022129754,-385564.044259508,-50.5724087433773,0,Empty,NaN
LastFM,Global,26.0174610264362,8,1,1,50178.0025134028,435747.997486597,-385569.994973194,-50.5731892672081,0,Empty,NaN
LastFM,Global,26.0177212010465,8,1,1,50175.0271565598,435750.97284344,-385575.94568688,-50.5739697910389,0,Empty,NaN
LastFM,Global,26.0203262206843,8,1,1,50145.2361519809,435780.763848019,-385635.527696038,-50.5817848499525,0,Empty,NaN
LastFM,Global,26.14248737665,8,1,1,48748.2011723577,437177.798827642,-388429.597655284,-50.9482683178495,0,Empty,NaN
LastFM,Global,26.2646485326157,8,1,1,47351.1661927345,438574.833807265,-391223.667614531,-51.3147517857464,0,Empty,NaN
LastFM,Global,26.3868096885813,8,1,1,45954.1312131113,439971.868786889,-394017.737573777,-51.6812352536434,0,Empty,NaN
LastFM,Global,26.508970844547,8,1,1,44557.0962334881,441368.903766512,-396811.807533024,-52.0477187215404,0,Empty,NaN
LastFM,Global,26.6311320005126,8,1,1,43160.0612538648,442765.938746135,-399605.87749227,-52.4142021894373,0,Empty,NaN
LastFM,Global,26.7532931564783,8,1,1,41763.0262742416,444162.973725758,-402399.947451517,-52.7806856573343,0,Empty,NaN
LastFM,Global,26.8754543124439,8,1,1,40365.9912946184,445560.008705381,-405194.017410763,-53.1471691252313,0,Empty,NaN
LastFM,Global,26.9976154684096,8,1,1,38968.9563149951,446957.043685005,-407988.08737001,-53.5136525931282,0,Empty,NaN
LastFM,Global,27.1197766243752,8,1,1,37571.921335372,448354.078664628,-410782.157329256,-53.8801360610252,0,Empty,NaN
LastFM,Global,27.2419377803409,8,1,1,36174.8863557487,449751.113644251,-413576.227288503,-54.2466195289222,0,Empty,NaN
LastFM,Global,27.3640989363065,8,1,1,34777.8513761255,451148.148623874,-416370.297247749,-54.6131029968191,0,Empty,NaN
LastFM,Global,27.4862600922722,8,1,1,33380.8163965023,452545.183603498,-419164.367206995,-54.9795864647161,0,Empty,NaN
LastFM,Global,27.6084212482379,8,1,1,31983.781416879,453942.218583121,-421958.437166242,-55.346069932613,0,Empty,NaN
LastFM,Global,27.7305824042035,8,1,1,30586.7464372558,455339.253562744,-424752.507125488,-55.71255340051,0,Empty,NaN
LastFM,Global,27.8527435601692,8,1,1,29189.7114576326,456736.288542367,-427546.577084735,-56.079036868407,0,Empty,NaN
LastFM,Global,27.9749047161348,8,1,1,27792.6764780094,458133.323521991,-430340.647043981,-56.4455203363039,0,Empty,NaN
LastFM,Global,28.0970658721005,8,1,1,26395.6414983862,459530.358501614,-433134.717003227,-56.8120038042009,0,Empty,NaN
LastFM,Global,28.2192270280661,8,1,1,24998.606518763,460927.393481237,-435928.786962474,-57.1784872720978,0,Empty,NaN
LastFM,Global,28.3413881840318,8,1,1,23601.5715391397,462324.42846086,-438722.85692172,-57.5449707399948,0,Empty,NaN
LastFM,Global,28.4635493399974,8,1,1,22204.5365595165,463721.463440483,-441516.926880967,-57.9114542078918,0,Empty,NaN
LastFM,Global,28.5857104959631,8,1,1,20807.5015798933,465118.498420107,-444310.996840213,-58.2779376757887,0,Empty,NaN
LastFM,Global,28.7078716519287,8,1,1,19410.4666002701,466515.53339973,-447105.06679946,-58.6444211436857,0,Empty,NaN
LastFM,Global,28.8300328078944,8,1,1,18013.4316206469,467912.568379353,-449899.136758706,-59.0109046115827,0,Empty,NaN
LastFM,Global,28.95219396386,8,1,1,16616.3966410237,469309.603358976,-452693.206717953,-59.3773880794796,0,Empty,NaN
LastFM,Global,29.0743551198257,8,1,1,15219.3616614004,470706.638338599,-455487.276677199,-59.7438715473766,0,Empty,NaN
LastFM,Global,29.1965162757914,8,1,1,13822.3266817772,472103.673318223,-458281.346636445,-60.1103550152735,0,Empty,NaN
LastFM,Global,29.318677431757,8,1,1,12425.291702154,473500.708297846,-461075.416595692,-60.4768384831705,0,Empty,NaN
LastFM,Global,29.4408385877227,8,1,1,11028.2567225307,474897.743277469,-463869.486554938,-60.8433219510675,0,Empty,NaN
LastFM,Global,29.5629997436883,8,1,1,9631.22174290748,476294.778257092,-466663.556514185,-61.2098054189644,0,Empty,NaN
LastFM,Global,29.685160899654,8,1,1,8234.18676328432,477691.813236716,-469457.626473431,-61.5762888868614,0,Empty,NaN
LastFM,Global,29.8073220556196,8,1,1,6837.1517836611,479088.848216339,-472251.696432678,-61.9427723547584,0,Empty,NaN
LastFM,Global,29.9294832115853,8,1,1,5440.11680403788,480485.883195962,-475045.766391924,-62.3092558226553,0,Empty,NaN
LastFM,Global,30.0516443675509,8,1,1,4043.08182441461,481882.918175585,-477839.836351171,-62.6757392905523,0,Empty,NaN
LastFM,Global,30.1738055235166,8,1,1,2646.04684479139,483279.953155208,-480633.906310417,-63.0422227584493,0,Empty,NaN
LastFM,Global,30.2959666794822,8,1,1,1249.01186516817,484676.988134832,-483427.976269664,-63.4087062263462,0,Empty,NaN
LastFM,Global,30.4181278354479,8,1,1,-148.023114455049,486074.023114455,-486222.04622891,-63.7751896942432,0,Empty,NaN
LastFM,Global,30.5402889914136,8,1,1,-1545.05809407827,487471.058094078,-489016.116188156,-64.1416731621401,0,Empty,NaN
LastFM,Global,30.6624501473792,8,1,1,-2942.09307370143,488868.093073701,-491810.186147403,-64.5081566300371,0,Empty,NaN
LastFM,Global,30.7846113033449,8,1,1,-4339.12805332465,490265.128053325,-494604.256106649,-64.874640097934,0,Empty,NaN
LastFM,Global,30.9067724593105,8,1,1,-5736.16303294792,491662.163032948,-497398.326065896,-65.241123565831,0,Empty,NaN
LastFM,Global,31.0289336152762,8,1,1,-7133.19801257114,493059.198012571,-500192.396025142,-65.607607033728,0,Empty,NaN
LastFM,Global,31.1510947712418,8,1,1,-8530.23299219436,494456.232992194,-502986.465984389,-65.9740905016249,0,Empty,NaN
LastFM,Global,31.2732559272075,8,1,1,-9927.26797181758,495853.267971817,-505780.535943635,-66.3405739695219,0,Empty,NaN
LastFM,Global,31.3954170831731,8,1,1,-11324.3029514408,497250.302951441,-508574.605902881,-66.7070574374189,0,Empty,NaN
LastFM,Global,31.5175782391388,8,1,1,-12721.337931064,498647.337931064,-511368.675862128,-67.0735409053158,0,Empty,NaN
LastFM,Global,31.6397393951044,8,1,1,-14118.3729106872,500044.372910687,-514162.745821374,-67.4400243732128,0,Empty,NaN
LastFM,Global,31.7619005510701,8,1,1,-15515.4078903105,501441.40789031,-516956.815780621,-67.8065078411098,0,Empty,NaN
LastFM,Global,31.8678089619377,8,1,1,-16726.5764769926,502652.576476992,-519379.152953985,-68.1242330737126,0,Empty,NaN
LastFM,Global,31.8681276432141,8,1,1,-16730.2209160698,502656.22091607,-519386.44183214,-68.1251891175419,0,Empty,NaN
LastFM,Global,31.8684463244906,8,1,1,-16733.8653551471,502659.865355147,-519393.730710294,-68.1261451613712,0,Empty,NaN
LastFM,Global,31.8840617070358,8,1,1,-16912.4428699337,502838.442869934,-519750.885739867,-68.1729913090067,0,Empty,NaN
LastFM,Global,32.0062228630014,8,1,1,-18309.4778495569,504235.477849557,-522544.955699114,-68.5394747769037,0,Empty,NaN
LastFM,Global,32.1283840189671,8,1,1,-19706.5128291801,505632.51282918,-525339.02565836,-68.9059582448006,0,Empty,NaN
LastFM,Global,32.2505451749327,8,1,1,-21103.5478088034,507029.547808803,-528133.095617607,-69.2724417126976,0,Empty,NaN
LastFM,Global,32.3727063308984,8,1,1,-22500.5827884265,508426.582788426,-530927.165576853,-69.6389251805946,0,Empty,NaN
LastFM,Global,32.494867486864,8,1,1,-23897.6177680498,509823.61776805,-533721.235536099,-70.0054086484915,0,Empty,NaN
LastFM,Global,32.6170286428297,8,1,1,-25294.652747673,511220.652747673,-536515.305495346,-70.3718921163885,0,Empty,NaN
LastFM,Global,32.7391897987953,8,1,1,-26691.6877272963,512617.687727296,-539309.375454592,-70.7383755842855,0,Empty,NaN
LastFM,Global,32.861350954761,8,1,1,-28088.7227069194,514014.722706919,-542103.445413839,-71.1048590521824,0,Empty,NaN
LastFM,Global,32.9835121107266,8,1,1,-29485.7576865427,515411.757686543,-544897.515373085,-71.4713425200794,0,Empty,NaN
LastFM,Global,33.1056732666923,8,1,1,-30882.7926661659,516808.792666166,-547691.585332332,-71.8378259879764,0,Empty,NaN
LastFM,Global,33.2278344226579,8,1,1,-32279.8276457891,518205.827645789,-550485.655291578,-72.2043094558733,0,Empty,NaN
LastFM,Global,33.3499955786236,8,1,1,-33676.8626254124,519602.862625412,-553279.725250825,-72.5707929237703,0,Empty,NaN
LastFM,Global,33.4721567345893,8,1,1,-35073.8976050356,520999.897605036,-556073.795210071,-72.9372763916673,0,Empty,NaN
LastFM,Global,33.5943178905549,8,1,1,-36470.9325846588,522396.932584659,-558867.865169318,-73.3037598595642,0,Empty,NaN
LastFM,Global,33.7164790465206,8,1,1,-37867.967564282,523793.967564282,-561661.935128564,-73.6702433274612,0,Empty,NaN
LastFM,Global,33.8386402024862,8,1,1,-39265.0025439053,525191.002543905,-564456.00508781,-74.0367267953581,0,Empty,NaN
LastFM,Global,33.9608013584519,8,1,1,-40662.0375235284,526588.037523528,-567250.075047057,-74.4032102632551,0,Empty,NaN
LastFM,Global,34.0829625144175,8,1,1,-42059.0725031517,527985.072503152,-570044.145006303,-74.769693731152,0,Empty,NaN
LastFM,Global,34.2051236703832,8,1,1,-43456.1074827748,529382.107482775,-572838.21496555,-75.136177199049,0,Empty,NaN
LastFM,Global,34.3272848263488,8,1,1,-44853.1424623982,530779.142462398,-575632.284924796,-75.502660666946,0,Empty,NaN
LastFM,Global,34.4494459823145,8,1,1,-46250.1774420213,532176.177442021,-578426.354884043,-75.8691441348429,0,Empty,NaN
LastFM,Global,34.5716071382801,8,1,1,-47647.2124216446,533573.212421644,-581220.424843289,-76.2356276027399,0,Empty,NaN
LastFM,Global,34.6937682942458,8,1,1,-49044.2474012678,534970.247401268,-584014.494802535,-76.6021110706369,0,Empty,NaN
LastFM,Global,34.8159294502114,8,1,1,-50441.282380891,536367.282380891,-586808.564761782,-76.9685945385338,0,Empty,NaN
LastFM,Global,34.9380906061771,8,1,1,-51838.3173605142,537764.317360514,-589602.634721028,-77.3350780064308,0,Empty,NaN
LastFM,Global,35.0602517621428,8,1,1,-53235.3523401374,539161.352340137,-592396.704680275,-77.7015614743277,0,Empty,NaN
LastFM,Global,35.1824129181084,8,1,1,-54632.3873197607,540558.387319761,-595190.774639521,-78.0680449422247,0,Empty,NaN
LastFM,Global,35.3045740740741,8,1,1,-56029.4222993839,541955.422299384,-597984.844598768,-78.4345284101217,0,Empty,NaN
LastFM,Global,35.4267352300397,8,1,1,-57426.4572790072,543352.457279007,-600778.914558014,-78.8010118780187,0,Empty,NaN
LastFM,Global,35.5488963860054,8,1,1,-58823.4922586303,544749.49225863,-603572.984517261,-79.1674953459156,0,Empty,NaN
LastFM,Global,35.671057541971,8,1,1,-60220.5272382536,546146.527238254,-606367.054476507,-79.5339788138126,0,Empty,NaN
LastFM,Global,35.7932186979367,8,1,1,-61617.5622178768,547543.562217877,-609161.124435753,-79.9004622817095,0,Empty,NaN
LastFM,Global,35.9153798539023,8,1,1,-63014.5971975,548940.5971975,-611955.194395,-80.2669457496065,0,Empty,NaN
LastFM,Global,36.037541009868,8,1,1,-64411.6321771232,550337.632177123,-614749.264354246,-80.6334292175034,0,Empty,NaN
LastFM,Global,36.1597021658337,8,1,1,-65808.6671567465,551734.667156746,-617543.334313493,-80.9999126854004,0,Empty,NaN
LastFM,Global,36.2818633217993,8,1,1,-67205.7021363697,553131.70213637,-620337.404272739,-81.3663961532974,0,Empty,NaN
LastFM,Global,36.404024477765,8,1,1,-68602.7371159929,554528.737115993,-623131.474231986,-81.7328796211944,0,Empty,NaN
LastFM,Global,36.5261856337306,8,1,1,-69999.7720956161,555925.772095616,-625925.544191232,-82.0993630890913,0,Empty,NaN
LastFM,Global,36.6483467896963,8,1,1,-71396.8070752393,557322.807075239,-628719.614150479,-82.4658465569883,0,Empty,NaN
Amazon,Local,0,6,1,1,15089270.6630785,6032207.33692154,9057063.32615692,27.0470709697904,1,Nonempty,12808621.7911231
Amazon,Local,0.122161155965654,6,1,1,15064726.3123764,6056751.68762362,9007974.62475276,26.9004775826316,1,Nonempty,12739199.8838381
Amazon,Local,0.244322311931308,6,1,1,15040181.9616743,6081296.03832569,8958885.92334861,26.7538841954728,1,Nonempty,12669777.976553
Amazon,Local,0.366483467896963,6,1,1,15015637.6109722,6105840.38902777,8909797.22194446,26.607290808314,1,Nonempty,12600356.069268
Amazon,Local,0.488644623862617,6,1,1,14991093.2602702,6130384.73972985,8860708.5205403,26.4606974211552,1,Nonempty,12530934.1619829
Amazon,Local,0.610805779828271,6,1,1,14966548.9095681,6154929.09043192,8811619.81913615,26.3141040339964,1,Nonempty,12461512.2546979
Amazon,Local,0.732966935793925,6,1,1,14942004.558866,6179473.441134,8762531.117732,26.1675106468377,1,Nonempty,12392090.3474129
Amazon,Local,0.85512809175958,6,1,1,14917460.2081639,6204017.79183608,8713442.41632784,26.0209172596789,1,Nonempty,12322668.4401278
Amazon,Local,0.977289247725234,6,1,1,14892915.8574618,6228562.14253815,8664353.71492369,25.8743238725201,1,Nonempty,12253246.5328428
Amazon,Local,1.09945040369089,6,1,1,14868371.5067598,6253106.49324023,8615265.01351954,25.7277304853613,1,Nonempty,12183824.6255578
Amazon,Local,1.22161155965654,6,1,1,14843827.1560577,6277650.84394231,8566176.31211538,25.5811370982025,1,Nonempty,12114402.7182727
Amazon,Local,1.3437727156222,6,1,1,14819282.8053556,6302195.19464438,8517087.61071123,25.4345437110437,1,Nonempty,12044980.8109877
Amazon,Local,1.46593387158785,6,1,1,14794738.4546535,6326739.54534646,8467998.90930708,25.2879503238849,1,Nonempty,11975558.9037026
Amazon,Local,1.5880950275535,6,1,1,14770194.1039515,6351283.89604854,8418910.20790293,25.1413569367261,1,Nonempty,11906136.9964176
Amazon,Local,1.71025618351916,6,1,1,14745649.7532494,6375828.24675061,8369821.50649877,24.9947635495674,1,Nonempty,11836715.0891326
Amazon,Local,1.83241733948481,6,1,1,14721105.4025473,6400372.59745269,8320732.80509462,24.8481701624086,1,Nonempty,11767293.1818475
Amazon,Local,1.95457849545047,6,1,1,14696561.0518452,6424916.94815477,8271644.10369047,24.7015767752498,1,Nonempty,11697871.2745625
Amazon,Local,2.07673965141612,6,1,1,14672016.7011432,6449461.29885684,8222555.40228631,24.554983388091,1,Nonempty,11628449.3672775
Amazon,Local,2.19890080738178,6,1,1,14647472.3504411,6474005.64955892,8173466.70088216,24.4083900009322,1,Nonempty,11559027.4599924
Amazon,Local,2.32106196334743,6,1,1,14622927.999739,6498550.000261,8124377.99947801,24.2617966137734,1,Nonempty,11489605.5527074
Amazon,Local,2.44322311931308,6,1,1,14598383.6490369,6523094.35096307,8075289.29807385,24.1152032266146,1,Nonempty,11420183.6454224
Amazon,Local,2.56538427527874,6,1,1,14573839.2983348,6547638.70166515,8026200.5966697,23.9686098394558,1,Nonempty,11350761.7381373
Amazon,Local,2.68754543124439,6,1,1,14549294.9476328,6572183.05236723,7977111.89526555,23.8220164522971,1,Nonempty,11281339.8308523
Amazon,Local,2.80970658721005,6,1,1,14524750.5969307,6596727.4030693,7928023.19386139,23.6754230651383,1,Nonempty,11211917.9235672
Amazon,Local,2.9318677431757,6,1,1,14500206.2462286,6621271.75377138,7878934.49245724,23.5288296779795,1,Nonempty,11142496.0162822
Amazon,Local,3.05402889914135,6,1,1,14475661.8955265,6645816.10447345,7829845.79105309,23.3822362908207,1,Nonempty,11073074.1089972
Amazon,Local,3.17619005510701,6,1,1,14451117.5448245,6670360.45517553,7780757.08964893,23.2356429036619,1,Nonempty,11003652.2017121
Amazon,Local,3.29835121107266,6,1,1,14426573.1941224,6694904.80587761,7731668.38824478,23.0890495165031,1,Nonempty,10934230.2944271
Amazon,Local,3.42051236703832,6,1,1,14402028.8434203,6719449.15657969,7682579.68684063,22.9424561293443,1,Nonempty,10864808.3871421
Amazon,Local,3.54267352300397,6,1,1,14377484.4927182,6743993.50728176,7633490.98543647,22.7958627421855,1,Nonempty,10795386.479857
Amazon,Local,3.66483467896963,6,1,1,14352940.1420162,6768537.85798384,7584402.28403232,22.6492693550267,1,Nonempty,10725964.572572
Amazon,Local,3.78699583493528,6,1,1,14328395.7913141,6793082.20868591,7535313.58262817,22.502675967868,1,Nonempty,10656542.665287
Amazon,Local,3.90915699090093,6,1,1,14303851.440612,6817626.55938799,7486224.88122402,22.3560825807092,1,Nonempty,10587120.7580019
Amazon,Local,4.03131814686659,6,1,1,14279307.0899099,6842170.91009007,7437136.17981986,22.2094891935504,1,Nonempty,10517698.8507169
Amazon,Local,4.15347930283224,6,1,1,14254762.7392079,6866715.26079214,7388047.47841571,22.0628958063916,1,Nonempty,10448276.9434318
Amazon,Local,4.2756404587979,6,1,1,14230218.3885058,6891259.61149422,7338958.77701156,21.9163024192328,1,Nonempty,10378855.0361468
Amazon,Local,4.39780161476355,6,1,1,14205674.0378037,6915803.9621963,7289870.0756074,21.769709032074,1,Nonempty,10309433.1288618
Amazon,Local,4.51996277072921,6,1,1,14181129.6871016,6940348.31289837,7240781.37420325,21.6231156449152,1,Nonempty,10240011.2215767
Amazon,Local,4.64212392669486,6,1,1,14156585.3363995,6964892.66360045,7191692.6727991,21.4765222577564,1,Nonempty,10170589.3142917
Amazon,Local,4.76428508266051,6,1,1,14132040.9856975,6989437.01430253,7142603.97139494,21.3299288705977,1,Nonempty,10101167.4070067
Amazon,Local,4.88644623862617,6,1,1,14107496.6349954,7013981.3650046,7093515.26999079,21.1833354834389,1,Nonempty,10031745.4997216
Amazon,Local,5.00860739459182,6,1,1,14082952.2842933,7038525.71570668,7044426.56858664,21.0367420962801,1,Nonempty,9962323.59243659
Amazon,Local,5.13076855055748,6,1,1,14058407.9335912,7063070.06640876,6995337.86718248,20.8901487091213,1,Nonempty,9892901.68515155
Amazon,Local,5.25292970652313,6,1,1,14033863.5828892,7087614.41711083,6946249.16577833,20.7435553219625,1,Nonempty,9823479.77786651
Amazon,Local,5.37509086248879,6,1,1,14009319.2321871,7112158.76781291,6897160.46437418,20.5969619348037,1,Nonempty,9754057.87058148
Amazon,Local,5.49725201845444,6,1,1,13984774.881485,7136703.11851499,6848071.76297002,20.4503685476449,1,Nonempty,9684635.96329644
Amazon,Local,5.61941317442009,6,1,1,13960230.5307829,7161247.46921706,6798983.06156587,20.3037751604861,1,Nonempty,9615214.0560114
Amazon,Local,5.74157433038575,6,1,1,13935686.1800809,7185791.81991914,6749894.36016172,20.1571817733274,1,Nonempty,9545792.14872637
Amazon,Local,5.8637354863514,6,1,1,13911141.8293788,7210336.17062122,6700805.65875757,20.0105883861686,1,Nonempty,9476370.24144133
Amazon,Local,5.98589664231706,6,1,1,13886597.4786767,7234880.52132329,6651716.95735341,19.8639949990098,1,Nonempty,9406948.3341563
Amazon,Local,6.10805779828271,6,1,1,13862053.1279746,7259424.87202537,6602628.25594926,19.717401611851,1,Nonempty,9337526.42687126
Amazon,Local,6.23021895424836,6,1,1,13837508.7772726,7283969.22272745,6553539.55454511,19.5708082246922,1,Nonempty,9268104.51958622
Amazon,Local,6.35238011021402,6,1,1,13812964.4265705,7308513.57342952,6504450.85314095,19.4242148375334,1,Nonempty,9198682.61230119
Amazon,Local,6.47454126617967,6,1,1,13788420.0758684,7333057.9241316,6455362.1517368,19.2776214503746,1,Nonempty,9129260.70501615
Amazon,Local,6.59670242214533,6,1,1,13763875.7251663,7357602.27483368,6406273.45033265,19.1310280632158,1,Nonempty,9059838.79773111
Amazon,Local,6.71886357811098,6,1,1,13739331.3744642,7382146.62553575,6357184.74892849,18.9844346760571,1,Nonempty,8990416.89044608
Amazon,Local,6.84102473407664,6,1,1,13714787.0237622,7406690.97623783,6308096.04752434,18.8378412888983,1,Nonempty,8920994.98316104
Amazon,Local,6.96318589004229,6,1,1,13690242.6730601,7431235.32693991,6259007.34612019,18.6912479017395,1,Nonempty,8851573.075876
Amazon,Local,7.08534704600794,6,1,1,13665698.322358,7455779.67764198,6209918.64471603,18.5446545145807,1,Nonempty,8782151.16859096
Amazon,Local,7.18772786386532,6,1,1,13645128.1936719,7476349.80632809,6168778.38734382,18.4217975331518,1,Nonempty,8723970.05865566
Amazon,Local,7.18779974186274,6,1,1,13645113.7521028,7476364.2478972,6168749.5042056,18.4217112795549,1,Nonempty,8723929.21172987
Amazon,Local,7.18787161986016,6,1,1,13645099.3105337,7476378.68946631,6168720.62106738,18.421625025958,1,Nonempty,8723888.36480408
Amazon,Local,7.2075082019736,6,1,1,13641153.9716559,7480324.02834406,6160829.94331188,18.3980611274219,1,Nonempty,8712729.26130593
Amazon,Local,7.32966935793925,6,1,1,13616609.6209539,7504868.37904613,6111741.24190773,18.2514677402631,1,Nonempty,8643307.35402089
Amazon,Local,7.35246907379743,6,1,1,13612028.752203,7509449.24779699,6102579.50440603,18.2241080812333,1,Nonempty,8630350.70059108
Amazon,Local,7.35254259922343,6,1,1,13612013.9796362,7509464.02036382,6102549.95927236,18.2240198507221,1,Nonempty,8630308.91746235
Amazon,Local,7.35261612464942,6,1,1,13611999.2070693,7509478.79293066,6102520.41413869,18.2239316202109,1,Nonempty,8630267.13433361
Amazon,Local,7.45183051390491,6,1,1,13592065.2702518,7529412.72974821,6062652.54050357,18.1048743531043,1,Nonempty,8573885.44673586
Amazon,Local,7.57399166987056,6,1,1,13567520.9195497,7553957.08045029,6013563.83909942,17.9582809659455,1,Nonempty,8504463.53945082
Amazon,Local,7.69615282583621,6,1,1,13542976.5688476,7578501.43115236,5964475.13769527,17.8116875787868,1,Nonempty,8435041.63216578
Amazon,Local,7.81831398180187,6,1,1,13518432.2181456,7603045.78185444,5915386.43629112,17.665094191628,1,Nonempty,8365619.72488075
Amazon,Local,7.94047513776752,6,1,1,13493887.8674435,7627590.13255652,5866297.73488696,17.5185008044692,1,Nonempty,8296197.81759571
Amazon,Local,8.06263629373318,6,1,1,13469343.5167414,7652134.48325859,5817209.03348281,17.3719074173104,1,Nonempty,8226775.91031067
Amazon,Local,8.18479744969883,6,1,1,13444799.1660393,7676678.83396067,5768120.33207866,17.2253140301516,1,Nonempty,8157354.00302564
Amazon,Local,8.28017384837035,6,1,1,13425636.3498463,7695841.65015368,5729794.69969265,17.1108623517458,1,Nonempty,8103153.37391881
Amazon,Local,8.28025665093686,6,1,1,13425619.7133368,7695858.28666317,5729761.42667365,17.110762988666,1,Nonempty,8103106.31876409
Amazon,Local,8.28033945350337,6,1,1,13425603.0768273,7695874.92317267,5729728.15365466,17.1106636255862,1,Nonempty,8103059.26360937
Amazon,Local,8.29078597333203,6,1,1,13423504.1850457,7697973.8149543,5725530.37009139,17.0981278017918,1,Nonempty,8097122.7011623
Amazon,Local,8.29086888202085,6,1,1,13423487.5272143,7697990.47278566,5725497.05442868,17.0980283113652,1,Nonempty,8097075.58570024
Amazon,Local,8.29095179070968,6,1,1,13423470.869383,7698007.13061702,5725463.73876596,17.0979288209386,1,Nonempty,8097028.47023819
Amazon,Local,8.30695860566449,6,1,1,13420254.8153373,7701223.18466275,5719031.6306745,17.0787206429928,1,Nonempty,8087932.0957406
Amazon,Local,8.35488870489337,6,1,1,13410624.8052464,7710853.1947536,5699771.6104928,17.0212045239182,1,Nonempty,8060694.31398806
Amazon,Local,8.35497225461592,6,1,1,13410608.01862,7710869.98138004,5699738.03723991,17.0211042642511,1,Nonempty,8060646.83423849
Amazon,Local,8.35505580433847,6,1,1,13410591.2319935,7710886.76800649,5699704.46398702,17.021004004584,1,Nonempty,8060599.35448892
Amazon,Local,8.42911976163014,6,1,1,13395710.4646352,7725767.53536482,5669942.92927035,16.932127255834,1,Nonempty,8018510.18845556
Amazon,Local,8.52696458000834,6,1,1,13376051.6989852,7745426.30101477,5630625.39797045,16.8147134737802,1,Nonempty,7962906.80245222
Amazon,Local,8.52704985050684,6,1,1,13376034.5666243,7745443.43337574,5630591.13324853,16.814611149182,1,Nonempty,7962858.34481776
Amazon,Local,8.52713512100535,6,1,1,13376017.4342633,7745460.5657367,5630556.8685266,16.8145088245838,1,Nonempty,7962809.8871833
Amazon,Local,8.55128091759579,6,1,1,13371166.1139331,7750311.8860669,5620854.2278662,16.7855338686752,1,Nonempty,7949088.28117053
Amazon,Local,8.63592962901206,6,1,1,13354158.6810625,7767319.31893749,5586839.36212501,16.6839554149757,1,Nonempty,7900983.99671705
Amazon,Local,8.63601598917196,6,1,1,13354141.3297692,7767336.67023083,5586804.65953835,16.6838517827838,1,Nonempty,7900934.91984833
Amazon,Local,8.63610234933185,6,1,1,13354123.9784758,7767354.02152416,5586769.95695168,16.683748150592,1,Nonempty,7900885.84297962
Amazon,Local,8.67344207356145,6,1,1,13346621.763231,7774856.23676898,5571765.52646204,16.6389404815165,1,Nonempty,7879666.37388549
Amazon,Local,8.73562312488827,6,1,1,13334128.4831967,7787349.51680325,5546778.9663935,16.5643232199243,1,Nonempty,7844330.04175951
Amazon,Local,8.73571048199309,6,1,1,13334110.9315994,7787367.06840056,5546743.86319887,16.5642183913985,1,Nonempty,7844280.39834558
Amazon,Local,8.73579783909791,6,1,1,13334093.3800021,7787384.61999788,5546708.76000424,16.5641135628727,1,Nonempty,7844230.75493165
Amazon,Local,8.78404674389113,6,1,1,13324399.3161987,7797078.68380134,5527320.63239731,16.5062148771208,1,Nonempty,7816811.80192092
Amazon,Local,8.78413458523698,6,1,1,13324381.6673087,7797096.3326913,5527285.3346174,16.5061094675058,1,Nonempty,7816761.88332184
Amazon,Local,8.78422242658283,6,1,1,13324364.0184187,7797113.98158126,5527250.03683748,16.5060040578908,1,Nonempty,7816711.96472276
Amazon,Local,8.7956032295271,6,1,1,13322077.4125289,7799400.58747105,5522676.82505789,16.4923470943577,1,Nonempty,7810244.46660045
Amazon,Local,8.89258698336861,6,1,1,13302591.6500714,7818886.34992863,5483705.30014273,16.3759665897478,1,Nonempty,7755130.40751908
Amazon,Local,8.89267591012771,6,1,1,13302573.7831026,7818904.21689743,5483669.56620513,16.3758598776369,1,Nonempty,7755079.87209989
Amazon,Local,8.89276483688682,6,1,1,13302555.9161338,7818922.08386623,5483633.83226753,16.375753165526,1,Nonempty,7755029.3366807
Amazon,Local,8.90728441998734,6,1,1,13299638.6734403,7821839.32655971,5477799.34688059,16.3583296658054,1,Nonempty,7746778.12831701
Amazon,Local,8.90737349372227,6,1,1,13299620.7769414,7821857.22305857,5477763.55388286,16.3582227773235,1,Nonempty,7746727.50937419
Amazon,Local,8.90746256745721,6,1,1,13299602.8804426,7821875.11955743,5477727.76088514,16.3581158888415,1,Nonempty,7746676.89043137
Amazon,Local,8.91776438549276,6,1,1,13297533.0618269,7823944.93817313,5473588.12365374,16.3457537071989,1,Nonempty,7740822.55931542
Amazon,Local,8.95511651775248,6,1,1,13290028.3535879,7831449.64641206,5458578.70717587,16.3009311484872,1,Nonempty,7719596.03896912
Amazon,Local,8.95520606981318,6,1,1,13290010.3609849,7831467.63901508,5458542.72196983,16.3008236860144,1,Nonempty,7719545.14820269
Amazon,Local,8.95529562187387,6,1,1,13289992.3683819,7831485.6316181,5458506.73676379,16.3007162235415,1,Nonempty,7719494.25743626
Amazon,Local,8.95912126700135,6,1,1,13289223.7281793,7832254.2718207,5456969.4563586,16.2961254493886,1,Nonempty,7717320.21463807
Amazon,Local,8.95921085910994,6,1,1,13289205.7275299,7832272.27247005,5456933.45505989,16.2960179388583,1,Nonempty,7717269.30111317
Amazon,Local,8.95930045121853,6,1,1,13289187.7268806,7832290.27311941,5456897.45376118,16.2959104283279,1,Nonempty,7717218.38758827
Amazon,Local,8.96478404337901,6,1,1,13288085.9756076,7833392.02439239,5454693.95121522,16.2893301177354,1,Nonempty,7714102.16440305
Amazon,Local,8.96487369211594,6,1,1,13288067.9635806,7833410.03641939,5454657.92716123,16.2892225392511,1,Nonempty,7714051.21869732
Amazon,Local,8.96496334085286,6,1,1,13288049.9515536,7833428.04844638,5454621.90310724,16.2891149607668,1,Nonempty,7714000.2729916
Amazon,Local,8.9743146079736,6,1,1,13286171.1155365,7835306.88446349,5450864.23107301,16.2778934402219,1,Nonempty,7708686.12223785
Amazon,Local,8.97440435201712,6,1,1,13286153.0843607,7835324.91563928,5450828.16872144,16.2777857473696,1,Nonempty,7708635.12237116
Amazon,Local,8.97449409606064,6,1,1,13286135.0531849,7835342.94681507,5450792.10636987,16.2776780545174,1,Nonempty,7708584.12250448
Amazon,Local,8.97452490499112,6,1,1,13286128.8631224,7835349.1368776,5450779.7262448,16.2776410838008,1,Nonempty,7708566.6143637
Amazon,Local,8.97461465113763,6,1,1,13286110.8315241,7835367.16847591,5450743.66304817,16.277533388425,1,Nonempty,7708515.61330192
Amazon,Local,8.97470439728414,6,1,1,13286092.7999258,7835385.20007423,5450707.59985154,16.2774256930492,1,Nonempty,7708464.61224015
Amazon,Local,8.98503224306695,6,1,1,13284017.7518723,7837460.24812765,5446557.5037447,16.2650322781098,1,Nonempty,7702595.4900407
Amazon,Local,8.9851220942879,6,1,1,13283999.6991627,7837478.30083729,5446521.39832542,16.2649244566447,1,Nonempty,7702544.42926708
Amazon,Local,8.98521194550884,6,1,1,13283981.6464531,7837496.35354693,5446485.29290614,16.2648166351796,1,Nonempty,7702493.36849346
Amazon,Local,8.98712433639839,6,1,1,13283597.4130828,7837880.5869172,5445716.8261656,16.2625217661121,1,Nonempty,7701406.59240676
Amazon,Local,8.98721420854047,6,1,1,13283579.3561697,7837898.64383027,5445680.71233946,16.2624139195416,1,Nonempty,7701355.51974405
Amazon,Local,8.98730408068256,6,1,1,13283561.2992567,7837916.70074334,5445644.59851333,16.2623060729711,1,Nonempty,7701304.44708133
Amazon,Local,8.98891529313116,6,1,1,13283237.5779962,7838240.42200384,5444997.15599231,16.2603726180328,1,Nonempty,7700388.82508726
Amazon,Local,8.98900518318299,6,1,1,13283219.5174847,7838258.4825153,5444961.0349694,16.2602647499706,1,Nonempty,7700337.74224677
Amazon,Local,8.98909507323483,6,1,1,13283201.4569732,7838276.54302675,5444924.91394649,16.2601568819084,1,Nonempty,7700286.65940628
Amazon,Local,8.9954967525962,6,1,1,13281915.2456397,7839562.75436035,5442352.4912793,16.2524748666747,1,Nonempty,7696648.70438219
Amazon,Local,8.99558670846329,6,1,1,13281897.1719047,7839580.82809526,5442316.34380948,16.2523669196342,1,Nonempty,7696597.58414012
Amazon,Local,8.99567666433037,6,1,1,13281879.0981698,7839598.90183017,5442280.19633966,16.2522589725937,1,Nonempty,7696546.46389805
Amazon,Local,8.99918957234718,6,1,1,13281173.2924195,7840304.70758051,5440868.58483898,16.2480434829736,1,Nonempty,7694550.14376899
Amazon,Local,8.99927956514283,6,1,1,13281155.211265,7840322.78873503,5440832.42252994,16.2479354916188,1,Nonempty,7694499.00254111
Amazon,Local,8.99936955793848,6,1,1,13281137.1301105,7840340.86988955,5440796.26022091,16.247827500264,1,Nonempty,7694447.86131322
Amazon,Local,9.00228395916643,6,1,1,13280551.5750274,7840926.42497258,5439625.15005483,16.2443302187905,1,Nonempty,7692791.66143333
Amazon,Local,9.00237398290626,6,1,1,13280533.4876557,7840944.51234434,5439588.97531132,16.2442221903027,1,Nonempty,7692740.50262044
Amazon,Local,9.00246400664609,6,1,1,13280515.4002839,7840962.59971609,5439552.80056781,16.2441141618149,1,Nonempty,7692689.34380755
Amazon,Local,9.00756352162496,6,1,1,13279490.8169533,7841987.18304671,5437503.63390657,16.2379947438402,1,Nonempty,7689791.38452366
Amazon,Local,9.00765359816094,6,1,1,13279472.7189738,7842005.28102615,5437467.43794769,16.2378866519971,1,Nonempty,7689740.19570771
Amazon,Local,9.00774367469692,6,1,1,13279454.6209944,7842023.3790056,5437431.24198881,16.2377785601539,1,Nonempty,7689689.00689175
Amazon,Local,9.0089671911551,6,1,1,13279208.7947594,7842269.20524064,5436939.58951873,16.2363103404041,1,Nonempty,7688993.70530059
Amazon,Local,9.00905728172791,6,1,1,13279190.6939597,7842287.30604033,5436903.38791934,16.2362022317167,1,Nonempty,7688942.50850777
Amazon,Local,9.00914737230073,6,1,1,13279172.59316,7842305.40684002,5436867.18631996,16.2360941230293,1,Nonempty,7688891.31171494
Amazon,Local,9.01209135202732,6,1,1,13278581.0952301,7842896.90476993,5435684.19046014,16.2325613473574,1,Nonempty,7687218.30292575
Amazon,Local,9.01218147384205,6,1,1,13278562.9881533,7842915.01184668,5435647.97630664,16.2324532011797,1,Nonempty,7687167.08837872
Amazon,Local,9.01227159565679,6,1,1,13278544.8810766,7842933.11892343,5435611.76215314,16.232345055002,1,Nonempty,7687115.8738317
Amazon,Local,9.01567605245605,6,1,1,13277860.8651063,7843617.13489373,5434243.73021254,16.2282597068429,1,Nonempty,7685181.18450753
Amazon,Local,9.01576621011815,6,1,1,13277842.7508271,7843635.24917285,5434207.5016543,16.2281515176484,1,Nonempty,7685129.94958912
Amazon,Local,9.01585636778025,6,1,1,13277824.636548,7843653.36345197,5434171.27309605,16.2280433284539,1,Nonempty,7685078.7146707
Amazon,Local,9.01801077857193,6,1,1,13277391.7770715,7844086.22292853,5433305.55414293,16.2254580355039,1,Nonempty,7683854.403186
Amazon,Local,9.01810095958153,6,1,1,13277373.6581014,7844104.34189858,5433269.31620283,16.2253498182923,1,Nonempty,7683803.15499964
Amazon,Local,9.01819114059112,6,1,1,13277355.5391314,7844122.46086863,5433233.07826273,16.2252416010808,1,Nonempty,7683751.90681328
Amazon,Local,9.03260374082072,6,1,1,13274459.791201,7847018.20879904,5427441.58240191,16.2079464808053,1,Nonempty,7675561.49482047
Amazon,Local,9.0326940677614,6,1,1,13274441.6429108,7847036.35708925,5427405.28582151,16.2078380884765,1,Nonempty,7675510.1637042
Amazon,Local,9.03278439470208,6,1,1,13274423.4946206,7847054.50537945,5427368.9892411,16.2077296961477,1,Nonempty,7675458.83258792
Amazon,Local,9.03992554145841,6,1,1,13272988.7111248,7848489.28887521,5424499.42224958,16.1991603200401,1,Nonempty,7671400.65203038
Amazon,Local,9.04273982823953,6,1,1,13272423.2708162,7849054.72918384,5423368.54163232,16.1957831759027,1,Nonempty,7669801.34532402
Amazon,Local,9.0428302565421,6,1,1,13272405.1021605,7849072.89783945,5423332.2043211,16.1956746619397,1,Nonempty,7669749.95660568
Amazon,Local,9.04292068484467,6,1,1,13272386.9335049,7849091.06649506,5423295.86700988,16.1955661479766,1,Nonempty,7669698.56788733
Amazon,Local,9.04717499076328,6,1,1,13271532.1677192,7849945.83228075,5421586.33543849,16.1904609808742,1,Nonempty,7667280.92515376
Amazon,Local,9.04726546341791,6,1,1,13271513.9901525,7849964.00984748,5421549.98030503,16.1903524136887,1,Nonempty,7667229.51123097
Amazon,Local,9.04735593607255,6,1,1,13271495.8125858,7849982.18741421,5421513.62517158,16.1902438465031,1,Nonempty,7667178.09730817
Amazon,Local,9.10438556992821,6,1,1,13260037.5440167,7861440.4559833,5398597.08803341,16.1218082858763,1,Nonempty,7634769.21968474
Amazon,Local,9.10447661469435,6,1,1,13260019.2515026,7861458.74849741,5398560.50300517,16.121699032157,1,Nonempty,7634717.48064164
Amazon,Local,9.1045676594605,6,1,1,13260000.9589885,7861477.04101153,5398523.91797694,16.1215897784376,1,Nonempty,7634665.74159853
Amazon,Local,9.11975038774126,6,1,1,13256950.4786243,7864527.5213757,5392422.95724861,16.1033705045007,1,Nonempty,7626037.68019301
Amazon,Local,9.11984158615712,6,1,1,13256932.1552392,7864545.84476077,5392386.31047845,16.1032610664016,1,Nonempty,7625985.85383364
Amazon,Local,9.11993278457298,6,1,1,13256913.8318541,7864564.16814585,5392349.66370829,16.1031516283026,1,Nonempty,7625934.02747427
Amazon,Local,9.14867403267506,6,1,1,13251139.2035162,7870338.79648378,5380800.40703245,16.0686621305801,1,Nonempty,7609600.91204795
Amazon,Local,9.14876552033027,6,1,1,13251120.8220178,7870357.17798219,5380763.64403562,16.0685523453939,1,Nonempty,7609548.92131926
Amazon,Local,9.14885700798547,6,1,1,13251102.4405194,7870375.5594806,5380726.8810388,16.0684425602076,1,Nonempty,7609496.93059056
Amazon,Local,9.15963967338747,6,1,1,13248936.0111087,7872541.9888913,5376394.02221739,16.0555033617252,1,Nonempty,7603369.34288147
Amazon,Local,9.15973127070017,6,1,1,13248917.6075781,7872560.39242186,5376357.21515628,16.05539344495,1,Nonempty,7603317.28983646
Amazon,Local,9.15982286801288,6,1,1,13248899.2040476,7872578.79595241,5376320.40809517,16.0552835281747,1,Nonempty,7603265.23679145
Amazon,Local,9.16208669742407,6,1,1,13248444.3604227,7873033.63957728,5375410.72084543,16.0525669328813,1,Nonempty,7601978.74474534
Amazon,Local,9.16734097416254,6,1,1,13247388.6826998,7874089.31730017,5373299.36539966,16.0462618007951,1,Nonempty,7598992.83723894
Amazon,Local,9.16743264848903,6,1,1,13247370.2636958,7874107.73630416,5373262.52739167,16.0461517916033,1,Nonempty,7598940.74042843
Amazon,Local,9.16752432281551,6,1,1,13247351.8446918,7874126.15530816,5373225.68938368,16.0460417824116,1,Nonempty,7598888.64361793
Amazon,Local,9.28424785338972,6,1,1,13223900.0097206,7897577.99027936,5326322.01944128,15.9059735457225,1,Nonempty,7532556.83746031
Amazon,Local,9.40640900935537,6,1,1,13199355.6590186,7922122.34098144,5277233.31803712,15.7593801585637,1,Nonempty,7463134.93017527
Amazon,Local,9.52857016532103,6,1,1,13174811.3083165,7946666.69168351,5228144.61663297,15.6127867714049,1,Nonempty,7393713.02289024
Amazon,Local,9.60578959341049,6,1,1,13159296.5507075,7962181.44929251,5197115.10141499,15.5201234576976,1,Nonempty,7349830.6616351
Amazon,Local,9.60588565226701,6,1,1,13159277.2507734,7962200.74922663,5197076.50154674,15.5200081870698,1,Nonempty,7349776.07317792
Amazon,Local,9.60598171112353,6,1,1,13159257.9508392,7962220.04916075,5197037.90167849,15.5198929164419,1,Nonempty,7349721.48472074
Amazon,Local,9.6297043030257,6,1,1,13154491.659864,7966986.34013603,5187505.31972793,15.4914258061593,1,Nonempty,7336240.37804182
Amazon,Local,9.62980060103171,6,1,1,13154472.3118805,7967005.68811955,5187466.62376091,15.4913102485521,1,Nonempty,7336185.65368044
Amazon,Local,9.62989689903772,6,1,1,13154452.9638969,7967025.03610306,5187427.92779388,15.4911946909449,1,Nonempty,7336130.92931907
Amazon,Local,9.64390235484305,6,1,1,13151639.0185285,7969838.98147146,5181800.03705707,15.4743881439785,1,Nonempty,7328171.88991152
Amazon,Local,9.643998794831,6,1,1,13151619.6420183,7969858.35798167,5181761.28403665,15.474272415993,1,Nonempty,7328117.08486446
Amazon,Local,9.64409523481895,6,1,1,13151600.2655081,7969877.73449188,5181722.53101623,15.4741566880074,1,Nonempty,7328062.2798174
Amazon,Local,9.65073132128668,6,1,1,13150266.9576144,7971211.04238559,5179055.91522882,15.4661933842462,1,Nonempty,7324291.1156052
Amazon,Local,9.77289247725234,6,1,1,13125722.6069123,7995755.39308767,5129967.21382467,15.3195999970874,1,Nonempty,7254869.20832016
Amazon,Local,9.89505363321799,6,1,1,13101178.2562103,8020299.74378974,5080878.51242051,15.1730066099286,1,Nonempty,7185447.30103512
Amazon,Local,10.0172147891836,6,1,1,13076633.9055082,8044844.09449182,5031789.81101636,15.0264132227698,1,Nonempty,7116025.39375009
Amazon,Local,10.1393759451493,6,1,1,13052089.5548061,8069388.4451939,4982701.10961221,14.879819835611,1,Nonempty,7046603.48646505
Amazon,Local,10.261537101115,6,1,1,13027545.204104,8093932.79589597,4933612.40820805,14.7332264484522,1,Nonempty,6977181.57918002
Amazon,Local,10.3836982570806,6,1,1,13003000.8534019,8118477.14659805,4884523.7068039,14.5866330612934,1,Nonempty,6907759.67189498
Amazon,Local,10.4678283840112,6,1,1,12986097.6133853,8135380.38661467,4850717.22677066,14.4856769089767,1,Nonempty,6859950.08933588
Amazon,Local,10.4679330633418,6,1,1,12986076.5814445,8135401.41855549,4850675.16288903,14.4855512937799,1,Nonempty,6859890.60202399
Amazon,Local,10.4680377426725,6,1,1,12986055.5495037,8135422.4504963,4850633.0990074,14.4854256785832,1,Nonempty,6859831.1147121
Amazon,Local,10.5058594130463,6,1,1,12978456.5026999,8143021.49730013,4835435.00539975,14.4400396741346,1,Nonempty,6838337.76460994
Amazon,Local,10.6280205690119,6,1,1,12953912.1519978,8167565.8480022,4786346.30399559,14.2934462869758,1,Nonempty,6768915.85732491
Amazon,Local,10.7501817249776,6,1,1,12929367.8012957,8192110.19870428,4737257.60259144,14.1468528998171,1,Nonempty,6699493.95003987
Amazon,Local,10.8723428809432,6,1,1,12904823.4505936,8216654.54940636,4688168.90118729,14.0002595126583,1,Nonempty,6630072.04275483
Amazon,Local,10.9945040369089,6,1,1,12880279.0998916,8241198.90010843,4639080.19978313,13.8536661254995,1,Nonempty,6560650.1354698
Amazon,Local,11.1166651928745,6,1,1,12855734.7491895,8265743.25081051,4589991.49837898,13.7070727383407,1,Nonempty,6491228.22818476
Amazon,Local,11.2388263488402,6,1,1,12831190.3984874,8290287.60151259,4540902.79697483,13.5604793511819,1,Nonempty,6421806.32089972
Amazon,Local,11.3609875048058,6,1,1,12806646.0477853,8314831.95221466,4491814.09557067,13.4138859640231,1,Nonempty,6352384.41361469
Amazon,Local,11.4831486607715,6,1,1,12782101.6970833,8339376.30291674,4442725.39416652,13.2672925768643,1,Nonempty,6282962.50632965
Amazon,Local,11.6053098167371,6,1,1,12757557.3463812,8363920.65361881,4393636.69276237,13.1206991897055,1,Nonempty,6213540.59904461
Amazon,Local,11.7274709727028,6,1,1,12733012.9956791,8388465.00432089,4344547.99135821,12.9741058025468,1,Nonempty,6144118.69175958
Amazon,Local,11.8496321286685,6,1,1,12708468.644977,8413009.35502297,4295459.28995406,12.827512415388,1,Nonempty,6074696.78447454
Amazon,Local,11.9717932846341,6,1,1,12683924.294275,8437553.70572504,4246370.58854991,12.6809190282292,1,Nonempty,6005274.8771895
Amazon,Local,12.0301728266809,6,1,1,12672194.8051219,8449283.1948781,4222911.6102438,12.610863577773,1,Nonempty,5972098.8719096
Amazon,Local,12.0302931296122,6,1,1,12672170.6341216,8449307.36587839,4222863.26824323,12.6107192142555,1,Nonempty,5972030.50599674
Amazon,Local,12.0304134325435,6,1,1,12672146.4631213,8449331.53687868,4222814.92624265,12.6105748507379,1,Nonempty,5971962.14008389
Amazon,Local,12.0939544405998,6,1,1,12659379.9435729,8462098.05642712,4197281.88714576,12.5343256410704,1,Nonempty,5935852.96990447
Amazon,Local,12.2161155965654,6,1,1,12634835.5928708,8486642.4071292,4148193.1857416,12.3877322539116,1,Nonempty,5866431.06261943
Amazon,Local,12.3382767525311,6,1,1,12610291.2421687,8511186.75783128,4099104.48433745,12.2411388667528,1,Nonempty,5797009.15533439
Amazon,Local,12.4604379084967,6,1,1,12585746.8914666,8535731.10853335,4050015.7829333,12.094545479594,1,Nonempty,5727587.24804936
Amazon,Local,12.5825990644624,6,1,1,12561202.5407646,8560275.45923543,4000927.08152914,11.9479520924352,1,Nonempty,5658165.34076432
Amazon,Local,12.704760220428,6,1,1,12536658.1900625,8584819.8099375,3951838.38012499,11.8013587052765,1,Nonempty,5588743.43347928
Amazon,Local,12.8269213763937,6,1,1,12512113.8393604,8609364.16063958,3902749.67872084,11.6547653181177,1,Nonempty,5519321.52619425
Amazon,Local,12.9490825323593,6,1,1,12487569.4886583,8633908.51134166,3853660.97731668,11.5081719309589,1,Nonempty,5449899.61890921
Amazon,Local,13.071243688325,6,1,1,12463025.1379563,8658452.86204373,3804572.27591253,11.3615785438001,1,Nonempty,5380477.71162417
Amazon,Local,13.1934048442907,6,1,1,12438480.7872542,8682997.21274581,3755483.57450838,11.2149851566413,1,Nonempty,5311055.80433914
Amazon,Local,13.3155660002563,6,1,1,12413936.4365521,8707541.56344789,3706394.87310422,11.0683917694825,1,Nonempty,5241633.8970541
Amazon,Local,13.437727156222,6,1,1,12389392.08585,8732085.91414996,3657306.17170007,10.9217983823237,1,Nonempty,5172211.98976906
Amazon,Local,13.5598883121876,6,1,1,12364847.735148,8756630.26485204,3608217.47029592,10.7752049951649,1,Nonempty,5102790.08248403
Amazon,Local,13.6820494681533,6,1,1,12340303.3844459,8781174.61555412,3559128.76889176,10.6286116080062,1,Nonempty,5033368.17519899
Amazon,Local,13.8042106241189,6,1,1,12315759.0337438,8805718.96625619,3510040.06748761,10.4820182208474,1,Nonempty,4963946.26791395
Amazon,Local,13.9263717800846,6,1,1,12291214.6830417,8830263.31695827,3460951.36608346,10.3354248336886,1,Nonempty,4894524.36062892
Amazon,Local,14.0485329360502,6,1,1,12266670.3323397,8854807.66766035,3411862.66467931,10.1888314465298,1,Nonempty,4825102.45334388
Amazon,Local,14.1706940920159,6,1,1,12242125.9816376,8879352.01836242,3362773.96327515,10.042238059371,1,Nonempty,4755680.54605884
Amazon,Local,14.2928552479815,6,1,1,12217581.6309355,8903896.3690645,3313685.261871,9.89564467221222,1,Nonempty,4686258.63877381
Amazon,Local,14.4150164039472,6,1,1,12193037.2802334,8928440.71976658,3264596.56046685,9.74905128505343,1,Nonempty,4616836.73148877
Amazon,Local,14.5371775599129,6,1,1,12168492.9295313,8952985.07046865,3215507.85906269,9.60245789789464,1,Nonempty,4547414.82420374
Amazon,Local,14.6593387158785,6,1,1,12143948.5788293,8977529.42117073,3166419.15765854,9.45586451073585,1,Nonempty,4477992.9169187
Amazon,Local,14.7814998718442,6,1,1,12119404.2281272,9002073.77187281,3117330.45625439,9.30927112357706,1,Nonempty,4408571.00963366
Amazon,Local,14.9036610278098,6,1,1,12094859.8774251,9026618.12257488,3068241.75485023,9.16267773641828,1,Nonempty,4339149.10234863
Amazon,Local,15.0258221837755,6,1,1,12070315.526723,9051162.47327696,3019153.05344608,9.01608434925949,1,Nonempty,4269727.19506359
Amazon,Local,15.1479833397411,6,1,1,12045771.176021,9075706.82397904,2970064.35204193,8.8694909621007,1,Nonempty,4200305.28777855
Amazon,Local,15.2701444957068,6,1,1,12021226.8253189,9100251.17468111,2920975.65063777,8.72289757494191,1,Nonempty,4130883.38049352
Amazon,Local,15.3923056516724,6,1,1,11996682.4746168,9124795.52538319,2871886.94923362,8.57630418778313,1,Nonempty,4061461.47320848
Amazon,Local,15.5144668076381,6,1,1,11972138.1239147,9149339.87608527,2822798.24782947,8.42971080062434,1,Nonempty,3992039.56592344
Amazon,Local,15.6366279636037,6,1,1,11947593.7732127,9173884.22678734,2773709.54642531,8.28311741346555,1,Nonempty,3922617.65863841
Amazon,Local,15.7587891195694,6,1,1,11923049.4225106,9198428.57748942,2724620.84502116,8.13652402630676,1,Nonempty,3853195.75135337
Amazon,Local,15.880950275535,6,1,1,11898505.0718085,9222972.92819149,2675532.14361701,7.98993063914797,1,Nonempty,3783773.84406833
Amazon,Local,16.0031114315007,6,1,1,11873960.7211064,9247517.27889357,2626443.44221285,7.84333725198919,1,Nonempty,3714351.9367833
Amazon,Local,16.1252725874664,6,1,1,11849416.3704043,9272061.62959565,2577354.7408087,7.6967438648304,1,Nonempty,3644930.02949826
Amazon,Local,16.247433743432,6,1,1,11824872.0197023,9296605.98029772,2528266.03940455,7.55015047767161,1,Nonempty,3575508.12221322
Amazon,Local,16.3695948993977,6,1,1,11800327.6690002,9321150.3309998,2479177.3380004,7.40355709051282,1,Nonempty,3506086.21492819
Amazon,Local,16.3920409991349,6,1,1,11795817.8480224,9325660.15197759,2470157.69604481,7.37662177082809,1,Nonempty,3493330.51494684
Amazon,Local,16.3922049211842,6,1,1,11795784.9131649,9325693.08683509,2470091.82632981,7.37642506436904,1,Nonempty,3493237.36110254
Amazon,Local,16.3923688432334,6,1,1,11795751.9783074,9325726.02169259,2470025.95661481,7.37622835790998,1,Nonempty,3493144.20725824
Amazon,Local,16.4917560553633,6,1,1,11775783.3182981,9345694.68170188,2430088.63659624,7.25696370335404,1,Nonempty,3436664.30764315
Amazon,Local,16.613917211329,6,1,1,11751238.967596,9370239.03240395,2380999.93519209,7.11037031619525,1,Nonempty,3367242.40035811
Amazon,Local,16.7360783672946,6,1,1,11726694.616894,9394783.38310603,2331911.23378794,6.96377692903646,1,Nonempty,3297820.49307308
Amazon,Local,16.8582395232603,6,1,1,11702150.2661919,9419327.73380811,2282822.53238378,6.81718354187767,1,Nonempty,3228398.58578804
Amazon,Local,16.9804006792259,6,1,1,11677605.9154898,9443872.08451018,2233733.83097963,6.67059015471889,1,Nonempty,3158976.678503
Amazon,Local,17.1025618351916,6,1,1,11653061.5647877,9468416.43521226,2184645.12957548,6.5239967675601,1,Nonempty,3089554.77121797
Amazon,Local,17.2247229911572,6,1,1,11628517.2140857,9492960.78591434,2135556.42817132,6.37740338040131,1,Nonempty,3020132.86393293
Amazon,Local,17.2590546280277,6,1,1,11621619.3771353,9499858.62286474,2121760.75427051,6.33620541615679,1,Nonempty,3000622.83480033
Amazon,Local,17.2592272202999,6,1,1,11621584.7002756,9499893.29972437,2121691.40055126,6.33599830543015,1,Nonempty,3000524.75382995
Amazon,Local,17.2593998125721,6,1,1,11621550.023416,9499927.976584,2121622.046832,6.3357911947035,1,Nonempty,3000426.67285958
Amazon,Local,17.3468841471229,6,1,1,11603972.8633836,9517505.13661641,2086467.72676717,6.23080999324252,1,Nonempty,2950710.95664789
Amazon,Local,17.4690453030885,6,1,1,11579428.5126815,9542049.48731849,2037379.02536302,6.08421660608374,1,Nonempty,2881289.04936286
Amazon,Local,17.5912064590542,6,1,1,11554884.1619794,9566593.83802057,1988290.32395886,5.93762321892495,1,Nonempty,2811867.14207782
Amazon,Local,17.7133676150199,6,1,1,11530339.8112774,9591138.18872264,1939201.62255471,5.79102983176616,1,Nonempty,2742445.23479278
Amazon,Local,17.8355287709855,6,1,1,11505795.4605753,9615682.53942472,1890112.92115056,5.64443644460737,1,Nonempty,2673023.32750775
Amazon,Local,17.9576899269512,6,1,1,11481251.1098732,9640226.8901268,1841024.21974641,5.49784305744858,1,Nonempty,2603601.42022271
Amazon,Local,18.0798510829168,6,1,1,11456706.7591711,9664771.24082887,1791935.51834225,5.35124967028979,1,Nonempty,2534179.51293767
Amazon,Local,18.2020122388825,6,1,1,11432162.408469,9689315.59153095,1742846.8169381,5.204656283131,1,Nonempty,2464757.60565264
Amazon,Local,18.3241733948481,6,1,1,11407618.057767,9713859.94223303,1693758.11553395,5.05806289597222,1,Nonempty,2395335.6983676
Amazon,Local,18.4463345508138,6,1,1,11383073.7070649,9738404.2929351,1644669.41412979,4.91146950881343,1,Nonempty,2325913.79108257
Amazon,Local,18.5684957067794,6,1,1,11358529.3563628,9762948.64363718,1595580.71272564,4.76487612165464,1,Nonempty,2256491.88379753
Amazon,Local,18.6906568627451,6,1,1,11333985.0056607,9787492.99433926,1546492.01132149,4.61828273449586,1,Nonempty,2187069.97651249
Amazon,Local,18.8128180187107,6,1,1,11309440.6549587,9812037.34504133,1497403.30991733,4.47168934733707,1,Nonempty,2117648.06922746
Amazon,Local,18.9349791746764,6,1,1,11284896.3042566,9836581.69574341,1448314.60851318,4.32509596017828,1,Nonempty,2048226.16194242
Amazon,Local,19.0571403306421,6,1,1,11260351.9535545,9861126.04644549,1399225.90710903,4.17850257301949,1,Nonempty,1978804.25465738
Amazon,Local,19.1793014866077,6,1,1,11235807.6028524,9885670.39714756,1350137.20570487,4.03190918586071,1,Nonempty,1909382.34737235
Amazon,Local,19.3014626425734,6,1,1,11211263.2521504,9910214.74784964,1301048.50430072,3.88531579870192,1,Nonempty,1839960.44008731
Amazon,Local,19.423623798539,6,1,1,11186718.9014483,9934759.09855172,1251959.80289657,3.73872241154313,1,Nonempty,1770538.53280227
Amazon,Local,19.5457849545047,6,1,1,11162174.5507462,9959303.44925379,1202871.10149241,3.59212902438434,1,Nonempty,1701116.62551724
Amazon,Local,19.6679461104703,6,1,1,11137630.2000441,9983847.79995587,1153782.40008826,3.44553563722556,1,Nonempty,1631694.7182322
Amazon,Local,19.790107266436,6,1,1,11113085.8493421,10008392.1506579,1104693.69868411,3.29894225006677,1,Nonempty,1562272.81094716
Amazon,Local,19.9122684224016,6,1,1,11088541.49864,10032936.50136,1055604.99727996,3.15234886290798,1,Nonempty,1492850.90366213
Amazon,Local,20.0344295783673,6,1,1,11063997.1479379,10057480.8520621,1006516.2958758,3.00575547574919,1,Nonempty,1423428.99637709
Amazon,Local,20.1213626059688,6,1,1,11046530.7552849,10074947.2447151,971583.510569712,2.90143584262732,1,Nonempty,1374026.57762575
Amazon,Local,20.1215638216071,6,1,1,11046490.3274815,10074987.6725185,971502.654963,2.90119438386146,1,Nonempty,1373912.23053014
Amazon,Local,20.1217650372453,6,1,1,11046449.8996781,10075028.1003219,971421.799356287,2.9009529250956,1,Nonempty,1373797.88343454
Amazon,Local,20.1565907343329,6,1,1,11039452.7972358,10082025.2027642,957427.594471648,2.8591620885904,1,Nonempty,1354007.08909205
Amazon,Local,20.2787518902986,6,1,1,11014908.4465337,10106569.5534663,908338.893067494,2.71256870143161,1,Nonempty,1284585.18180701
Amazon,Local,20.4009130462643,6,1,1,10990364.0958317,10131113.9041683,859250.191663342,2.56597531427283,1,Nonempty,1215163.27452198
Amazon,Local,20.5230742022299,6,1,1,10965819.7451296,10155658.2548704,810161.490259189,2.41938192711404,1,Nonempty,1145741.36723694
Amazon,Local,20.6452353581956,6,1,1,10941275.3944275,10180202.6055725,761072.788855035,2.27278853995525,1,Nonempty,1076319.45995191
Amazon,Local,20.6896946188367,6,1,1,10932342.7375899,10189135.2624101,743207.475179764,2.21943742718593,1,Nonempty,1051054.09105629
Amazon,Local,20.6899015178518,6,1,1,10932301.1678949,10189176.8321051,743124.33578986,2.21918914836772,1,Nonempty,1050936.51420352
Amazon,Local,20.690108416867,6,1,1,10932259.5982,10189218.4018,743041.196399956,2.21894086954951,1,Nonempty,1050818.93735075
Amazon,Local,20.7673965141612,6,1,1,10916731.0437254,10204746.9562746,711984.087450882,2.12619515279646,1,Nonempty,1006897.55266687
Amazon,Local,20.8798376472217,6,1,1,10894139.6186414,10227338.3813586,666801.237282831,1.99126579312385,1,Nonempty,942999.35317254
Amazon,Local,20.8800464476862,6,1,1,10894097.6669115,10227380.3330885,666717.333822908,1.99101523256648,1,Nonempty,942880.695761587
Amazon,Local,20.8802552481507,6,1,1,10894055.7151815,10227422.2848185,666633.430362985,1.9907646720091,1,Nonempty,942762.038350633
Amazon,Local,20.8895576701269,6,1,1,10892186.6930234,10229291.3069766,662895.38604673,1.97960176563768,1,Nonempty,937475.645381834
Amazon,Local,21.0117188260925,6,1,1,10867642.3423213,10253835.6576787,613806.684642578,1.83300837847889,1,Nonempty,868053.738096799
Amazon,Local,21.0520024133134,6,1,1,10859548.6526008,10261929.3473992,597619.305201523,1.78466807381384,1,Nonempty,845161.32655198
Amazon,Local,21.0522129354428,6,1,1,10859506.3549577,10261971.6450423,597534.70991536,1.78441544725861,1,Nonempty,845041.690750976
Amazon,Local,21.0524234575721,6,1,1,10859464.0573146,10262013.9426854,597450.114629198,1.78416282070339,1,Nonempty,844922.054949972
Amazon,Local,21.1338799820582,6,1,1,10843097.9916192,10278380.0083808,564717.983238423,1.6864149913201,1,Nonempty,798631.83081176
Amazon,Local,21.2560411380238,6,1,1,10818553.6409171,10302924.3590829,515629.281834271,1.53982160416132,1,Nonempty,729209.923526725
Amazon,Local,21.3782022939895,6,1,1,10794009.2902151,10327468.7097849,466540.580430117,1.39322821700252,1,Nonempty,659788.016241687
Amazon,Local,21.5003634499551,6,1,1,10769464.939513,10352013.060487,417451.879025964,1.24663482984374,1,Nonempty,590366.108956651
Amazon,Local,21.6225246059208,6,1,1,10744920.5888109,10376557.4111891,368363.17762181,1.10004144268495,1,Nonempty,520944.201671613
Amazon,Local,21.7446857618864,6,1,1,10720376.2381088,10401101.7618912,319274.476217657,0.953448055526162,1,Nonempty,451522.294386577
Amazon,Local,21.7770073334775,6,1,1,10713882.2590522,10407595.7409478,306286.518104421,0.914662169616891,1,Nonempty,433154.547875305
Amazon,Local,21.7772251057286,6,1,1,10713838.5047306,10407639.4952694,306199.009461252,0.914400842915616,1,Nonempty,433030.79196531
Amazon,Local,21.7774428779796,6,1,1,10713794.750409,10407683.249591,306111.500818085,0.914139516214347,1,Nonempty,432907.036055318
Amazon,Local,21.8668469178521,6,1,1,10695831.8874068,10425646.1125932,270185.774813505,0.806854668367377,1,Nonempty,382100.387101542
Amazon,Local,21.8755242798154,6,1,1,10694088.4509313,10427389.5490687,266698.90186258,0.796441834011462,1,Nonempty,377169.204084072
Amazon,Local,21.8757430372457,6,1,1,10694044.4986696,10427433.5013304,266610.997339293,0.796179325095019,1,Nonempty,377044.888315046
Amazon,Local,21.8759617946761,6,1,1,10694000.546408,10427477.453592,266523.092816006,0.795916816178576,1,Nonempty,376920.57254602
Amazon,Local,21.9890080738178,6,1,1,10671287.5367047,10450190.4632953,221097.073409351,0.660261281208586,1,Nonempty,312678.479816503
Amazon,Local,22.1111692297834,6,1,1,10646743.1860026,10474734.8139974,172008.372005198,0.5136678940498,1,Nonempty,243256.572531468
Amazon,Local,22.12565962819,6,1,1,10643831.8070336,10477646.1929664,166185.614067236,0.496279415961859,1,Nonempty,235021.949285186
Amazon,Local,22.1258808869989,6,1,1,10643787.3522005,10477690.6477995,166096.704401018,0.496013905391214,1,Nonempty,234896.212029395
Amazon,Local,22.1261021458078,6,1,1,10643742.8973674,10477735.1026326,166007.7947348,0.495748394820569,1,Nonempty,234770.474773603
Amazon,Local,22.1798960696365,6,1,1,10632934.7405384,10488543.2594616,144391.481076712,0.431195686226044,1,Nonempty,204200.390829824
Amazon,Local,22.1801178708152,6,1,1,10632890.1767335,10488587.8232665,144302.353466984,0.430929524811591,1,Nonempty,204074.345355365
Amazon,Local,22.180339671994,6,1,1,10632845.6129286,10488632.3870714,144213.225857258,0.430663363397144,1,Nonempty,203948.299880908
Amazon,Local,22.2185527961804,6,1,1,10625167.916086,10496310.083914,128857.832171911,0.384807614373375,1,Nonempty,182232.493875513
Amazon,Local,22.2187749839303,6,1,1,10625123.2746121,10496354.7253879,128768.549224144,0.384540989073573,1,Nonempty,182106.228719892
Amazon,Local,22.2189971716801,6,1,1,10625078.6331382,10496399.3668618,128679.266276374,0.384274363773766,1,Nonempty,181979.963564268
Amazon,Local,22.2333303857491,6,1,1,10622198.8353005,10499279.1646995,122919.670601044,0.367074506891009,1,Nonempty,173834.66524643
Amazon,Local,22.3217213074044,6,1,1,10604439.5257816,10517038.4742184,87401.0515631139,0.261005400904591,1,Nonempty,123603.752486226
Amazon,Local,22.3219445268497,6,1,1,10604394.6770217,10517083.3229783,87311.3540433925,0.260737537570267,1,Nonempty,123476.901037325
Amazon,Local,22.322167746295,6,1,1,10604349.8282618,10517128.1717382,87221.6565236729,0.26046967423595,1,Nonempty,123350.049588426
Amazon,Local,22.3554915417147,6,1,1,10597654.4845984,10523823.5154016,73830.9691968914,0.220481119732223,1,Nonempty,104412.757961394
Amazon,Local,22.3684378673094,6,1,1,10595053.3373419,10526424.6626581,68628.6746837776,0.204945529018666,1,Nonempty,97055.6025054894
Amazon,Local,22.3686615539249,6,1,1,10595008.3947192,10526469.6052808,68538.7894384097,0.204677105080017,1,Nonempty,96928.4855724329
Amazon,Local,22.3688852405404,6,1,1,10594963.4520965,10526514.5479035,68448.9041930437,0.204408681141373,1,Nonempty,96801.368639379
Amazon,Local,22.4191453663004,6,1,1,10584865.2982011,10536612.7017989,48252.5964022242,0.14409653022945,1,Nonempty,68239.4762517406
Amazon,Local,22.419369559996,6,1,1,10584820.253697,10536657.746303,48162.5073940344,0.143827497794723,1,Nonempty,68112.0711545379
Amazon,Local,22.4195937536916,6,1,1,10584775.2091929,10536702.7908071,48072.4183858465,0.143558465360003,1,Nonempty,67984.6660573379
Amazon,Local,22.4288204668742,6,1,1,10582921.398279,10538556.601721,44364.7965580802,0.132486409540858,1,Nonempty,62741.2969843603
Amazon,Local,22.4290447573218,6,1,1,10582876.3343358,10538601.6656642,44274.6686715055,0.13221726100377,1,Nonempty,62613.8369048183
Amazon,Local,22.4292690477693,6,1,1,10582831.2703925,10538646.7296075,44184.5407849308,0.131948112466683,1,Nonempty,62486.3768252763
Amazon,Local,22.4488217345291,6,1,1,10578902.7875846,10542575.2124154,36327.5751691964,0.108484888354928,1,Nonempty,51374.9494924056
Amazon,Local,22.4490462249914,6,1,1,10578857.6834548,10542620.3165452,36237.3669096027,0.108215499800225,1,Nonempty,51247.3757482501
Amazon,Local,22.4492707154536,6,1,1,10578812.579325,10542665.420675,36147.158650009,0.107946111245521,1,Nonempty,51119.8020040946
Amazon,Local,22.4606622411981,6,1,1,10576523.8190338,10544954.1809662,31569.6380675863,0.0942762803522227,1,Nonempty,44646.2103143906
Amazon,Local,22.4608868500666,6,1,1,10576478.6911141,10544999.3088859,31479.3822281472,0.0940067497100224,1,Nonempty,44518.5692821724
Amazon,Local,22.4611114589351,6,1,1,10576433.5631944,10545044.4368056,31389.1263887081,0.0937372190678221,1,Nonempty,44390.9282499543
Amazon,Local,22.476403525121,6,1,1,10573361.1148988,10548116.8851012,25244.2297976371,0.0753867396446818,1,Nonempty,35700.7321514814
Amazon,Local,22.4766282914039,6,1,1,10573315.9553517,10548162.0446483,25153.9107034821,0.0751170201051836,1,Nonempty,35573.0016635862
Amazon,Local,22.4768530576868,6,1,1,10573270.7958047,10548207.2041953,25063.5916093271,0.0748473005656854,1,Nonempty,35445.2711756909
Amazon,Local,22.4776526976804,6,1,1,10573110.1338964,10548367.8661036,24742.2677927371,0.0738877325734319,1,Nonempty,34990.8506763558
Amazon,Local,22.4846540249062,6,1,1,10571703.4426331,10549774.5573669,21928.8852661364,0.065486139902397,1,Nonempty,31012.1269510936
Amazon,Local,22.484878873695,6,1,1,10571658.2665091,10549819.7334909,21838.5330182053,0.0652163213559137,1,Nonempty,30884.3495766786
Amazon,Local,22.4851037224837,6,1,1,10571613.0903851,10549864.9096149,21748.1807702743,0.0649465028094303,1,Nonempty,30756.5722022636
Amazon,Local,22.4889940180294,6,1,1,10570831.4607628,10550646.5392372,20184.9215255138,0.0602781481546595,1,Nonempty,28545.7897768182
Amazon,Local,22.4892189102185,6,1,1,10570786.2759189,10550691.7240811,20094.5518377703,0.060008277527736,1,Nonempty,28417.9877387839
Amazon,Local,22.4894438024076,6,1,1,10570741.091075,10550736.908925,20004.1821500268,0.0597384069008125,1,Nonempty,28290.1857007497
Amazon,Local,22.5074866218246,6,1,1,10567115.967492,10554362.032508,12753.9349839054,0.0380870236004139,1,Nonempty,18036.7878278637
Amazon,Local,22.5077116989415,6,1,1,10567070.7454928,10554407.2545072,12663.4909855537,0.0378169310600267,1,Nonempty,17908.8806987595
Amazon,Local,22.5079367760585,6,1,1,10567025.5234936,10554452.4765064,12573.046987202,0.0375468385196394,1,Nonempty,17780.9735696553
Amazon,Local,22.5147589765775,6,1,1,10565654.8219742,10555823.1780258,9831.64394832589,0.0293601978968291,1,Nonempty,13904.0442121458
Amazon,Local,22.5149841264188,6,1,1,10565609.5853634,10555868.4146366,9741.1707267724,0.0290900180873145,1,Nonempty,13776.0957551933
Amazon,Local,22.5152092762601,6,1,1,10565564.3487526,10555913.6512474,9650.69750521705,0.0288198382777943,1,Nonempty,13648.1472982381
Amazon,Local,22.5162694816351,6,1,1,10565351.3346211,10556126.6653789,9224.66924222559,0.0275475918277791,1,Nonempty,13045.6523507614
Amazon,Local,22.5164946465816,6,1,1,10565306.0949754,10556171.9050246,9134.1899508629,0.0272773938920182,1,Nonempty,12917.6953098023
Amazon,Local,22.516719811528,6,1,1,10565260.8553297,10556217.1446702,9043.71065950021,0.0270071959562574,1,Nonempty,12789.7382688433
Amazon,Local,22.5224302014582,6,1,1,10564113.5363478,10557364.4636522,6749.0726956632,0.020154728040014,1,Nonempty,9544.63013964884
Amazon,Local,22.5226554280125,6,1,1,10564068.284324,10557409.715676,6658.56864808686,0.0198844561748741,1,Nonempty,9416.63808811672
Amazon,Local,22.5228806545668,6,1,1,10564023.0323003,10557454.9676997,6568.06460051052,0.0196141843097342,1,Nonempty,9288.64603658461
Amazon,Local,22.5390004159002,6,1,1,10560784.2853166,10560693.7146834,90.5706332623959,0.000270470709700373,1,Nonempty,128.0862179124
Amazon,Local,22.5392258081582,6,1,1,10560739,10560739,0,0,NaN,Boundary,0
Amazon,Local,22.5394512004163,6,1,1,10560693.7146834,10560784.2853166,-90.5706332605332,-0.00027047070969481,0,Empty,NaN
Amazon,Local,22.5456183821257,6,1,1,10559454.6181021,10562023.3818979,-2568.76379574835,-0.00767108876092119,0,Empty,NaN
Amazon,Local,22.5457949373102,6,1,1,10559419.1450229,10562058.8549771,-2639.70995426364,-0.0078829549823768,0,Empty,NaN
Amazon,Local,22.5458438405641,6,1,1,10559409.3194887,10562068.6805113,-2659.36102261953,-0.00794163888700612,0,Empty,NaN
Amazon,Local,22.5460203975142,6,1,1,10559373.8460547,10562104.1539453,-2730.30789060332,-0.00815350722714459,0,Empty,NaN
Amazon,Local,22.5460692990025,6,1,1,10559364.0208753,10562113.9791247,-2749.95824949071,-0.00821218901309105,0,Empty,NaN
Amazon,Local,22.5462458577182,6,1,1,10559328.5470865,10562149.4529135,-2820.905826943,-0.00842405947191238,0,Empty,NaN
Amazon,Local,22.5555943187716,6,1,1,10557450.2748583,10564027.7251417,-6577.45028343797,-0.0196422127360681,0,Empty,NaN
Amazon,Local,22.5558198769704,6,1,1,10557404.9562012,10564073.0437988,-6668.08759757504,-0.0199128825745903,0,Empty,NaN
Amazon,Local,22.5560454351692,6,1,1,10557359.6375441,10564118.3624559,-6758.72491171397,-0.0201835524131181,0,Empty,NaN
Amazon,Local,22.599813853646,6,1,1,10548565.7831943,10572912.2168057,-24346.4336114153,-0.0727056545853538,0,Empty,NaN
Amazon,Local,22.605988874742,6,1,1,10547325.1115407,10574152.8884593,-26827.7769185305,-0.0801156799005279,0,Empty,NaN
Amazon,Local,22.6062149368914,6,1,1,10547279.691631,10574198.308369,-26918.6167379599,-0.0803869544797721,0,Empty,NaN
Amazon,Local,22.6064409990407,6,1,1,10547234.2717213,10574243.7282787,-27009.4565573893,-0.0806582290590162,0,Empty,NaN
Amazon,Local,22.6247993628886,6,1,1,10543545.7496454,10577932.2503546,-34386.5007092059,-0.102688265676428,0,Empty,NaN
Amazon,Local,22.6250256131447,6,1,1,10543500.2919417,10577977.7080583,-34477.4161166269,-0.102959765983781,0,Empty,NaN
Amazon,Local,22.6252518634009,6,1,1,10543454.834238,10578023.165762,-34568.3315240499,-0.10323126629114,0,Empty,NaN
Amazon,Local,22.6305994859767,6,1,1,10542380.4016748,10579097.5983252,-36717.1966503859,-0.109648413382147,0,Empty,NaN
Amazon,Local,22.6308257942346,6,1,1,10542334.9323175,10579143.0676825,-36808.1353650019,-0.10991998329168,0,Empty,NaN
Amazon,Local,22.6310521024926,6,1,1,10542289.4629602,10579188.5370398,-36899.0740796179,-0.110191553201213,0,Empty,NaN
Amazon,Local,22.6781381463464,6,1,1,10532829.0386184,10588648.9613816,-55819.9227632359,-0.166694805825773,0,Empty,NaN
Amazon,Local,22.6783649299957,6,1,1,10532783.4737465,10588694.5262535,-55911.0525070224,-0.166966946204933,0,Empty,NaN
Amazon,Local,22.678591713645,6,1,1,10532737.9088746,10588740.0911254,-56002.1822508089,-0.167239086584092,0,Empty,NaN
Amazon,Local,22.7084022025227,6,1,1,10526748.4510323,10594729.5489676,-67981.0979353003,-0.203011673237414,0,Empty,NaN
Amazon,Local,22.7086292888156,6,1,1,10526702.825354,10594775.174646,-68072.3492920548,-0.20328417678888,0,Empty,NaN
Amazon,Local,22.7088563751085,6,1,1,10526657.1996756,10594820.8003244,-68163.6006488092,-0.203556680340346,0,Empty,NaN
Amazon,Local,22.7219750096117,6,1,1,10524021.4324922,10597456.5675078,-73435.1350155678,-0.219299041744139,0,Empty,NaN
Amazon,Local,22.7800487569052,6,1,1,10512353.3829482,10609124.6170518,-96771.2341035064,-0.288987538496359,0,Empty,NaN
Amazon,Local,22.7802765596708,6,1,1,10512307.6133177,10609170.3866822,-96862.7733645011,-0.289260901815074,0,Empty,NaN
Amazon,Local,22.7805043624364,6,1,1,10512261.8436873,10609216.1563127,-96954.3126254976,-0.289534265133794,0,Empty,NaN
Amazon,Local,22.8441361655773,6,1,1,10499477.0817901,10622000.9182099,-122523.836419722,-0.365892428902931,0,Empty,NaN
Amazon,Local,22.966297321543,6,1,1,10474932.7310881,10646545.2689119,-171612.537823875,-0.512485816061716,0,Empty,NaN
Amazon,Local,23.0305854551775,6,1,1,10462016.1007121,10659461.8992879,-197445.798575776,-0.589631576423121,0,Empty,NaN
Amazon,Local,23.0308157633351,6,1,1,10461969.8277038,10659508.1722962,-197538.344592482,-0.589907946212277,0,Empty,NaN
Amazon,Local,23.0310460714928,6,1,1,10461923.5546954,10659554.4453046,-197630.89060919,-0.590184316001439,0,Empty,NaN
Amazon,Local,23.0884584775086,6,1,1,10450388.380386,10671089.619614,-220701.239228027,-0.659079203220502,0,Empty,NaN
Amazon,Local,23.2106196334743,6,1,1,10425844.0296839,10695633.9703161,-269789.940632179,-0.805672590379288,0,Empty,NaN
Amazon,Local,23.33278078944,6,1,1,10401299.6789818,10720178.3210182,-318878.642036334,-0.952265977538079,0,Empty,NaN
Amazon,Local,23.4549419454056,6,1,1,10376755.3282798,10744722.6717202,-367967.343440486,-1.09885936469686,0,Empty,NaN
Amazon,Local,23.5771031013713,6,1,1,10352210.9775777,10769267.0224223,-417056.044844639,-1.24545275185565,0,Empty,NaN
Amazon,Local,23.6992642573369,6,1,1,10327666.6268756,10793811.3731244,-466144.746248793,-1.39204613901444,0,Empty,NaN
Amazon,Local,23.8214254133026,6,1,1,10303122.2761735,10818355.7238265,-515233.447652945,-1.53863952617323,0,Empty,NaN
Amazon,Local,23.9435865692682,6,1,1,10278577.9254715,10842900.0745285,-564322.149057098,-1.68523291333201,0,Empty,NaN
Amazon,Local,24.0657477252339,6,1,1,10254033.5747694,10867444.4252306,-613410.850461252,-1.8318263004908,0,Empty,NaN
Amazon,Local,24.1879088811995,6,1,1,10229489.2240673,10891988.7759327,-662499.551865404,-1.97841968764959,0,Empty,NaN
Amazon,Local,24.3068498419091,6,1,1,10205591.8679116,10915886.1320884,-710294.264176726,-2.12114884050112,0,Empty,NaN
Amazon,Local,24.3070929128383,6,1,1,10205543.0306353,10915934.9693647,-710391.938729376,-2.12144052561607,0,Empty,NaN
Amazon,Local,24.3073359837674,6,1,1,10205494.193359,10915983.806641,-710489.613282023,-2.12173221073102,0,Empty,NaN
Amazon,Local,24.3100700371652,6,1,1,10204944.8733652,10916533.1266348,-711588.253269559,-2.12501307480838,0,Empty,NaN
Amazon,Local,24.4322311931308,6,1,1,10180400.5226631,10941077.4773369,-760676.954673711,-2.27160646196717,0,Empty,NaN
Amazon,Local,24.5543923490965,6,1,1,10155856.1719611,10965621.8280389,-809765.656077866,-2.41819984912596,0,Empty,NaN
Amazon,Local,24.6765535050621,6,1,1,10131311.821259,10990166.178741,-858854.357482018,-2.56479323628474,0,Empty,NaN
Amazon,Local,24.7987146610278,6,1,1,10106767.4705569,11014710.5294431,-907943.058886172,-2.71138662344353,0,Empty,NaN
Amazon,Local,24.8973384904844,6,1,1,10086952.1877149,11034525.8122851,-947573.62457017,-2.82973521879148,0,Empty,NaN
Amazon,Local,24.8975874663591,6,1,1,10086902.1640299,11034575.8359701,-947673.671940152,-2.83003398984107,0,Empty,NaN
Amazon,Local,24.8978364422337,6,1,1,10086852.1403449,11034625.8596551,-947773.719310131,-2.83033276089067,0,Empty,NaN
Amazon,Local,24.9208758169935,6,1,1,10082223.1198548,11039254.8801452,-957031.760290325,-2.85798001060232,0,Empty,NaN
Amazon,Local,25.0430369729591,6,1,1,10057678.7691528,11063799.2308472,-1006120.46169448,-3.00457339776111,0,Empty,NaN
Amazon,Local,25.1279926621972,6,1,1,10040609.6589736,11080868.3410264,-1040258.68205289,-3.10652022484684,0,Empty,NaN
Amazon,Local,25.1282439446367,6,1,1,10040559.1718586,11080918.8281414,-1040359.65628271,-3.10682176377418,0,Empty,NaN
Amazon,Local,25.1284952270761,6,1,1,10040508.6847437,11080969.3152563,-1040460.63051254,-3.10712330270152,0,Empty,NaN
Amazon,Local,25.1651981289248,6,1,1,10033134.4184507,11088343.5815493,-1055209.16309863,-3.1511667849199,0,Empty,NaN
Amazon,Local,25.2873592848904,6,1,1,10008590.0677486,11112887.9322514,-1104297.86450278,-3.29776017207868,0,Empty,NaN
Amazon,Local,25.4095204408561,6,1,1,9984045.71704653,11137432.2829535,-1153386.56590694,-3.44435355923747,0,Empty,NaN
Amazon,Local,25.5316815968217,6,1,1,9959501.36634445,11161976.6336555,-1202475.26731109,-3.59094694639626,0,Empty,NaN
Amazon,Local,25.6538427527874,6,1,1,9934957.01564238,11186520.9843576,-1251563.96871524,-3.73754033355505,0,Empty,NaN
Amazon,Local,25.776003908753,6,1,1,9910412.6649403,11211065.3350597,-1300652.6701194,-3.88413372071383,0,Empty,NaN
Amazon,Local,25.8981650647187,6,1,1,9885868.31423822,11235609.6857618,-1349741.37152355,-4.03072710787262,0,Empty,NaN
Amazon,Local,26.0172008518259,6,1,1,9861951.90577137,11259526.0942286,-1397574.18845726,-4.17357005240131,0,Empty,NaN
Amazon,Local,26.0174610264362,6,1,1,9861899.63206106,11259578.3679389,-1397678.73587788,-4.17388226193362,0,Empty,NaN
Amazon,Local,26.0177212010465,6,1,1,9861847.35835075,11259630.6416492,-1397783.2832985,-4.17419447146594,0,Empty,NaN
Amazon,Local,26.0203262206843,6,1,1,9861323.96353615,11260154.0364638,-1398830.0729277,-4.17732049503141,0,Empty,NaN
Amazon,Local,26.14248737665,6,1,1,9836779.61283407,11284698.3871659,-1447918.77433185,-4.32391388219019,0,Empty,NaN
Amazon,Local,26.2646485326157,6,1,1,9812235.262132,11309242.737868,-1497007.47573601,-4.47050726934898,0,Empty,NaN
Amazon,Local,26.3868096885813,6,1,1,9787690.91142992,11333787.0885701,-1546096.17714016,-4.61710065650777,0,Empty,NaN
Amazon,Local,26.508970844547,6,1,1,9763146.56072784,11358331.4392722,-1595184.87854431,-4.76369404366656,0,Empty,NaN
Amazon,Local,26.6311320005126,6,1,1,9738602.21002577,11382875.7899742,-1644273.57994847,-4.91028743082534,0,Empty,NaN
Amazon,Local,26.7532931564783,6,1,1,9714057.85932369,11407420.1406763,-1693362.28135262,-5.05688081798413,0,Empty,NaN
Amazon,Local,26.8754543124439,6,1,1,9689513.50862161,11431964.4913784,-1742450.98275677,-5.20347420514292,0,Empty,NaN
Amazon,Local,26.9976154684096,6,1,1,9664969.15791954,11456508.8420805,-1791539.68416093,-5.35006759230171,0,Empty,NaN
Amazon,Local,27.1197766243752,6,1,1,9640424.80721746,11481053.1927825,-1840628.38556508,-5.4966609794605,0,Empty,NaN
Amazon,Local,27.2419377803409,6,1,1,9615880.45651538,11505597.5434846,-1889717.08696923,-5.64325436661929,0,Empty,NaN
Amazon,Local,27.3640989363065,6,1,1,9591336.10581331,11530141.8941867,-1938805.78837339,-5.78984775377808,0,Empty,NaN
Amazon,Local,27.4862600922722,6,1,1,9566791.75511123,11554686.2448888,-1987894.48977754,-5.93644114093686,0,Empty,NaN
Amazon,Local,27.6084212482379,6,1,1,9542247.40440915,11579230.5955908,-2036983.19118169,-6.08303452809565,0,Empty,NaN
Amazon,Local,27.7305824042035,6,1,1,9517703.05370707,11603774.9462929,-2086071.89258585,-6.22962791525444,0,Empty,NaN
Amazon,Local,27.8527435601692,6,1,1,9493158.703005,11628319.296995,-2135160.59399,-6.37622130241323,0,Empty,NaN
Amazon,Local,27.9749047161348,6,1,1,9468614.35230292,11652863.6476971,-2184249.29539415,-6.52281468957201,0,Empty,NaN
Amazon,Local,28.0970658721005,6,1,1,9444070.00160085,11677407.9983992,-2233337.9967983,-6.6694080767308,0,Empty,NaN
Amazon,Local,28.2192270280661,6,1,1,9419525.65089877,11701952.3491012,-2282426.69820246,-6.81600146388958,0,Empty,NaN
Amazon,Local,28.3413881840318,6,1,1,9394981.30019669,11726496.6998033,-2331515.39960661,-6.96259485104838,0,Empty,NaN
Amazon,Local,28.4635493399974,6,1,1,9370436.94949462,11751041.0505054,-2380604.10101077,-7.10918823820716,0,Empty,NaN
Amazon,Local,28.5857104959631,6,1,1,9345892.59879254,11775585.4012075,-2429692.80241492,-7.25578162536595,0,Empty,NaN
Amazon,Local,28.7078716519287,6,1,1,9321348.24809046,11800129.7519095,-2478781.50381907,-7.40237501252474,0,Empty,NaN
Amazon,Local,28.8300328078944,6,1,1,9296803.89738839,11824674.1026116,-2527870.20522322,-7.54896839968352,0,Empty,NaN
Amazon,Local,28.95219396386,6,1,1,9272259.54668631,11849218.4533137,-2576958.90662738,-7.69556178684231,0,Empty,NaN
Amazon,Local,29.0743551198257,6,1,1,9247715.19598423,11873762.8040158,-2626047.60803153,-7.8421551740011,0,Empty,NaN
Amazon,Local,29.1965162757914,6,1,1,9223170.84528216,11898307.1547178,-2675136.30943568,-7.98874856115989,0,Empty,NaN
Amazon,Local,29.318677431757,6,1,1,9198626.49458008,11922851.5054199,-2724225.01083984,-8.13534194831868,0,Empty,NaN
Amazon,Local,29.4408385877227,6,1,1,9174082.143878,11947395.856122,-2773313.71224399,-8.28193533547747,0,Empty,NaN
Amazon,Local,29.5629997436883,6,1,1,9149537.79317593,11971940.2068241,-2822402.41364814,-8.42852872263625,0,Empty,NaN
Amazon,Local,29.685160899654,6,1,1,9124993.44247385,11996484.5575261,-2871491.1150523,-8.57512210979504,0,Empty,NaN
Amazon,Local,29.8073220556196,6,1,1,9100449.09177177,12021028.9082282,-2920579.81645645,-8.72171549695382,0,Empty,NaN
Amazon,Local,29.9294832115853,6,1,1,9075904.7410697,12045573.2589303,-2969668.5178606,-8.86830888411261,0,Empty,NaN
Amazon,Local,30.0516443675509,6,1,1,9051360.39036762,12070117.6096324,-3018757.21926476,-9.01490227127141,0,Empty,NaN
Amazon,Local,30.1738055235166,6,1,1,9026816.03966554,12094661.9603345,-3067845.92066891,-9.16149565843019,0,Empty,NaN
Amazon,Local,30.2959666794822,6,1,1,9002271.68896347,12119206.3110365,-3116934.62207306,-9.30808904558898,0,Empty,NaN
Amazon,Local,30.4181278354479,6,1,1,8977727.33826139,12143750.6617386,-3166023.32347722,-9.45468243274777,0,Empty,NaN
Amazon,Local,30.5402889914136,6,1,1,8953182.98755931,12168295.0124407,-3215112.02488137,-9.60127581990655,0,Empty,NaN
Amazon,Local,30.6624501473792,6,1,1,8928638.63685724,12192839.3631428,-3264200.72628552,-9.74786920706534,0,Empty,NaN
Amazon,Local,30.7846113033449,6,1,1,8904094.28615516,12217383.7138448,-3313289.42768967,-9.89446259422412,0,Empty,NaN
Amazon,Local,30.9067724593105,6,1,1,8879549.93545308,12241928.0645469,-3362378.12909383,-10.0410559813829,0,Empty,NaN
Amazon,Local,31.0289336152762,6,1,1,8855005.58475101,12266472.415249,-3411466.83049798,-10.1876493685417,0,Empty,NaN
Amazon,Local,31.1510947712418,6,1,1,8830461.23404893,12291016.7659511,-3460555.53190213,-10.3342427557005,0,Empty,NaN
Amazon,Local,31.2732559272075,6,1,1,8805916.88334686,12315561.1166531,-3509644.23330629,-10.4808361428593,0,Empty,NaN
Amazon,Local,31.3954170831731,6,1,1,8781372.53264478,12340105.4673552,-3558732.93471044,-10.6274295300181,0,Empty,NaN
Amazon,Local,31.5175782391388,6,1,1,8756828.1819427,12364649.8180573,-3607821.63611459,-10.7740229171769,0,Empty,NaN
Amazon,Local,31.6397393951044,6,1,1,8732283.83124063,12389194.1687594,-3656910.33751875,-10.9206163043356,0,Empty,NaN
Amazon,Local,31.7619005510701,6,1,1,8707739.48053855,12413738.5194614,-3705999.0389229,-11.0672096914944,0,Empty,NaN
Amazon,Local,31.8678089619377,6,1,1,8686460.59562553,12435017.4043745,-3748556.80874894,-11.1942997845356,0,Empty,NaN
Amazon,Local,31.8681276432141,6,1,1,8686396.56688457,12435081.4331154,-3748684.86623086,-11.1946822020673,0,Empty,NaN
Amazon,Local,31.8684463244906,6,1,1,8686332.53814361,12435145.4618564,-3748812.92371278,-11.195064619599,0,Empty,NaN
Amazon,Local,31.8840617070358,6,1,1,8683195.12983647,12438282.8701635,-3755087.74032705,-11.2138030786532,0,Empty,NaN
Amazon,Local,32.0062228630014,6,1,1,8658650.7791344,12462827.2208656,-3804176.44173121,-11.360396465812,0,Empty,NaN
Amazon,Local,32.1283840189671,6,1,1,8634106.42843232,12487371.5715677,-3853265.14313536,-11.5069898529708,0,Empty,NaN
Amazon,Local,32.2505451749327,6,1,1,8609562.07773024,12511915.9222698,-3902353.84453951,-11.6535832401296,0,Empty,NaN
Amazon,Local,32.3727063308984,6,1,1,8585017.72702817,12536460.2729718,-3951442.54594366,-11.8001766272884,0,Empty,NaN
Amazon,Local,32.494867486864,6,1,1,8560473.37632609,12561004.6236739,-4000531.24734782,-11.9467700144472,0,Empty,NaN
Amazon,Local,32.6170286428297,6,1,1,8535929.02562401,12585548.974376,-4049619.94875197,-12.0933634016059,0,Empty,NaN
Amazon,Local,32.7391897987953,6,1,1,8511384.67492194,12610093.3250781,-4098708.65015613,-12.2399567887647,0,Empty,NaN
Amazon,Local,32.861350954761,6,1,1,8486840.32421986,12634637.6757801,-4147797.35156028,-12.3865501759235,0,Empty,NaN
Amazon,Local,32.9835121107266,6,1,1,8462295.97351778,12659182.0264822,-4196886.05296443,-12.5331435630823,0,Empty,NaN
Amazon,Local,33.1056732666923,6,1,1,8437751.62281571,12683726.3771843,-4245974.75436858,-12.6797369502411,0,Empty,NaN
Amazon,Local,33.2278344226579,6,1,1,8413207.27211363,12708270.7278864,-4295063.45577274,-12.8263303373999,0,Empty,NaN
Amazon,Local,33.3499955786236,6,1,1,8388662.92141155,12732815.0785884,-4344152.15717689,-12.9729237245587,0,Empty,NaN
Amazon,Local,33.4721567345893,6,1,1,8364118.57070948,12757359.4292905,-4393240.85858104,-13.1195171117175,0,Empty,NaN
Amazon,Local,33.5943178905549,6,1,1,8339574.2200074,12781903.7799926,-4442329.5599852,-13.2661104988763,0,Empty,NaN
Amazon,Local,33.7164790465206,6,1,1,8315029.86930532,12806448.1306947,-4491418.26138935,-13.412703886035,0,Empty,NaN
Amazon,Local,33.8386402024862,6,1,1,8290485.51860325,12830992.4813968,-4540506.9627935,-13.5592972731938,0,Empty,NaN
Amazon,Local,33.9608013584519,6,1,1,8265941.16790117,12855536.8320988,-4589595.66419766,-13.7058906603526,0,Empty,NaN
Amazon,Local,34.0829625144175,6,1,1,8241396.81719909,12880081.1828009,-4638684.36560181,-13.8524840475114,0,Empty,NaN
Amazon,Local,34.2051236703832,6,1,1,8216852.46649702,12904625.533503,-4687773.06700596,-13.9990774346702,0,Empty,NaN
Amazon,Local,34.3272848263488,6,1,1,8192308.11579494,12929169.8842051,-4736861.76841012,-14.145670821829,0,Empty,NaN
Amazon,Local,34.4494459823145,6,1,1,8167763.76509286,12953714.2349071,-4785950.46981427,-14.2922642089878,0,Empty,NaN
Amazon,Local,34.5716071382801,6,1,1,8143219.41439079,12978258.5856092,-4835039.17121842,-14.4388575961466,0,Empty,NaN
Amazon,Local,34.6937682942458,6,1,1,8118675.06368871,13002802.9363113,-4884127.87262257,-14.5854509833053,0,Empty,NaN
Amazon,Local,34.8159294502114,6,1,1,8094130.71298664,13027347.2870134,-4933216.57402673,-14.7320443704641,0,Empty,NaN
Amazon,Local,34.9380906061771,6,1,1,8069586.36228456,13051891.6377154,-4982305.27543088,-14.8786377576229,0,Empty,NaN
Amazon,Local,35.0602517621428,6,1,1,8045042.01158248,13076435.9884175,-5031393.97683503,-15.0252311447817,0,Empty,NaN
Amazon,Local,35.1824129181084,6,1,1,8020497.66088041,13100980.3391196,-5080482.67823919,-15.1718245319405,0,Empty,NaN
Amazon,Local,35.3045740740741,6,1,1,7995953.31017833,13125524.6898217,-5129571.37964334,-15.3184179190993,0,Empty,NaN
Amazon,Local,35.4267352300397,6,1,1,7971408.95947625,13150069.0405237,-5178660.0810475,-15.4650113062581,0,Empty,NaN
Amazon,Local,35.5488963860054,6,1,1,7946864.60877418,13174613.3912258,-5227748.78245165,-15.6116046934168,0,Empty,NaN
Amazon,Local,35.671057541971,6,1,1,7922320.2580721,13199157.7419279,-5276837.4838558,-15.7581980805756,0,Empty,NaN
Amazon,Local,35.7932186979367,6,1,1,7897775.90737002,13223702.09263,-5325926.18525995,-15.9047914677344,0,Empty,NaN
Amazon,Local,35.9153798539023,6,1,1,7873231.55666795,13248246.4433321,-5375014.88666411,-16.0513848548932,0,Empty,NaN
Amazon,Local,36.037541009868,6,1,1,7848687.20596587,13272790.7940341,-5424103.58806826,-16.197978242052,0,Empty,NaN
Amazon,Local,36.1597021658337,6,1,1,7824142.85526379,13297335.1447362,-5473192.28947241,-16.3445716292108,0,Empty,NaN
Amazon,Local,36.2818633217993,6,1,1,7799598.50456172,13321879.4954383,-5522280.99087657,-16.4911650163696,0,Empty,NaN
Amazon,Local,36.404024477765,6,1,1,7775054.15385964,13346423.8461404,-5571369.69228072,-16.6377584035284,0,Empty,NaN
Amazon,Local,36.5261856337306,6,1,1,7750509.80315756,13370968.1968424,-5620458.39368487,-16.7843517906872,0,Empty,NaN
Amazon,Local,36.6483467896963,6,1,1,7725965.45245549,13395512.5475445,-5669547.09508903,-16.9309451778459,0,Empty,NaN
Amazon,Global,0,6,1,1,15089308.7806282,6032169.21937181,9057139.56125639,27.0472986303545,1,Nonempty,12808729.6038347
Amazon,Global,0.122161155965654,6,1,1,15027947.903873,6093530.096127,8934417.80774601,26.6808151624575,1,Nonempty,12635174.8356221
Amazon,Global,0.244322311931308,6,1,1,14966587.0271178,6154890.97288219,8811696.05423563,26.3143316945605,1,Nonempty,12461620.0674095
Amazon,Global,0.366483467896963,6,1,1,14905226.1503626,6216251.84963738,8688974.30072524,25.9478482266636,1,Nonempty,12288065.2991969
Amazon,Global,0.488644623862617,6,1,1,14843865.2736074,6277612.72639257,8566252.54721486,25.5813647587666,1,Nonempty,12114510.5309843
Amazon,Global,0.610805779828271,6,1,1,14782504.3968522,6338973.60314776,8443530.79370448,25.2148812908696,1,Nonempty,11940955.7627717
Amazon,Global,0.732966935793925,6,1,1,14721143.5200971,6400334.47990295,8320809.0401941,24.8483978229727,1,Nonempty,11767400.9945592
Amazon,Global,0.85512809175958,6,1,1,14659782.6433419,6461695.35665814,8198087.28668372,24.4819143550757,1,Nonempty,11593846.2263466
Amazon,Global,0.977289247725234,6,1,1,14598421.7665867,6523056.23341333,8075365.53317334,24.1154308871788,1,Nonempty,11420291.458134
Amazon,Global,1.09945040369089,6,1,1,14537060.8898315,6584417.11016852,7952643.77966296,23.7489474192818,1,Nonempty,11246736.6899214
Amazon,Global,1.22161155965654,6,1,1,14475700.0130763,6645777.98692371,7829922.02615258,23.3824639513848,1,Nonempty,11073181.9217088
Amazon,Global,1.3437727156222,6,1,1,14414339.1363211,6707138.8636789,7707200.2726422,23.0159804834879,1,Nonempty,10899627.1534962
Amazon,Global,1.46593387158785,6,1,1,14352978.2595659,6768499.74043409,7584478.51913182,22.6494970155909,1,Nonempty,10726072.3852836
Amazon,Global,1.5880950275535,6,1,1,14291617.3828107,6829860.61718928,7461756.76562144,22.2830135476939,1,Nonempty,10552517.617071
Amazon,Global,1.71025618351916,6,1,1,14230256.5060555,6891221.49394447,7339035.01211106,21.916530079797,1,Nonempty,10378962.8488584
Amazon,Global,1.83241733948481,6,1,1,14168895.6293003,6952582.37069966,7216313.25860068,21.5500466119,1,Nonempty,10205408.0806459
Amazon,Global,1.95457849545047,6,1,1,14107534.7525451,7013943.24745485,7093591.5050903,21.1835631440031,1,Nonempty,10031853.3124333
Amazon,Global,2.07673965141612,6,1,1,14046173.87579,7075304.12421004,6970869.75157992,20.8170796761061,1,Nonempty,9858298.54422069
Amazon,Global,2.19890080738178,6,1,1,13984812.9990348,7136665.00096523,6848147.99806954,20.4505962082091,1,Nonempty,9684743.7760081
Amazon,Global,2.32106196334743,6,1,1,13923452.1222796,7198025.87772042,6725426.24455915,20.0841127403122,1,Nonempty,9511189.00779551
Amazon,Global,2.44322311931308,6,1,1,13862091.2455244,7259386.75447561,6602704.49104877,19.7176292724152,1,Nonempty,9337634.23958292
Amazon,Global,2.56538427527874,6,1,1,13800730.3687692,7320747.6312308,6479982.73753839,19.3511458045182,1,Nonempty,9164079.47137033
Amazon,Global,2.68754543124439,6,1,1,13739369.492014,7382108.50798599,6357260.98402801,18.9846623366213,1,Nonempty,8990524.70315775
Amazon,Global,2.80970658721005,6,1,1,13678008.6152588,7443469.38474118,6234539.23051763,18.6181788687243,1,Nonempty,8816969.93494516
Amazon,Global,2.9318677431757,6,1,1,13616647.7385036,7504830.26149637,6111817.47700725,18.2516954008274,1,Nonempty,8643415.16673257
Amazon,Global,3.05402889914135,6,1,1,13555286.8617484,7566191.13825156,5989095.72349687,17.8852119329304,1,Nonempty,8469860.39851998
Amazon,Global,3.17619005510701,6,1,1,13493925.9849932,7627552.01500675,5866373.96998649,17.5187284650334,1,Nonempty,8296305.63030739
Amazon,Global,3.29835121107266,6,1,1,13432565.1082381,7688912.89176194,5743652.21647611,17.1522449971365,1,Nonempty,8122750.8620948
Amazon,Global,3.42051236703832,6,1,1,13371204.2314829,7750273.76851713,5620930.46296573,16.7857615292395,1,Nonempty,7949196.09388221
Amazon,Global,3.54267352300397,6,1,1,13309843.3547277,7811634.64527232,5498208.70945535,16.4192780613425,1,Nonempty,7775641.32566963
Amazon,Global,3.66483467896963,6,1,1,13248482.4779725,7872995.52202751,5375486.95594497,16.0527945934456,1,Nonempty,7602086.55745704
Amazon,Global,3.78699583493528,6,1,1,13187121.6012173,7934356.3987827,5252765.20243459,15.6863111255486,1,Nonempty,7428531.78924445
Amazon,Global,3.90915699090093,6,1,1,13125760.7244621,7995717.2755379,5130043.44892421,15.3198276576517,1,Nonempty,7254977.02103186
Amazon,Global,4.03131814686659,6,1,1,13064399.8477069,8057078.15229309,5007321.69541383,14.9533441897547,1,Nonempty,7081422.25281927
Amazon,Global,4.15347930283224,6,1,1,13003038.9709517,8118439.02904828,4884599.94190345,14.5868607218577,1,Nonempty,6907867.48460669
Amazon,Global,4.2756404587979,6,1,1,12941678.0941965,8179799.90580347,4761878.18839307,14.2203772539608,1,Nonempty,6734312.7163941
Amazon,Global,4.39780161476355,6,1,1,12880317.2174413,8241160.78255866,4639156.43488268,13.8538937860638,1,Nonempty,6560757.94818151
Amazon,Global,4.51996277072921,6,1,1,12818956.3406862,8302521.65931385,4516434.6813723,13.4874103181668,1,Nonempty,6387203.17996892
Amazon,Global,4.64212392669486,6,1,1,12757595.463931,8363882.53606904,4393712.92786192,13.1209268502699,1,Nonempty,6213648.41175633
Amazon,Global,4.76428508266051,6,1,1,12696234.5871758,8425243.41282423,4270991.17435154,12.7544433823729,1,Nonempty,6040093.64354375
Amazon,Global,4.88644623862617,6,1,1,12634873.7104206,8486604.28957942,4148269.42084116,12.387959914476,1,Nonempty,5866538.87533116
Amazon,Global,5.00860739459182,6,1,1,12573512.8336654,8547965.16633461,4025547.66733078,12.021476446579,1,Nonempty,5692984.10711857
Amazon,Global,5.13076855055748,6,1,1,12512151.9569102,8609326.0430898,3902825.9138204,11.654992978682,1,Nonempty,5519429.33890598
Amazon,Global,5.25292970652313,6,1,1,12450791.080155,8670686.91984499,3780104.16031002,11.2885095107851,1,Nonempty,5345874.57069339
Amazon,Global,5.37509086248879,6,1,1,12389430.2033998,8732047.79660018,3657382.40679964,10.9220260428881,1,Nonempty,5172319.8024808
Amazon,Global,5.49725201845444,6,1,1,12328069.3266446,8793408.67335537,3534660.65328926,10.5555425749911,1,Nonempty,4998765.03426822
Amazon,Global,5.61941317442009,6,1,1,12266708.4498894,8854769.55011056,3411938.89977888,10.1890591070942,1,Nonempty,4825210.26605563
Amazon,Global,5.74157433038575,6,1,1,12205347.5731342,8916130.42686575,3289217.1462685,9.82257563919722,1,Nonempty,4651655.49784304
Amazon,Global,5.8637354863514,6,1,1,12143986.6963791,8977491.30362094,3166495.39275812,9.45609217130026,1,Nonempty,4478100.72963045
Amazon,Global,5.98589664231706,6,1,1,12082625.8196239,9038852.18037613,3043773.63924774,9.0896087034033,1,Nonempty,4304545.96141786
Amazon,Global,6.10805779828271,6,1,1,12021264.9428687,9100213.05713132,2921051.88573736,8.72312523550633,1,Nonempty,4130991.19320528
Amazon,Global,6.23021895424836,6,1,1,11959904.0661135,9161573.93388651,2798330.13222698,8.35664176760937,1,Nonempty,3957436.42499269
Amazon,Global,6.35238011021402,6,1,1,11898543.1893583,9222934.8106417,2675608.3787166,7.99015829971241,1,Nonempty,3783881.6567801
Amazon,Global,6.47454126617967,6,1,1,11837182.3126031,9284295.68739689,2552886.62520621,7.62367483181544,1,Nonempty,3610326.88856751
Amazon,Global,6.59670242214533,6,1,1,11775821.4358479,9345656.56415208,2430164.87169583,7.25719136391848,1,Nonempty,3436772.12035492
Amazon,Global,6.71886357811098,6,1,1,11714460.5590927,9407017.44090727,2307443.11818545,6.89070789602152,1,Nonempty,3263217.35214233
Amazon,Global,6.84102473407664,6,1,1,11653099.6823375,9468378.31766246,2184721.36467507,6.52422442812455,1,Nonempty,3089662.58392974
Amazon,Global,6.96318589004229,6,1,1,11591738.8055823,9529739.19441765,2061999.61116469,6.15774096022759,1,Nonempty,2916107.81571716
Amazon,Global,7.08534704600794,6,1,1,11530377.9288272,9591100.07117284,1939277.85765431,5.79125749233063,1,Nonempty,2742553.04750457
Amazon,Global,7.18772786386532,6,1,1,11478952.6071119,9642525.39288811,1836427.21422379,5.4841150387585,1,Nonempty,2597100.27266632
Amazon,Global,7.18779974186274,6,1,1,11478916.5031891,9642561.49681088,1836355.00637824,5.48389940476624,1,Nonempty,2596998.15535183
Amazon,Global,7.18787161986016,6,1,1,11478880.3992663,9642597.60073365,1836282.79853269,5.48368377077398,1,Nonempty,2596896.03803735
Amazon,Global,7.2075082019736,6,1,1,11469017.052072,9652460.94792803,1816556.10414393,5.42477402443367,1,Nonempty,2568998.27929198
Amazon,Global,7.32966935793925,6,1,1,11407656.1753168,9713821.82468322,1693834.35063355,5.0582905565367,1,Nonempty,2395443.51107939
Amazon,Global,7.35246907379743,6,1,1,11396204.0034396,9725273.99656035,1670930.0068793,4.98989140896216,1,Nonempty,2363051.87750487
Amazon,Global,7.35254259922343,6,1,1,11396167.0720226,9725310.92797744,1670856.14404512,4.98967083268419,1,Nonempty,2362947.41968303
Amazon,Global,7.35261612464942,6,1,1,11396130.1406055,9725347.85939452,1670782.28121095,4.98945025640621,1,Nonempty,2362842.96186119
Amazon,Global,7.45183051390491,6,1,1,11346295.2985616,9775182.70143841,1571112.59712317,4.69180708863974,1,Nonempty,2221888.7428668
Amazon,Global,7.57399166987056,6,1,1,11284934.4218064,9836543.5781936,1448390.84361279,4.32532362074278,1,Nonempty,2048333.97465422
Amazon,Global,7.69615282583621,6,1,1,11223573.5450512,9897904.45494879,1325669.09010241,3.95884015284582,1,Nonempty,1874779.20644163
Amazon,Global,7.81831398180187,6,1,1,11162212.668296,9959265.33170399,1202947.33659203,3.59235668494886,1,Nonempty,1701224.43822904
Amazon,Global,7.94047513776752,6,1,1,11100851.7915408,10020626.2084592,1080225.58308165,3.22587321705189,1,Nonempty,1527669.67001645
Amazon,Global,8.06263629373318,6,1,1,11039490.9147856,10081987.0852144,957503.829571267,2.85938974915493,1,Nonempty,1354114.90180386
Amazon,Global,8.18479744969883,6,1,1,10978130.0380304,10143347.9619696,834782.076060886,2.49290628125796,1,Nonempty,1180560.13359127
Amazon,Global,8.28017384837035,6,1,1,10930222.9975479,10191255.0024521,738967.995095862,2.2067770852434,1,Nonempty,1045058.56082422
Amazon,Global,8.28025665093686,6,1,1,10930181.4062742,10191296.5937258,738884.812548374,2.20652867754387,1,Nonempty,1044940.92293741
Amazon,Global,8.28033945350337,6,1,1,10930139.8150004,10191338.1849996,738801.630000887,2.20628026984434,1,Nonempty,1044823.2850506
Amazon,Global,8.29078597333203,6,1,1,10924892.5855464,10196585.4144536,728307.171092733,2.17494071035836,1,Nonempty,1029981.87893292
Amazon,Global,8.29086888202085,6,1,1,10924850.940968,10196627.059032,728223.881935938,2.1746919842919,1,Nonempty,1029864.09027779
Amazon,Global,8.29095179070968,6,1,1,10924809.2963896,10196668.7036104,728140.592779145,2.17444325822544,1,Nonempty,1029746.30162265
Amazon,Global,8.30695860566449,6,1,1,10916769.1612753,10204708.8387247,712060.322550506,2.12642281336101,1,Nonempty,1007005.36537869
Amazon,Global,8.35488870489337,6,1,1,10892694.1360481,10228783.8639519,663910.272096258,1.98263251567434,1,Nonempty,938910.910997339
Amazon,Global,8.35497225461592,6,1,1,10892652.169482,10228825.830518,663826.338964034,1.9823818665067,1,Nonempty,938792.211623416
Amazon,Global,8.35505580433847,6,1,1,10892610.2029159,10228867.7970841,663742.40583181,1.98213121733906,1,Nonempty,938673.512249493
Amazon,Global,8.42911976163014,6,1,1,10855408.2845201,10266069.7154799,589338.569040125,1.75993934546404,1,Nonempty,833450.597166098
Amazon,Global,8.52696458000834,6,1,1,10806261.3703952,10315216.6296048,491044.740790389,1.46640489032945,1,Nonempty,694442.13215775
Amazon,Global,8.52704985050684,6,1,1,10806218.5394928,10315259.4605072,490959.078985566,1.46614907883393,1,Nonempty,694320.988071591
Amazon,Global,8.52713512100535,6,1,1,10806175.7085904,10315302.2914096,490873.417180743,1.46589326733841,1,Nonempty,694199.843985433
Amazon,Global,8.55128091759579,6,1,1,10794047.4077649,10327430.5922351,466616.815529745,1.39345587756708,1,Nonempty,659895.82895351
Amazon,Global,8.63592962901206,6,1,1,10751528.8255884,10369949.1744116,381579.651176788,1.13950974331828,1,Nonempty,539635.117819808
Amazon,Global,8.63601598917196,6,1,1,10751485.4473551,10369992.5526449,381492.894710122,1.1392506628386,1,Nonempty,539512.425648025
Amazon,Global,8.63610234933185,6,1,1,10751442.0691217,10370035.9308783,381406.138243454,1.13899158235892,1,Nonempty,539389.73347624
Amazon,Global,8.67344207356145,6,1,1,10732686.5310097,10388791.4689903,343895.062019365,1.02697240967012,1,Nonempty,486341.060740923
Amazon,Global,8.73562312488827,6,1,1,10701453.330924,10420024.669076,281428.661848007,0.84042925568966,1,Nonempty,398000.230425963
Amazon,Global,8.73571048199309,6,1,1,10701409.4519307,10420068.5480693,281340.903861433,0.840167184375202,1,Nonempty,397876.121891144
Amazon,Global,8.73579783909791,6,1,1,10701365.5729374,10420112.4270626,281253.14587486,0.839905113060744,1,Nonempty,397752.013356325
Amazon,Global,8.78404674389113,6,1,1,10677130.4134288,10444347.5865712,232782.826857543,0.69515839868108,1,Nonempty,329204.630829485
Amazon,Global,8.78413458523698,6,1,1,10677086.2912039,10444391.7087961,232694.582407756,0.694894874643528,1,Nonempty,329079.834331792
Amazon,Global,8.78422242658283,6,1,1,10677042.168979,10444435.831021,232606.337957967,0.69463135060597,1,Nonempty,328955.037834097
Amazon,Global,8.7956032295271,6,1,1,10671325.6542545,10450152.3457455,221173.308508983,0.660488941773152,1,Nonempty,312786.292528332
Amazon,Global,8.89258698336861,6,1,1,10622611.2481105,10498866.7518895,123744.496221095,0.369537680248625,1,Nonempty,175001.144824899
Amazon,Global,8.89267591012771,6,1,1,10622566.5806885,10498911.4193115,123655.161377097,0.369270899971321,1,Nonempty,174874.806276924
Amazon,Global,8.89276483688682,6,1,1,10622521.9132665,10498956.0867334,123565.826533098,0.369004119694017,1,Nonempty,174748.467728948
Amazon,Global,8.90728441998734,6,1,1,10615228.8065329,10506249.1934671,108979.613065729,0.325445370392456,1,Nonempty,154120.446819726
Amazon,Global,8.90737349372227,6,1,1,10615184.0652857,10506293.9347143,108890.130571421,0.325178149187642,1,Nonempty,153993.899462681
Amazon,Global,8.90746256745721,6,1,1,10615139.3240386,10506338.6759614,108800.648077114,0.324910927982827,1,Nonempty,153867.352105636
Amazon,Global,8.91776438549276,6,1,1,10609964.7774993,10511513.2225007,98451.5549986027,0.29400547387619,1,Nonempty,139231.524315745
Amazon,Global,8.95511651775248,6,1,1,10591203.006902,10530274.993098,60928.0138039421,0.181949077097028,1,Nonempty,86165.2234499901
Amazon,Global,8.95520606981318,6,1,1,10591158.0253944,10530319.9746056,60838.0507888384,0.181680420914937,1,Nonempty,86037.9965339185
Amazon,Global,8.95529562187387,6,1,1,10591113.0438869,10530364.9561131,60748.0877737328,0.18141176473284,1,Nonempty,85910.7696178442
Amazon,Global,8.95912126700135,6,1,1,10589191.4433804,10532286.5566196,56904.8867607657,0.169934829350408,1,Nonempty,80475.66262238
Amazon,Global,8.95921085910994,6,1,1,10589146.441757,10532331.558243,56814.8835139871,0.169666053024631,1,Nonempty,80348.3788101281
Amazon,Global,8.95930045121853,6,1,1,10589101.4401336,10532376.5598664,56724.8802672103,0.16939727669886,1,Nonempty,80221.0949978788
Amazon,Global,8.96478404337901,6,1,1,10586347.0619512,10535130.9380488,51216.123902306,0.15294650021742,1,Nonempty,72430.5370348219
Amazon,Global,8.96487369211594,6,1,1,10586302.0318837,10535175.9681163,51126.0637673307,0.152677554006656,1,Nonempty,72303.1727705108
Amazon,Global,8.96496334085286,6,1,1,10586257.0018162,10535220.9981838,51036.0036323555,0.152408607795891,1,Nonempty,72175.8085061997
Amazon,Global,8.9743146079736,6,1,1,10581559.9117734,10539918.0882266,41641.8235467989,0.124354806433673,1,Nonempty,58890.4316218303
Amazon,Global,8.97440435201712,6,1,1,10581514.8338339,10539963.1661661,41551.667667862,0.124085574303109,1,Nonempty,58762.9319551101
Amazon,Global,8.97449409606064,6,1,1,10581469.7558945,10540008.2441055,41461.5117889252,0.123816342172546,1,Nonempty,58635.4322883899
Amazon,Global,8.97452490499112,6,1,1,10581454.2807381,10540023.7192619,41430.5614762604,0.123723915381097,1,Nonempty,58591.6619364598
Amazon,Global,8.97461465113763,6,1,1,10581409.2017423,10540068.7982577,41340.4034846835,0.123454676941566,1,Nonempty,58464.1592820153
Amazon,Global,8.97470439728414,6,1,1,10581364.1227466,10540113.8772534,41250.2454931065,0.123185438502034,1,Nonempty,58336.6566275709
Amazon,Global,8.98503224306695,6,1,1,10576176.502613,10545301.497387,30875.0052259993,0.092201901153604,1,Nonempty,43663.8511289484
Amazon,Global,8.9851220942879,6,1,1,10576131.3708389,10545346.6291611,30784.7416778021,0.091932347490771,1,Nonempty,43536.1991948999
Amazon,Global,8.98521194550884,6,1,1,10576086.2390648,10545391.7609352,30694.4781296048,0.0916627938279381,1,Nonempty,43408.5472608515
Amazon,Global,8.98712433639839,6,1,1,10575125.6556391,10546352.3443609,28773.3112782668,0.0859256211593005,1,Nonempty,40691.6070441077
Amazon,Global,8.98721420854047,6,1,1,10575080.5133565,10546397.4866435,28683.0267129205,0.0856560047330416,1,Nonempty,40563.925387322
Amazon,Global,8.98730408068256,6,1,1,10575035.3710738,10546442.6289262,28592.7421475742,0.0853863883067828,1,Nonempty,40436.2437305363
Amazon,Global,8.98891529313116,6,1,1,10574226.0679225,10547251.9320775,26974.1358450465,0.0805527509609795,1,Nonempty,38147.188745359
Amazon,Global,8.98900518318299,6,1,1,10574180.9166439,10547297.0833561,26883.8332877662,0.0802830808054823,1,Nonempty,38019.4816441362
Amazon,Global,8.98909507323483,6,1,1,10574135.7653652,10547342.2346348,26793.5307304859,0.080013410649985,1,Nonempty,37891.7745429135
Amazon,Global,8.9954967525962,6,1,1,10570920.2370313,10550557.7629687,20362.4740625191,0.0608083725658527,1,Nonempty,28796.886982685
Amazon,Global,8.99558670846329,6,1,1,10570875.052694,10550602.947306,20272.1053879615,0.0605385049646019,1,Nonempty,28669.0863775118
Amazon,Global,8.99567666433037,6,1,1,10570829.8683567,10550648.1316433,20181.736713402,0.0602686373633455,1,Nonempty,28541.2857723361
Amazon,Global,8.99918957234718,6,1,1,10569065.3539809,10552412.6460191,16652.7079617083,0.0497299133129319,1,Nonempty,23550.4854496863
Amazon,Global,8.99927956514283,6,1,1,10569020.1510946,10552457.8489054,16562.3021891173,0.0494599349259766,1,Nonempty,23422.6323799713
Amazon,Global,8.99936955793848,6,1,1,10568974.9482083,10552503.0517917,16471.8964165282,0.0491899565390269,1,Nonempty,23294.7793102589
Amazon,Global,9.00228395916643,6,1,1,10567511.0605007,10553966.9394993,13544.1210013386,0.0404467528551634,1,Nonempty,19154.2796105153
Amazon,Global,9.00237398290626,6,1,1,10567465.8420713,10554012.1579287,13453.6841425654,0.04017668163567,1,Nonempty,19026.3825782998
Amazon,Global,9.00246400664609,6,1,1,10567420.6236419,10554057.3763581,13363.247283794,0.0399066104161821,1,Nonempty,18898.4855460869
Amazon,Global,9.00756352162496,6,1,1,10564859.1653153,10556618.8346847,8240.330630688,0.0246080654795782,1,Nonempty,11653.5873363574
Amazon,Global,9.00765359816094,6,1,1,10564813.9203667,10556664.0796333,8149.84073348343,0.0243378358716354,1,Nonempty,11525.615296473
Amazon,Global,9.00774367469692,6,1,1,10564768.6754181,10556709.3245819,8059.35083627887,0.0240676062636925,1,Nonempty,11397.6432565885
Amazon,Global,9.0089671911551,6,1,1,10564154.1098305,10557323.8901695,6830.21966107748,0.0203970568891681,1,Nonempty,9659.38927868314
Amazon,Global,9.00905728172791,6,1,1,10564108.8578313,10557369.1421687,6739.71566262282,0.02012678517072,1,Nonempty,9531.39729661957
Amazon,Global,9.00914737230073,6,1,1,10564063.6058321,10557414.3941679,6649.2116641663,0.0198565134522665,1,Nonempty,9403.40531455336
Amazon,Global,9.01209135202732,6,1,1,10562584.8610073,10558893.1389927,3691.72201461717,0.011024574272515,1,Nonempty,5220.88334158293
Amazon,Global,9.01218147384205,6,1,1,10562539.5933154,10558938.4066846,3601.18663087115,0.0107542088283004,1,Nonempty,5092.84697401465
Amazon,Global,9.01227159565679,6,1,1,10562494.3256236,10558983.6743764,3510.65124712512,0.0104838433840858,1,Nonempty,4964.81060644636
Amazon,Global,9.01567605245605,6,1,1,10560784.2856978,10560693.7143022,90.5713956132531,0.000270472986305603,1,Nonempty,128.087296039322
Amazon,Global,9.01576621011815,6,1,1,10560739,10560739,0,0,NaN,Boundary,0
Amazon,Global,9.01585636778025,6,1,1,10560693.7143022,10560784.2856978,-90.5713956113905,-0.000270472986300041,0,Empty,NaN
Amazon,Global,9.01801077857193,6,1,1,10559611.5656108,10561866.4343892,-2254.86877841502,-0.00673370536134188,0,Empty,NaN
Amazon,Global,9.01810095958153,6,1,1,10559566.2681857,10561911.7318143,-2345.46362866275,-0.00700424839012596,0,Empty,NaN
Amazon,Global,9.01819114059112,6,1,1,10559520.9707605,10561957.0292395,-2436.05847891048,-0.00727479141891005,0,Empty,NaN
Amazon,Global,9.03260374082072,6,1,1,10552281.6009345,10569196.3990655,-16914.798130963,-0.0505125921077067,0,Empty,NaN
Amazon,Global,9.0326940677614,6,1,1,10552236.230209,10569241.769791,-17005.5395819712,-0.0507835729297392,0,Empty,NaN
Amazon,Global,9.03278439470208,6,1,1,10552190.8594835,10569287.1405165,-17096.2810329795,-0.0510545537517716,0,Empty,NaN
Amazon,Global,9.03992554145841,6,1,1,10548603.9007441,10572874.0992559,-24270.1985117793,-0.0724779940207766,0,Empty,NaN
Amazon,Global,9.04273982823953,6,1,1,10547190.2999725,10574287.7000275,-27097.4000549391,-0.0809208543641402,0,Empty,NaN
Amazon,Global,9.0428302565421,6,1,1,10547144.8783335,10574333.1216665,-27188.2433329858,-0.0811921392718389,0,Empty,NaN
Amazon,Global,9.04292068484467,6,1,1,10547099.4566945,10574378.5433055,-27279.0866110306,-0.081463424179532,0,Empty,NaN
Amazon,Global,9.04717499076328,6,1,1,10544962.5422302,10576515.4577698,-31552.915539505,-0.0942263419353735,0,Empty,NaN
Amazon,Global,9.04726546341791,6,1,1,10544917.0983134,10576560.9016866,-31643.8033731524,-0.0944977598992794,0,Empty,NaN
Amazon,Global,9.04735593607255,6,1,1,10544871.6543966,10576606.3456034,-31734.691206798,-0.0947691778631797,0,Empty,NaN
Amazon,Global,9.10438556992821,6,1,1,10516225.9829739,10605252.0170261,-89026.0340522211,-0.265858079430158,0,Empty,NaN
Amazon,Global,9.10447661469435,6,1,1,10516180.2516886,10605297.7483114,-89117.4966228008,-0.266131213728602,0,Empty,NaN
Amazon,Global,9.1045676594605,6,1,1,10516134.5204033,10605343.4795967,-89208.9591933787,-0.26640434802704,0,Empty,NaN
Amazon,Global,9.11975038774126,6,1,1,10508508.3194929,10612969.6805071,-104461.361014219,-0.31195253286932,0,Empty,NaN
Amazon,Global,9.11984158615712,6,1,1,10508462.5110302,10613015.4889698,-104552.977939611,-0.312226128116905,0,Empty,NaN
Amazon,Global,9.11993278457298,6,1,1,10508416.7025675,10613061.2974325,-104644.594865002,-0.312499723364486,0,Empty,NaN
Amazon,Global,9.14867403267506,6,1,1,10493980.1317227,10627497.8682773,-133517.736554623,-0.398723467670727,0,Empty,NaN
Amazon,Global,9.14876552033027,6,1,1,10493934.1779767,10627543.8220233,-133609.644046674,-0.398997930636331,0,Empty,NaN
Amazon,Global,9.14885700798547,6,1,1,10493888.2242306,10627589.7757694,-133701.551538726,-0.39927239360194,0,Empty,NaN
Amazon,Global,9.15963967338747,6,1,1,10488472.1507039,10633005.8492961,-144533.698592253,-0.43162038980793,0,Empty,NaN
Amazon,Global,9.15973127070017,6,1,1,10488426.1418775,10633051.8581225,-144625.716245029,-0.431895181746055,0,Empty,NaN
Amazon,Global,9.15982286801288,6,1,1,10488380.1330511,10633097.8669489,-144717.733897803,-0.432169973684173,0,Empty,NaN
Amazon,Global,9.16208669742407,6,1,1,10487243.0239889,10634234.9760111,-146991.952022158,-0.438961461917732,0,Empty,NaN
Amazon,Global,9.16734097416254,6,1,1,10484603.8296817,10636874.1703183,-152270.340636589,-0.454724292133167,0,Empty,NaN
Amazon,Global,9.16743264848903,6,1,1,10484557.7821717,10636920.2178283,-152362.435656559,-0.454999315112624,0,Empty,NaN
Amazon,Global,9.16752432281551,6,1,1,10484511.7346617,10636966.2653383,-152454.530676529,-0.455274338092082,0,Empty,NaN
Amazon,Global,9.28424785338972,6,1,1,10425882.1472337,10695595.8527663,-269713.70553254,-0.805444929814699,0,Empty,NaN
Amazon,Global,9.40640900935537,6,1,1,10364521.2704785,10756956.7295215,-392435.459042918,-1.17192839771166,0,Empty,NaN
Amazon,Global,9.52857016532103,6,1,1,10303160.3937234,10818317.6062766,-515157.2125533,-1.53841186560862,0,Empty,NaN
Amazon,Global,9.60578959341049,6,1,1,10264373.4997009,10857104.5002991,-592731.000598261,-1.770070149877,0,Empty,NaN
Amazon,Global,9.60588565226701,6,1,1,10264325.2498656,10857152.7501344,-592827.500268877,-1.77035832644657,0,Empty,NaN
Amazon,Global,9.60598171112353,6,1,1,10264277.0000303,10857200.9999697,-592923.999939492,-1.77064650301613,0,Empty,NaN
Amazon,Global,9.6297043030257,6,1,1,10252361.272592,10869116.7274079,-616755.4548159,-1.84181427872264,0,Empty,NaN
Amazon,Global,9.62980060103171,6,1,1,10252312.9026333,10869165.0973667,-616852.19473346,-1.84210317274067,0,Empty,NaN
Amazon,Global,9.62989689903772,6,1,1,10252264.5326745,10869213.4673255,-616948.934651019,-1.8423920667587,0,Empty,NaN
Amazon,Global,9.64390235484305,6,1,1,10245229.6692535,10876248.3307465,-631018.661493041,-1.88440843417469,0,Empty,NaN
Amazon,Global,9.643998794831,6,1,1,10245181.227978,10876296.772022,-631115.544044092,-1.88469775413854,0,Empty,NaN
Amazon,Global,9.64409523481895,6,1,1,10245132.7867024,10876345.2132976,-631212.426595144,-1.88498707410238,0,Empty,NaN
Amazon,Global,9.65073132128668,6,1,1,10241799.5169682,10879678.4830318,-637878.96606368,-1.90489533350558,0,Empty,NaN
Amazon,Global,9.77289247725234,6,1,1,10180438.640213,10941039.359787,-760600.71957406,-2.27137880140254,0,Empty,NaN
Amazon,Global,9.89505363321799,6,1,1,10119077.7634578,11002400.2365422,-883322.473084442,-2.63786226929951,0,Empty,NaN
Amazon,Global,10.0172147891836,6,1,1,10057716.8867026,11063761.1132974,-1006044.22659482,-3.00434573719647,0,Empty,NaN
Amazon,Global,10.1393759451493,6,1,1,9996356.0099474,11125121.9900526,-1128765.9801052,-3.37082920509344,0,Empty,NaN
Amazon,Global,10.261537101115,6,1,1,9934995.13319221,11186482.8668078,-1251487.73361558,-3.7373126729904,0,Empty,NaN
Amazon,Global,10.3836982570806,6,1,1,9873634.25643702,11247843.743563,-1374209.48712596,-4.10379614088736,0,Empty,NaN
Amazon,Global,10.4678283840112,6,1,1,9831376.15639547,11290101.8436045,-1458725.68720906,-4.35618652167919,0,Empty,NaN
Amazon,Global,10.4679330633418,6,1,1,9831323.57654343,11290154.4234566,-1458830.84691314,-4.35650055967108,0,Empty,NaN
Amazon,Global,10.4680377426725,6,1,1,9831270.99669139,11290207.0033086,-1458936.00661722,-4.35681459766298,0,Empty,NaN
Amazon,Global,10.5058594130463,6,1,1,9812273.37968183,11309204.6203182,-1496931.24063634,-4.47027960878432,0,Empty,NaN
Amazon,Global,10.6280205690119,6,1,1,9750912.50292664,11370565.4970734,-1619652.99414673,-4.83676307668128,0,Empty,NaN
Amazon,Global,10.7501817249776,6,1,1,9689551.62617145,11431926.3738286,-1742374.74765711,-5.20324654457825,0,Empty,NaN
Amazon,Global,10.8723428809432,6,1,1,9628190.74941626,11493287.2505837,-1865096.50116749,-5.56973001247521,0,Empty,NaN
Amazon,Global,10.9945040369089,6,1,1,9566829.87266107,11554648.1273389,-1987818.25467787,-5.93621348037217,0,Empty,NaN
Amazon,Global,11.1166651928745,6,1,1,9505468.99590588,11616009.0040941,-2110540.00818825,-6.30269694826914,0,Empty,NaN
Amazon,Global,11.2388263488402,6,1,1,9444108.11915069,11677369.8808493,-2233261.76169863,-6.6691804161661,0,Empty,NaN
Amazon,Global,11.3609875048058,6,1,1,9382747.24239549,11738730.7576045,-2355983.51520901,-7.03566388406306,0,Empty,NaN
Amazon,Global,11.4831486607715,6,1,1,9321386.3656403,11800091.6343597,-2478705.26871939,-7.40214735196003,0,Empty,NaN
Amazon,Global,11.6053098167371,6,1,1,9260025.48888512,11861452.5111149,-2601427.02222977,-7.76863081985699,0,Empty,NaN
Amazon,Global,11.7274709727028,6,1,1,9198664.61212992,11922813.3878701,-2724148.77574015,-8.13511428775395,0,Empty,NaN
Amazon,Global,11.8496321286685,6,1,1,9137303.73537473,11984174.2646253,-2846870.52925053,-8.50159775565091,0,Empty,NaN
Amazon,Global,11.9717932846341,6,1,1,9075942.85861954,12045535.1413805,-2969592.28276091,-8.86808122354787,0,Empty,NaN
Amazon,Global,12.0301728266809,6,1,1,9046619.13573692,12074858.8642631,-3028239.72852617,-9.04321984968829,0,Empty,NaN
Amazon,Global,12.0302931296122,6,1,1,9046558.70823619,12074919.2917638,-3028360.58352762,-9.04358075848218,0,Empty,NaN
Amazon,Global,12.0304134325435,6,1,1,9046498.28073547,12074979.7192645,-3028481.43852907,-9.04394166727607,0,Empty,NaN
Amazon,Global,12.0939544405998,6,1,1,9014581.98186435,12106896.0181356,-3092314.03627129,-9.23456469144484,0,Empty,NaN
Amazon,Global,12.2161155965654,6,1,1,8953221.10510916,12168256.8948908,-3215035.78978167,-9.60104815934179,0,Empty,NaN
Amazon,Global,12.3382767525311,6,1,1,8891860.22835397,12229617.771646,-3337757.54329205,-9.96753162723876,0,Empty,NaN
Amazon,Global,12.4604379084967,6,1,1,8830499.35159878,12290978.6484012,-3460479.29680244,-10.3340150951357,0,Empty,NaN
Amazon,Global,12.5825990644624,6,1,1,8769138.47484359,12352339.5251564,-3583201.05031282,-10.7004985630327,0,Empty,NaN
Amazon,Global,12.704760220428,6,1,1,8707777.5980884,12413700.4019116,-3705922.8038232,-11.0669820309296,0,Empty,NaN
Amazon,Global,12.8269213763937,6,1,1,8646416.72133321,12475061.2786668,-3828644.55733358,-11.4334654988266,0,Empty,NaN
Amazon,Global,12.9490825323593,6,1,1,8585055.84457802,12536422.155422,-3951366.31084396,-11.7999489667236,0,Empty,NaN
Amazon,Global,13.071243688325,6,1,1,8523694.96782283,12597783.0321772,-4074088.06435434,-12.1664324346205,0,Empty,NaN
Amazon,Global,13.1934048442907,6,1,1,8462334.09106764,12659143.9089324,-4196809.81786472,-12.5329159025175,0,Empty,NaN
Amazon,Global,13.3155660002563,6,1,1,8400973.21431245,12720504.7856875,-4319531.5713751,-12.8993993704145,0,Empty,NaN
Amazon,Global,13.437727156222,6,1,1,8339612.33755726,12781865.6624427,-4442253.32488548,-13.2658828383114,0,Empty,NaN
Amazon,Global,13.5598883121876,6,1,1,8278251.46080207,12843226.5391979,-4564975.07839586,-13.6323663062084,0,Empty,NaN
Amazon,Global,13.6820494681533,6,1,1,8216890.58404688,12904587.4159531,-4687696.83190624,-13.9988497741054,0,Empty,NaN
Amazon,Global,13.8042106241189,6,1,1,8155529.70729169,12965948.2927083,-4810418.58541662,-14.3653332420023,0,Empty,NaN
Amazon,Global,13.9263717800846,6,1,1,8094168.8305365,13027309.1694635,-4933140.338927,-14.7318167098993,0,Empty,NaN
Amazon,Global,14.0485329360502,6,1,1,8032807.95378131,13088670.0462187,-5055862.09243738,-15.0983001777962,0,Empty,NaN
Amazon,Global,14.1706940920159,6,1,1,7971447.07702612,13150030.9229739,-5178583.84594776,-15.4647836456932,0,Empty,NaN
Amazon,Global,14.2928552479815,6,1,1,7910086.20027093,13211391.7997291,-5301305.59945814,-15.8312671135902,0,Empty,NaN
Amazon,Global,14.4150164039472,6,1,1,7848725.32351574,13272752.6764843,-5424027.35296852,-16.1977505814871,0,Empty,NaN
Amazon,Global,14.5371775599129,6,1,1,7787364.44676055,13334113.5532394,-5546749.1064789,-16.5642340493841,0,Empty,NaN
Amazon,Global,14.6593387158785,6,1,1,7726003.57000536,13395474.4299946,-5669470.85998929,-16.9307175172811,0,Empty,NaN
Amazon,Global,14.7814998718442,6,1,1,7664642.69325017,13456835.3067498,-5792192.61349967,-17.297200985178,0,Empty,NaN
Amazon,Global,14.9036610278098,6,1,1,7603281.81649498,13518196.183505,-5914914.36701005,-17.663684453075,0,Empty,NaN
Amazon,Global,15.0258221837755,6,1,1,7541920.93973979,13579557.0602602,-6037636.12052043,-18.0301679209719,0,Empty,NaN
Amazon,Global,15.1479833397411,6,1,1,7480560.0629846,13640917.9370154,-6160357.87403081,-18.3966513888689,0,Empty,NaN
Amazon,Global,15.2701444957068,6,1,1,7419199.18622941,13702278.8137706,-6283079.62754119,-18.7631348567659,0,Empty,NaN
Amazon,Global,15.3923056516724,6,1,1,7357838.30947422,13763639.6905258,-6405801.38105157,-19.1296183246628,0,Empty,NaN
Amazon,Global,15.5144668076381,6,1,1,7296477.43271902,13825000.567281,-6528523.13456195,-19.4961017925598,0,Empty,NaN
Amazon,Global,15.6366279636037,6,1,1,7235116.55596384,13886361.4440362,-6651244.88807233,-19.8625852604568,0,Empty,NaN
Amazon,Global,15.7587891195694,6,1,1,7173755.67920864,13947722.3207914,-6773966.64158271,-20.2290687283537,0,Empty,NaN
Amazon,Global,15.880950275535,6,1,1,7112394.80245345,14009083.1975465,-6896688.39509309,-20.5955521962507,0,Empty,NaN
Amazon,Global,16.0031114315007,6,1,1,7051033.92569826,14070444.0743017,-7019410.14860347,-20.9620356641476,0,Empty,NaN
Amazon,Global,16.1252725874664,6,1,1,6989673.04894307,14131804.9510569,-7142131.90211385,-21.3285191320446,0,Empty,NaN
Amazon,Global,16.247433743432,6,1,1,6928312.17218788,14193165.8278121,-7264853.65562423,-21.6950025999416,0,Empty,NaN
Amazon,Global,16.3695948993977,6,1,1,6866951.29543269,14254526.7045673,-7387575.40913462,-22.0614860678385,0,Empty,NaN
Amazon,Global,16.3920409991349,6,1,1,6855676.74298821,14265801.2570118,-7410124.51402359,-22.1288243670504,0,Empty,NaN
Amazon,Global,16.3922049211842,6,1,1,6855594.40584446,14265883.5941555,-7410289.18831108,-22.129316133198,0,Empty,NaN
Amazon,Global,16.3923688432334,6,1,1,6855512.06870071,14265965.9312993,-7410453.86259858,-22.1298078993456,0,Empty,NaN
Amazon,Global,16.4917560553633,6,1,1,6805590.4186775,14315887.5813225,-7510297.16264499,-22.4279695357355,0,Empty,NaN
Amazon,Global,16.613917211329,6,1,1,6744229.54192231,14377248.4580777,-7633018.91615537,-22.7944530036325,0,Empty,NaN
Amazon,Global,16.7360783672946,6,1,1,6682868.66516712,14438609.3348329,-7755740.66966576,-23.1609364715294,0,Empty,NaN
Amazon,Global,16.8582395232603,6,1,1,6621507.78841193,14499970.2115881,-7878462.42317614,-23.5274199394264,0,Empty,NaN
Amazon,Global,16.9804006792259,6,1,1,6560146.91165674,14561331.0883433,-8001184.17668651,-23.8939034073233,0,Empty,NaN
Amazon,Global,17.1025618351916,6,1,1,6498786.03490155,14622691.9650984,-8123905.9301969,-24.2603868752203,0,Empty,NaN
Amazon,Global,17.2247229911572,6,1,1,6437425.15814636,14684052.8418536,-8246627.68370728,-24.6268703431173,0,Empty,NaN
Amazon,Global,17.2590546280277,6,1,1,6420180.56577035,14701297.4342297,-8281116.86845931,-24.7298652537286,0,Empty,NaN
Amazon,Global,17.2592272202999,6,1,1,6420093.87362128,14701384.1263787,-8281290.25275745,-24.7303830305452,0,Empty,NaN
Amazon,Global,17.2593998125721,6,1,1,6420007.18147221,14701470.8185278,-8281463.63705559,-24.7309008073618,0,Empty,NaN
Amazon,Global,17.3468841471229,6,1,1,6376064.28139117,14745413.7186088,-8369349.43721766,-24.9933538110142,0,Empty,NaN
Amazon,Global,17.4690453030885,6,1,1,6314703.40463598,14806774.595364,-8492071.19072803,-25.3598372789112,0,Empty,NaN
Amazon,Global,17.5912064590542,6,1,1,6253342.52788079,14868135.4721192,-8614792.94423842,-25.7263207468082,0,Empty,NaN
Amazon,Global,17.7133676150199,6,1,1,6191981.6511256,14929496.3488744,-8737514.6977488,-26.0928042147051,0,Empty,NaN
Amazon,Global,17.8355287709855,6,1,1,6130620.77437041,14990857.2256296,-8860236.45125918,-26.4592876826021,0,Empty,NaN
Amazon,Global,17.9576899269512,6,1,1,6069259.89761522,15052218.1023848,-8982958.20476956,-26.825771150499,0,Empty,NaN
Amazon,Global,18.0798510829168,6,1,1,6007899.02086003,15113578.97914,-9105679.95827994,-27.192254618396,0,Empty,NaN
Amazon,Global,18.2020122388825,6,1,1,5946538.14410484,15174939.8558952,-9228401.71179032,-27.558738086293,0,Empty,NaN
Amazon,Global,18.3241733948481,6,1,1,5885177.26734965,15236300.7326504,-9351123.4653007,-27.9252215541899,0,Empty,NaN
Amazon,Global,18.4463345508138,6,1,1,5823816.39059446,15297661.6094055,-9473845.21881108,-28.2917050220869,0,Empty,NaN
Amazon,Global,18.5684957067794,6,1,1,5762455.51383927,15359022.4861607,-9596566.97232147,-28.6581884899839,0,Empty,NaN
Amazon,Global,18.6906568627451,6,1,1,5701094.63708408,15420383.3629159,-9719288.72583184,-29.0246719578808,0,Empty,NaN
Amazon,Global,18.8128180187107,6,1,1,5639733.76032889,15481744.2396711,-9842010.47934222,-29.3911554257778,0,Empty,NaN
Amazon,Global,18.9349791746764,6,1,1,5578372.8835737,15543105.1164263,-9964732.23285261,-29.7576388936748,0,Empty,NaN
Amazon,Global,19.0571403306421,6,1,1,5517012.00681851,15604465.9931815,-10087453.986363,-30.1241223615717,0,Empty,NaN
Amazon,Global,19.1793014866077,6,1,1,5455651.13006332,15665826.8699367,-10210175.7398734,-30.4906058294687,0,Empty,NaN
Amazon,Global,19.3014626425734,6,1,1,5394290.25330813,15727187.7466919,-10332897.4933837,-30.8570892973656,0,Empty,NaN
Amazon,Global,19.423623798539,6,1,1,5332929.37655294,15788548.6234471,-10455619.2468941,-31.2235727652626,0,Empty,NaN
Amazon,Global,19.5457849545047,6,1,1,5271568.49979775,15849909.5002023,-10578341.0004045,-31.5900562331596,0,Empty,NaN
Amazon,Global,19.6679461104703,6,1,1,5210207.62304256,15911270.3769574,-10701062.7539149,-31.9565397010565,0,Empty,NaN
Amazon,Global,19.790107266436,6,1,1,5148846.74628736,15972631.2537126,-10823784.5074253,-32.3230231689535,0,Empty,NaN
Amazon,Global,19.9122684224016,6,1,1,5087485.86953218,16033992.1304678,-10946506.2609356,-32.6895066368504,0,Empty,NaN
Amazon,Global,20.0344295783673,6,1,1,5026124.99277698,16095353.007223,-11069228.014446,-33.0559901047474,0,Empty,NaN
Amazon,Global,20.1213626059688,6,1,1,4982459.01114437,16139018.9888556,-11156559.9777113,-33.3167891875521,0,Empty,NaN
Amazon,Global,20.1215638216071,6,1,1,4982357.94163598,16139120.058364,-11156762.116728,-33.3173928344667,0,Empty,NaN
Amazon,Global,20.1217650372453,6,1,1,4982256.87212759,16139221.1278724,-11156964.2557448,-33.3179964813814,0,Empty,NaN
Amazon,Global,20.1565907343329,6,1,1,4964764.11602179,16156713.8839782,-11191949.7679564,-33.4224735726444,0,Empty,NaN
Amazon,Global,20.2787518902986,6,1,1,4903403.2392666,16218074.7607334,-11314671.5214668,-33.7889570405413,0,Empty,NaN
Amazon,Global,20.4009130462643,6,1,1,4842042.36251141,16279435.6374886,-11437393.2749772,-34.1554405084383,0,Empty,NaN
Amazon,Global,20.5230742022299,6,1,1,4780681.48575622,16340796.5142438,-11560115.0284876,-34.5219239763353,0,Empty,NaN
Amazon,Global,20.6452353581956,6,1,1,4719320.60900103,16402157.390999,-11682836.7819979,-34.8884074442322,0,Empty,NaN
Amazon,Global,20.6896946188367,6,1,1,4696988.96690694,16424489.0330931,-11727500.0661861,-35.0217852261555,0,Empty,NaN
Amazon,Global,20.6899015178518,6,1,1,4696885.04266956,16424592.9573304,-11727707.9146609,-35.022405923201,0,Empty,NaN
Amazon,Global,20.690108416867,6,1,1,4696781.11843218,16424696.8815678,-11727915.7631356,-35.0230266202466,0,Empty,NaN
Amazon,Global,20.7673965141612,6,1,1,4657959.73224584,16463518.2677542,-11805558.5355083,-35.2548909121292,0,Empty,NaN
Amazon,Global,20.8798376472217,6,1,1,4601481.16953578,16519996.8304642,-11918515.6609284,-35.5922143113107,0,Empty,NaN
Amazon,Global,20.8800464476862,6,1,1,4601376.29021087,16520101.7097891,-11918725.4195783,-35.5928407127042,0,Empty,NaN
Amazon,Global,20.8802552481507,6,1,1,4601271.41088597,16520206.589114,-11918935.1782281,-35.5934671140976,0,Empty,NaN
Amazon,Global,20.8895576701269,6,1,1,4596598.85549065,16524879.1445093,-11928280.2890187,-35.6213743800261,0,Empty,NaN
Amazon,Global,21.0117188260925,6,1,1,4535237.97873546,16586240.0212645,-12051002.0425291,-35.9878578479231,0,Empty,NaN
Amazon,Global,21.0520024133134,6,1,1,4515003.75443415,16606474.2455659,-12091470.4911317,-36.1087086095857,0,Empty,NaN
Amazon,Global,21.0522129354428,6,1,1,4514898.01032644,16606579.9896736,-12091681.9793471,-36.1093401759738,0,Empty,NaN
Amazon,Global,21.0524234575721,6,1,1,4514792.26621874,16606685.7337813,-12091893.4675625,-36.1099717423619,0,Empty,NaN
Amazon,Global,21.1338799820582,6,1,1,4473877.10198027,16647600.8980197,-12173723.7960395,-36.3543413158201,0,Empty,NaN
Amazon,Global,21.2560411380238,6,1,1,4412516.22522508,16708961.7747749,-12296445.5495498,-36.720824783717,0,Empty,NaN
Amazon,Global,21.3782022939895,6,1,1,4351155.34846989,16770322.6515301,-12419167.3030602,-37.087308251614,0,Empty,NaN
Amazon,Global,21.5003634499551,6,1,1,4289794.4717147,16831683.5282853,-12541889.0565706,-37.453791719511,0,Empty,NaN
Amazon,Global,21.6225246059208,6,1,1,4228433.59495951,16893044.4050405,-12664610.810081,-37.8202751874079,0,Empty,NaN
Amazon,Global,21.7446857618864,6,1,1,4167072.71820432,16954405.2817957,-12787332.5635914,-38.1867586553049,0,Empty,NaN
Amazon,Global,21.7770073334775,6,1,1,4150837.77056277,16970640.2294372,-12819802.4588745,-38.2837233700781,0,Empty,NaN
Amazon,Global,21.7772251057286,6,1,1,4150728.38475882,16970749.6152412,-12820021.2304824,-38.2843766868312,0,Empty,NaN
Amazon,Global,21.7774428779796,6,1,1,4150618.99895485,16970859.0010451,-12820240.0020903,-38.2850300035844,0,Empty,NaN
Amazon,Global,21.8668469178521,6,1,1,4105711.84144913,17015766.1585509,-12910054.3171017,-38.5532421232018,0,Empty,NaN
Amazon,Global,21.8755242798154,6,1,1,4101353.25026048,17020124.7497395,-12918771.499479,-38.5792742090916,0,Empty,NaN
Amazon,Global,21.8757430372457,6,1,1,4101243.36960637,17020234.6303936,-12918991.2607873,-38.5799304813827,0,Empty,NaN
Amazon,Global,21.8759617946761,6,1,1,4101133.48895226,17020344.5110477,-12919211.0220955,-38.5805867536738,0,Empty,NaN
Amazon,Global,21.9890080738178,6,1,1,4044350.96469394,17077127.0353061,-13032776.0706121,-38.9197255910988,0,Empty,NaN
Amazon,Global,22.1111692297834,6,1,1,3982990.08793875,17138487.9120612,-13155497.8241225,-39.2862090589958,0,Empty,NaN
Amazon,Global,22.12565962819,6,1,1,3975711.6405163,17145766.3594837,-13170054.7189674,-39.3296802542156,0,Empty,NaN
Amazon,Global,22.1258808869989,6,1,1,3975600.50343352,17145877.4965665,-13170276.993133,-39.3303440306422,0,Empty,NaN
Amazon,Global,22.1261021458078,6,1,1,3975489.36635075,17145988.6336492,-13170499.2672985,-39.3310078070689,0,Empty,NaN
Amazon,Global,22.1798960696365,6,1,1,3948468.97427814,17173009.0257219,-13224540.0514437,-39.4923895785552,0,Empty,NaN
Amazon,Global,22.1801178708152,6,1,1,3948357.56476598,17173120.435234,-13224762.870468,-39.4930549820913,0,Empty,NaN
Amazon,Global,22.180339671994,6,1,1,3948246.15525383,17173231.8447462,-13224985.6894923,-39.4937203856274,0,Empty,NaN
Amazon,Global,22.2185527961804,6,1,1,3929051.91314714,17192426.0868529,-13263374.1737057,-39.6083597581868,0,Empty,NaN
Amazon,Global,22.2187749839303,6,1,1,3928940.30946243,17192537.6905376,-13263597.3810751,-39.6090263214363,0,Empty,NaN
Amazon,Global,22.2189971716801,6,1,1,3928828.70577772,17192649.2942223,-13263820.5884446,-39.6096928846858,0,Empty,NaN
Amazon,Global,22.2333303857491,6,1,1,3921629.21118356,17199848.7888164,-13278219.5776329,-39.6526925268927,0,Empty,NaN
Amazon,Global,22.3217213074044,6,1,1,3877230.93738615,17244247.0626139,-13367016.1252277,-39.9178652918588,0,Empty,NaN
Amazon,Global,22.3219445268497,6,1,1,3877118.81548649,17244359.1845135,-13367240.369027,-39.9185349501946,0,Empty,NaN
Amazon,Global,22.322167746295,6,1,1,3877006.69358684,17244471.3064132,-13367464.6128263,-39.9192046085304,0,Empty,NaN
Amazon,Global,22.3554915417147,6,1,1,3860268.33442837,17261209.6655716,-13400941.3311433,-40.0191759947897,0,Empty,NaN
Amazon,Global,22.3684378673094,6,1,1,3853765.46628698,17267712.533713,-13413947.067426,-40.0580149715736,0,Empty,NaN
Amazon,Global,22.3686615539249,6,1,1,3853653.10973027,17267824.8902697,-13414171.7805395,-40.0586860314202,0,Empty,NaN
Amazon,Global,22.3688852405404,6,1,1,3853540.75317356,17267937.2468264,-13414396.4936529,-40.0593570912668,0,Empty,NaN
Amazon,Global,22.4191453663004,6,1,1,3828295.36843503,17293182.631565,-13464887.2631299,-40.2101374685466,0,Empty,NaN
Amazon,Global,22.419369559996,6,1,1,3828182.7571748,17293295.2428252,-13465112.4856504,-40.2108100496334,0,Empty,NaN
Amazon,Global,22.4195937536916,6,1,1,3828070.14591456,17293407.8540854,-13465337.7081709,-40.2114826307202,0,Empty,NaN
Amazon,Global,22.4288204668742,6,1,1,3823435.61862986,17298042.3813701,-13474606.7627403,-40.2391627702681,0,Empty,NaN
Amazon,Global,22.4290447573218,6,1,1,3823322.95877164,17298155.0412284,-13474832.0824567,-40.2398356416108,0,Empty,NaN
Amazon,Global,22.4292690477693,6,1,1,3823210.29891342,17298267.7010866,-13475057.4021732,-40.2405085129535,0,Empty,NaN
Amazon,Global,22.4488217345291,6,1,1,3813389.09189375,17308088.9081062,-13494699.8162125,-40.2991665732329,0,Empty,NaN
Amazon,Global,22.4490462249914,6,1,1,3813276.33156926,17308201.6684307,-13494925.3368615,-40.2998400446197,0,Empty,NaN
Amazon,Global,22.4492707154536,6,1,1,3813163.57124477,17308314.4287552,-13495150.8575105,-40.3005135160064,0,Empty,NaN
Amazon,Global,22.4606622411981,6,1,1,3807441.67051674,17314036.3294833,-13506594.6589665,-40.3346880932397,0,Empty,NaN
Amazon,Global,22.4608868500666,6,1,1,3807328.85071744,17314149.1492826,-13506820.2985651,-40.3353619198452,0,Empty,NaN
Amazon,Global,22.4611114589351,6,1,1,3807216.03091814,17314261.9690819,-13507045.9381637,-40.3360357464507,0,Empty,NaN
Amazon,Global,22.476403525121,6,1,1,3799534.9101793,17321943.0898207,-13522408.1796414,-40.3819119450086,0,Empty,NaN
Amazon,Global,22.4766282914039,6,1,1,3799422.01131161,17322055.9886884,-13522633.9773768,-40.3825862438573,0,Empty,NaN
Amazon,Global,22.4768530576868,6,1,1,3799309.11244391,17322168.8875561,-13522859.7751122,-40.383260542706,0,Empty,NaN
Amazon,Global,22.4776526976804,6,1,1,3798907.45767318,17322570.5423268,-13523663.0846536,-40.3856594626867,0,Empty,NaN
Amazon,Global,22.4846540249062,6,1,1,3795390.72951492,17326087.2704851,-13530696.5409702,-40.4066634443643,0,Empty,NaN
Amazon,Global,22.484878873695,6,1,1,3795277.78920501,17326200.210795,-13530922.42159,-40.4073379907305,0,Empty,NaN
Amazon,Global,22.4851037224837,6,1,1,3795164.8488951,17326313.1511049,-13531148.3022098,-40.4080125370967,0,Empty,NaN
Amazon,Global,22.4889940180294,6,1,1,3793210.77483915,17328267.2251609,-13535056.4503217,-40.4196834237336,0,Empty,NaN
Amazon,Global,22.4892189102185,6,1,1,3793097.81272947,17328380.1872705,-13535282.3745411,-40.4203581003009,0,Empty,NaN
Amazon,Global,22.4894438024076,6,1,1,3792984.85061979,17328493.1493802,-13535508.2987604,-40.4210327768682,0,Empty,NaN
Amazon,Global,22.5074866218246,6,1,1,3783922.04166214,17337555.9583379,-13553633.9166757,-40.4751612351192,0,Empty,NaN
Amazon,Global,22.5077116989415,6,1,1,3783808.9866642,17337669.0133358,-13553860.0266716,-40.4758364664702,0,Empty,NaN
Amazon,Global,22.5079367760585,6,1,1,3783695.93166626,17337782.0683337,-13554086.1366675,-40.4765116978212,0,Empty,NaN
Amazon,Global,22.5147589765775,6,1,1,3780269.17786766,17341208.8221323,-13560939.6442647,-40.4969782993782,0,Empty,NaN
Amazon,Global,22.5149841264188,6,1,1,3780156.08634072,17341321.9136593,-13561165.8273186,-40.497653748902,0,Empty,NaN
Amazon,Global,22.5152092762601,6,1,1,3780042.99481378,17341435.0051862,-13561392.0103724,-40.4983291984258,0,Empty,NaN
Amazon,Global,22.5162694816351,6,1,1,3779510.45948504,17341967.540515,-13562457.0810299,-40.5015098145508,0,Empty,NaN
Amazon,Global,22.5164946465816,6,1,1,3779397.36037083,17342080.6396292,-13562683.2792583,-40.5021853093902,0,Empty,NaN
Amazon,Global,22.516719811528,6,1,1,3779284.26125663,17342193.7387434,-13562909.4774867,-40.5028608042296,0,Empty,NaN
Amazon,Global,22.5224302014582,6,1,1,3776415.96380183,17345062.0361982,-13568646.0723963,-40.5199919740202,0,Empty,NaN
Amazon,Global,22.5226554280125,6,1,1,3776302.83374236,17345175.1662576,-13568872.3325153,-40.5206676536831,0,Empty,NaN
Amazon,Global,22.5228806545668,6,1,1,3776189.70368289,17345288.2963171,-13569098.5926342,-40.5213433333459,0,Empty,NaN
Amazon,Global,22.5390004159002,6,1,1,3768092.83622383,17353385.1637762,-13585292.3275523,-40.569702617346,0,Empty,NaN
Amazon,Global,22.5392258081582,6,1,1,3767979.62293226,17353498.3770677,-13585518.7541355,-40.5703787941202,0,Empty,NaN
Amazon,Global,22.5394512004163,6,1,1,3767866.40964068,17353611.5903593,-13585745.1807186,-40.5710549708945,0,Empty,NaN
Amazon,Global,22.5456183821257,6,1,1,3764768.66818757,17356709.3318124,-13591940.6636249,-40.5895565160226,0,Empty,NaN
Amazon,Global,22.5457949373102,6,1,1,3764679.98548943,17356798.0145106,-13592118.0290211,-40.5900861815762,0,Empty,NaN
Amazon,Global,22.5458438405641,6,1,1,3764655.42165398,17356822.578346,-13592167.156692,-40.5902328913378,0,Empty,NaN
Amazon,Global,22.5460203975142,6,1,1,3764566.738069,17356911.261931,-13592344.523862,-40.5907625621881,0,Empty,NaN
Amazon,Global,22.5460692990025,6,1,1,3764542.17512039,17356935.8248796,-13592393.6497592,-40.590909266653,0,Empty,NaN
Amazon,Global,22.5462458577182,6,1,1,3764453.49064858,17357024.5093514,-13592571.0187028,-40.5914389428,0,Empty,NaN
Amazon,Global,22.5555943187716,6,1,1,3759757.81007796,17361720.189922,-13601962.3798441,-40.6194843259604,0,Empty,NaN
Amazon,Global,22.5558198769704,6,1,1,3759644.51343529,17361833.4865647,-13602188.9731294,-40.6201610005567,0,Empty,NaN
Amazon,Global,22.5560454351692,6,1,1,3759531.21679261,17361946.7832074,-13602415.5664148,-40.620837675153,0,Empty,NaN
Amazon,Global,22.599813853646,6,1,1,3737546.58091799,17383931.419082,-13646384.838164,-40.7521429305836,0,Empty,NaN
Amazon,Global,22.605988874742,6,1,1,3734444.90178409,17387033.0982159,-13652588.1964318,-40.7706679938716,0,Empty,NaN
Amazon,Global,22.6062149368914,6,1,1,3734331.35200981,17387146.6479902,-13652815.2959804,-40.7713461803197,0,Empty,NaN
Amazon,Global,22.6064409990407,6,1,1,3734217.80223552,17387260.1977645,-13653042.395529,-40.7720243667678,0,Empty,NaN
Amazon,Global,22.6247993628886,6,1,1,3724996.49704575,17396481.5029542,-13671485.0059085,-40.8270994583113,0,Empty,NaN
Amazon,Global,22.6250256131447,6,1,1,3724882.85278647,17396595.1472135,-13671712.2944271,-40.8277782090797,0,Empty,NaN
Amazon,Global,22.6252518634009,6,1,1,3724769.20852719,17396708.7914728,-13671939.5829456,-40.8284569598481,0,Empty,NaN
Amazon,Global,22.6305994859767,6,1,1,3722083.12711927,17399394.8728807,-13677311.7457615,-40.8444998275756,0,Empty,NaN
Amazon,Global,22.6308257942346,6,1,1,3721969.453726,17399508.546274,-13677539.092548,-40.8451787523494,0,Empty,NaN
Amazon,Global,22.6310521024926,6,1,1,3721855.78033273,17399622.2196673,-13677766.4393345,-40.8458576771233,0,Empty,NaN
Amazon,Global,22.6781381463464,6,1,1,3698204.71947821,17423273.2805218,-13725068.5610436,-40.9871158086847,0,Empty,NaN
Amazon,Global,22.6783649299957,6,1,1,3698090.80729848,17423387.1927015,-13725296.385403,-40.9877961596326,0,Empty,NaN
Amazon,Global,22.678591713645,6,1,1,3697976.89511875,17423501.1048813,-13725524.2097625,-40.9884765105805,0,Empty,NaN
Amazon,Global,22.7084022025227,6,1,1,3683003.25051313,17438474.7494869,-13755471.4989737,-41.0779079772138,0,Empty,NaN
Amazon,Global,22.7086292888156,6,1,1,3682889.18631719,17438588.8136828,-13755699.6273656,-41.0785892360924,0,Empty,NaN
Amazon,Global,22.7088563751085,6,1,1,3682775.12212125,17438702.8778788,-13755927.7557575,-41.0792704949711,0,Empty,NaN
Amazon,Global,22.7219750096117,6,1,1,3676185.7041628,17445292.2958372,-13769106.5916744,-41.1186263984806,0,Empty,NaN
Amazon,Global,22.7800487569052,6,1,1,3647015.58030288,17474462.4196971,-13827446.8393942,-41.2928476403611,0,Empty,NaN
Amazon,Global,22.7802765596708,6,1,1,3646901.15622663,17474576.8437734,-13827675.6875467,-41.2935310486579,0,Empty,NaN
Amazon,Global,22.7805043624364,6,1,1,3646786.73215039,17474691.2678496,-13827904.5356992,-41.2942144569547,0,Empty,NaN
Amazon,Global,22.8441361655773,6,1,1,3614824.82740761,17506653.1725924,-13891828.3451848,-41.4851098663776,0,Empty,NaN
Amazon,Global,22.966297321543,6,1,1,3553463.95065242,17568014.0493476,-14014550.0986952,-41.8515933342745,0,Empty,NaN
Amazon,Global,23.0305854551775,6,1,1,3521172.37471254,17600305.6252875,-14079133.2505749,-42.044457735178,0,Empty,NaN
Amazon,Global,23.0308157633351,6,1,1,3521056.69219166,17600421.3078083,-14079364.6156167,-42.0451486596509,0,Empty,NaN
Amazon,Global,23.0310460714928,6,1,1,3520941.00967077,17600536.9903292,-14079595.9806585,-42.0458395841238,0,Empty,NaN
Amazon,Global,23.0884584775086,6,1,1,3492103.07389723,17629374.9261028,-14137271.8522055,-42.2180768021715,0,Empty,NaN
Amazon,Global,23.2106196334743,6,1,1,3430742.19714204,17690735.802858,-14259993.6057159,-42.5845602700684,0,Empty,NaN
Amazon,Global,23.33278078944,6,1,1,3369381.32038685,17752096.6796132,-14382715.3592263,-42.9510437379654,0,Empty,NaN
Amazon,Global,23.4549419454056,6,1,1,3308020.44363166,17813457.5563683,-14505437.1127367,-43.3175272058624,0,Empty,NaN
Amazon,Global,23.5771031013713,6,1,1,3246659.56687647,17874818.4331235,-14628158.8662471,-43.6840106737593,0,Empty,NaN
Amazon,Global,23.6992642573369,6,1,1,3185298.69012127,17936179.3098787,-14750880.6197575,-44.0504941416563,0,Empty,NaN
Amazon,Global,23.8214254133026,6,1,1,3123937.81336609,17997540.1866339,-14873602.3732678,-44.4169776095532,0,Empty,NaN
Amazon,Global,23.9435865692682,6,1,1,3062576.9366109,18058901.0633891,-14996324.1267782,-44.7834610774502,0,Empty,NaN
Amazon,Global,24.0657477252339,6,1,1,3001216.05985571,18120261.9401443,-15119045.8802886,-45.1499445453472,0,Empty,NaN
Amazon,Global,24.1879088811995,6,1,1,2939855.18310051,18181622.8168995,-15241767.633799,-45.5164280132441,0,Empty,NaN
Amazon,Global,24.3068498419091,6,1,1,2880111.79271136,18241366.2072886,-15361254.4145773,-45.8732508953729,0,Empty,NaN
Amazon,Global,24.3070929128383,6,1,1,2879989.69952055,18241488.3004794,-15361498.6009589,-45.8739801081603,0,Empty,NaN
Amazon,Global,24.3073359837674,6,1,1,2879867.60632974,18241610.3936703,-15361742.7873405,-45.8747093209477,0,Empty,NaN
Amazon,Global,24.3100700371652,6,1,1,2878494.30634532,18242983.6936547,-15364489.3873094,-45.8829114811411,0,Empty,NaN
Amazon,Global,24.4322311931308,6,1,1,2817133.42959014,18304344.5704099,-15487211.1408197,-46.249394949038,0,Empty,NaN
Amazon,Global,24.5543923490965,6,1,1,2755772.55283494,18365705.4471651,-15609932.8943301,-46.615878416935,0,Empty,NaN
Amazon,Global,24.6765535050621,6,1,1,2694411.67607975,18427066.3239202,-15732654.6478405,-46.982361884832,0,Empty,NaN
Amazon,Global,24.7987146610278,6,1,1,2633050.79932456,18488427.2006754,-15855376.4013509,-47.348845352729,0,Empty,NaN
Amazon,Global,24.8973384904844,6,1,1,2583512.59221956,18537965.4077804,-15954452.8155609,-47.6447168410988,0,Empty,NaN
Amazon,Global,24.8975874663591,6,1,1,2583387.53300709,18538090.4669929,-15954702.9339858,-47.6454637687228,0,Empty,NaN
Amazon,Global,24.8978364422337,6,1,1,2583262.47379461,18538215.5262054,-15954953.0524108,-47.6462106963468,0,Empty,NaN
Amazon,Global,24.9208758169935,6,1,1,2571689.92256937,18549788.0774306,-15978098.1548613,-47.7153288206259,0,Empty,NaN
Amazon,Global,25.0430369729591,6,1,1,2510329.04581418,18611148.9541858,-16100819.9083716,-48.0818122885229,0,Empty,NaN
Amazon,Global,25.1279926621972,6,1,1,2467656.27036617,18653821.7296338,-16186165.4592677,-48.3366793562372,0,Empty,NaN
Amazon,Global,25.1282439446367,6,1,1,2467530.05257889,18653947.9474211,-16186417.8948422,-48.3374332035555,0,Empty,NaN
Amazon,Global,25.1284952270761,6,1,1,2467403.83479161,18654074.1652084,-16186670.3304168,-48.3381870508739,0,Empty,NaN
Amazon,Global,25.1651981289248,6,1,1,2448968.16905899,18672509.830941,-16223541.661882,-48.4482957564198,0,Empty,NaN
Amazon,Global,25.2873592848904,6,1,1,2387607.2923038,18733870.7076962,-16346263.4153924,-48.8147792243168,0,Empty,NaN
Amazon,Global,25.4095204408561,6,1,1,2326246.41554861,18795231.5844514,-16468985.1689028,-49.1812626922138,0,Empty,NaN
Amazon,Global,25.5316815968217,6,1,1,2264885.53879342,18856592.4612066,-16591706.9224132,-49.5477461601107,0,Empty,NaN
Amazon,Global,25.6538427527874,6,1,1,2203524.66203823,18917953.3379618,-16714428.6759235,-49.9142296280077,0,Empty,NaN
Amazon,Global,25.776003908753,6,1,1,2142163.78528304,18979314.214717,-16837150.4294339,-50.2807130959047,0,Empty,NaN
Amazon,Global,25.8981650647187,6,1,1,2080802.90852785,19040675.0914721,-16959872.1829443,-50.6471965638016,0,Empty,NaN
Amazon,Global,26.0172008518259,6,1,1,2021011.88736071,19100466.1126393,-17079454.2252786,-51.0043039251233,0,Empty,NaN
Amazon,Global,26.0174610264362,6,1,1,2020881.20308494,19100596.7969151,-17079715.5938301,-51.0050844489541,0,Empty,NaN
Amazon,Global,26.0177212010465,6,1,1,2020750.51880916,19100727.4811908,-17079976.9623817,-51.0058649727849,0,Empty,NaN
Amazon,Global,26.0203262206843,6,1,1,2019442.03177266,19102035.9682273,-17082593.9364547,-51.0136800316986,0,Empty,NaN
Amazon,Global,26.14248737665,6,1,1,1958081.15501747,19163396.8449825,-17205315.6899651,-51.3801634995955,0,Empty,NaN
Amazon,Global,26.2646485326157,6,1,1,1896720.27826228,19224757.7217377,-17328037.4434754,-51.7466469674925,0,Empty,NaN
Amazon,Global,26.3868096885813,6,1,1,1835359.40150709,19286118.5984929,-17450759.1969858,-52.1131304353895,0,Empty,NaN
Amazon,Global,26.508970844547,6,1,1,1773998.5247519,19347479.4752481,-17573480.9504962,-52.4796139032864,0,Empty,NaN
Amazon,Global,26.6311320005126,6,1,1,1712637.64799671,19408840.3520033,-17696202.7040066,-52.8460973711834,0,Empty,NaN
Amazon,Global,26.7532931564783,6,1,1,1651276.77124152,19470201.2287585,-17818924.457517,-53.2125808390804,0,Empty,NaN
Amazon,Global,26.8754543124439,6,1,1,1589915.89448633,19531562.1055137,-17941646.2110273,-53.5790643069773,0,Empty,NaN
Amazon,Global,26.9976154684096,6,1,1,1528555.01773114,19592922.9822689,-18064367.9645377,-53.9455477748743,0,Empty,NaN
Amazon,Global,27.1197766243752,6,1,1,1467194.14097595,19654283.8590241,-18187089.7180481,-54.3120312427712,0,Empty,NaN
Amazon,Global,27.2419377803409,6,1,1,1405833.26422076,19715644.7357792,-18309811.4715585,-54.6785147106682,0,Empty,NaN
Amazon,Global,27.3640989363065,6,1,1,1344472.38746556,19777005.6125344,-18432533.2250689,-55.0449981785652,0,Empty,NaN
Amazon,Global,27.4862600922722,6,1,1,1283111.51071038,19838366.4892896,-18555254.9785792,-55.4114816464621,0,Empty,NaN
Amazon,Global,27.6084212482379,6,1,1,1221750.63395518,19899727.3660448,-18677976.7320896,-55.7779651143591,0,Empty,NaN
Amazon,Global,27.7305824042035,6,1,1,1160389.7572,19961088.2428,-18800698.4856,-56.1444485822561,0,Empty,NaN
Amazon,Global,27.8527435601692,6,1,1,1099028.88044481,20022449.1195552,-18923420.2391104,-56.510932050153,0,Empty,NaN
Amazon,Global,27.9749047161348,6,1,1,1037668.00368962,20083809.9963104,-19046141.9926208,-56.87741551805,0,Empty,NaN
Amazon,Global,28.0970658721005,6,1,1,976307.126934426,20145170.8730656,-19168863.7461311,-57.2438989859469,0,Empty,NaN
Amazon,Global,28.2192270280661,6,1,1,914946.250179237,20206531.7498208,-19291585.4996415,-57.6103824538439,0,Empty,NaN
Amazon,Global,28.3413881840318,6,1,1,853585.373424044,20267892.626576,-19414307.2531519,-57.9768659217409,0,Empty,NaN
Amazon,Global,28.4635493399974,6,1,1,792224.496668853,20329253.5033311,-19537029.0066623,-58.3433493896378,0,Empty,NaN
Amazon,Global,28.5857104959631,6,1,1,730863.619913664,20390614.3800863,-19659750.7601727,-58.7098328575348,0,Empty,NaN
Amazon,Global,28.7078716519287,6,1,1,669502.743158475,20451975.2568415,-19782472.5136831,-59.0763163254317,0,Empty,NaN
Amazon,Global,28.8300328078944,6,1,1,608141.866403284,20513336.1335967,-19905194.2671934,-59.4427997933287,0,Empty,NaN
Amazon,Global,28.95219396386,6,1,1,546780.989648094,20574697.0103519,-20027916.0207038,-59.8092832612257,0,Empty,NaN
Amazon,Global,29.0743551198257,6,1,1,485420.112892903,20636057.8871071,-20150637.7742142,-60.1757667291226,0,Empty,NaN
Amazon,Global,29.1965162757914,6,1,1,424059.236137712,20697418.7638623,-20273359.5277246,-60.5422501970196,0,Empty,NaN
Amazon,Global,29.318677431757,6,1,1,362698.359382521,20758779.6406175,-20396081.281235,-60.9087336649166,0,Empty,NaN
Amazon,Global,29.4408385877227,6,1,1,301337.48262733,20820140.5173727,-20518803.0347453,-61.2752171328135,0,Empty,NaN
Amazon,Global,29.5629997436883,6,1,1,239976.605872141,20881501.3941279,-20641524.7882557,-61.6417006007105,0,Empty,NaN
Amazon,Global,29.685160899654,6,1,1,178615.72911695,20942862.270883,-20764246.5417661,-62.0081840686075,0,Empty,NaN
Amazon,Global,29.8073220556196,6,1,1,117254.852361761,21004223.1476382,-20886968.2952765,-62.3746675365044,0,Empty,NaN
Amazon,Global,29.9294832115853,6,1,1,55893.9756065719,21065584.0243934,-21009690.0487869,-62.7411510044014,0,Empty,NaN
Amazon,Global,30.0516443675509,6,1,1,-5466.90114862099,21126944.9011486,-21132411.8022972,-63.1076344722984,0,Empty,NaN
Amazon,Global,30.1738055235166,6,1,1,-66827.777903812,21188305.7779038,-21255133.5558076,-63.4741179401953,0,Empty,NaN
Amazon,Global,30.2959666794822,6,1,1,-128188.654659001,21249666.654659,-21377855.309318,-63.8406014080923,0,Empty,NaN
Amazon,Global,30.4181278354479,6,1,1,-189549.53141419,21311027.5314142,-21500577.0628284,-64.2070848759892,0,Empty,NaN
Amazon,Global,30.5402889914136,6,1,1,-250910.408169381,21372388.4081694,-21623298.8163388,-64.5735683438862,0,Empty,NaN
Amazon,Global,30.6624501473792,6,1,1,-312271.28492457,21433749.2849246,-21746020.5698491,-64.9400518117831,0,Empty,NaN
Amazon,Global,30.7846113033449,6,1,1,-373632.16167976,21495110.1616798,-21868742.3233595,-65.3065352796801,0,Empty,NaN
Amazon,Global,30.9067724593105,6,1,1,-434993.038434952,21556471.038435,-21991464.0768699,-65.6730187475771,0,Empty,NaN
Amazon,Global,31.0289336152762,6,1,1,-496353.915190144,21617831.9151901,-22114185.8303803,-66.039502215474,0,Empty,NaN
Amazon,Global,31.1510947712418,6,1,1,-557714.791945333,21679192.7919453,-22236907.5838907,-66.405985683371,0,Empty,NaN
Amazon,Global,31.2732559272075,6,1,1,-619075.668700522,21740553.6687005,-22359629.337401,-66.772469151268,0,Empty,NaN
Amazon,Global,31.3954170831731,6,1,1,-680436.545455713,21801914.5454557,-22482351.0909114,-67.1389526191649,0,Empty,NaN
Amazon,Global,31.5175782391388,6,1,1,-741797.422210904,21863275.4222109,-22605072.8444218,-67.5054360870619,0,Empty,NaN
Amazon,Global,31.6397393951044,6,1,1,-803158.298966093,21924636.2989661,-22727794.5979322,-67.8719195549589,0,Empty,NaN
Amazon,Global,31.7619005510701,6,1,1,-864519.175721284,21985997.1757213,-22850516.3514426,-68.2384030228558,0,Empty,NaN
Amazon,Global,31.8678089619377,6,1,1,-917716.388003828,22039194.3880038,-22956910.7760077,-68.5561282554587,0,Empty,NaN
Amazon,Global,31.8681276432141,6,1,1,-917876.459856234,22039354.4598562,-22957230.9197125,-68.557084299288,0,Empty,NaN
Amazon,Global,31.8684463244906,6,1,1,-918036.531708639,22039514.5317086,-22957551.0634173,-68.5580403431173,0,Empty,NaN
Amazon,Global,31.8840617070358,6,1,1,-925880.052476477,22047358.0524765,-22973238.104953,-68.6048864907528,0,Empty,NaN
Amazon,Global,32.0062228630014,6,1,1,-987240.929231666,22108718.9292317,-23095959.8584633,-68.9713699586497,0,Empty,NaN
Amazon,Global,32.1283840189671,6,1,1,-1048601.80598685,22170079.8059869,-23218681.6119737,-69.3378534265467,0,Empty,NaN
Amazon,Global,32.2505451749327,6,1,1,-1109962.68274205,22231440.682742,-23341403.3654841,-69.7043368944437,0,Empty,NaN
Amazon,Global,32.3727063308984,6,1,1,-1171323.55949723,22292801.5594972,-23464125.1189945,-70.0708203623406,0,Empty,NaN
Amazon,Global,32.494867486864,6,1,1,-1232684.43625242,22354162.4362524,-23586846.8725048,-70.4373038302376,0,Empty,NaN
Amazon,Global,32.6170286428297,6,1,1,-1294045.31300762,22415523.3130076,-23709568.6260152,-70.8037872981346,0,Empty,NaN
Amazon,Global,32.7391897987953,6,1,1,-1355406.18976281,22476884.1897628,-23832290.3795256,-71.1702707660315,0,Empty,NaN
Amazon,Global,32.861350954761,6,1,1,-1416767.066518,22538245.066518,-23955012.133036,-71.5367542339285,0,Empty,NaN
Amazon,Global,32.9835121107266,6,1,1,-1478127.94327319,22599605.9432732,-24077733.8865464,-71.9032377018254,0,Empty,NaN
Amazon,Global,33.1056732666923,6,1,1,-1539488.82002838,22660966.8200284,-24200455.6400568,-72.2697211697224,0,Empty,NaN
Amazon,Global,33.2278344226579,6,1,1,-1600849.69678357,22722327.6967836,-24323177.3935671,-72.6362046376194,0,Empty,NaN
Amazon,Global,33.3499955786236,6,1,1,-1662210.57353876,22783688.5735388,-24445899.1470775,-73.0026881055163,0,Empty,NaN
Amazon,Global,33.4721567345893,6,1,1,-1723571.45029395,22845049.450294,-24568620.9005879,-73.3691715734133,0,Empty,NaN
Amazon,Global,33.5943178905549,6,1,1,-1784932.32704914,22906410.3270491,-24691342.6540983,-73.7356550413103,0,Empty,NaN
Amazon,Global,33.7164790465206,6,1,1,-1846293.20380433,22967771.2038043,-24814064.4076087,-74.1021385092072,0,Empty,NaN
Amazon,Global,33.8386402024862,6,1,1,-1907654.08055952,23029132.0805595,-24936786.161119,-74.4686219771042,0,Empty,NaN
Amazon,Global,33.9608013584519,6,1,1,-1969014.95731471,23090492.9573147,-25059507.9146294,-74.8351054450011,0,Empty,NaN
Amazon,Global,34.0829625144175,6,1,1,-2030375.8340699,23151853.8340699,-25182229.6681398,-75.2015889128981,0,Empty,NaN
Amazon,Global,34.2051236703832,6,1,1,-2091736.71082509,23213214.7108251,-25304951.4216502,-75.5680723807951,0,Empty,NaN
Amazon,Global,34.3272848263488,6,1,1,-2153097.58758028,23274575.5875803,-25427673.1751606,-75.934555848692,0,Empty,NaN
Amazon,Global,34.4494459823145,6,1,1,-2214458.46433547,23335936.4643355,-25550394.9286709,-76.301039316589,0,Empty,NaN
Amazon,Global,34.5716071382801,6,1,1,-2275819.34109066,23397297.3410907,-25673116.6821813,-76.667522784486,0,Empty,NaN
Amazon,Global,34.6937682942458,6,1,1,-2337180.21784585,23458658.2178458,-25795838.4356917,-77.0340062523829,0,Empty,NaN
Amazon,Global,34.8159294502114,6,1,1,-2398541.09460104,23520019.094601,-25918560.1892021,-77.4004897202799,0,Empty,NaN
Amazon,Global,34.9380906061771,6,1,1,-2459901.97135623,23581379.9713562,-26041281.9427125,-77.7669731881768,0,Empty,NaN
Amazon,Global,35.0602517621428,6,1,1,-2521262.84811142,23642740.8481114,-26164003.6962228,-78.1334566560738,0,Empty,NaN
Amazon,Global,35.1824129181084,6,1,1,-2582623.72486661,23704101.7248666,-26286725.4497332,-78.4999401239708,0,Empty,NaN
Amazon,Global,35.3045740740741,6,1,1,-2643984.6016218,23765462.6016218,-26409447.2032436,-78.8664235918677,0,Empty,NaN
Amazon,Global,35.4267352300397,6,1,1,-2705345.478377,23826823.478377,-26532168.956754,-79.2329070597647,0,Empty,NaN
Amazon,Global,35.5488963860054,6,1,1,-2766706.35513218,23888184.3551322,-26654890.7102644,-79.5993905276617,0,Empty,NaN
Amazon,Global,35.671057541971,6,1,1,-2828067.23188737,23949545.2318874,-26777612.4637747,-79.9658739955586,0,Empty,NaN
Amazon,Global,35.7932186979367,6,1,1,-2889428.10864256,24010906.1086426,-26900334.2172851,-80.3323574634556,0,Empty,NaN
Amazon,Global,35.9153798539023,6,1,1,-2950788.98539776,24072266.9853978,-27023055.9707955,-80.6988409313526,0,Empty,NaN
Amazon,Global,36.037541009868,6,1,1,-3012149.86215294,24133627.8621529,-27145777.7243059,-81.0653243992495,0,Empty,NaN
Amazon,Global,36.1597021658337,6,1,1,-3073510.73890814,24194988.7389081,-27268499.4778163,-81.4318078671465,0,Empty,NaN
Amazon,Global,36.2818633217993,6,1,1,-3134871.61566332,24256349.6156633,-27391221.2313266,-81.7982913350434,0,Empty,NaN
Amazon,Global,36.404024477765,6,1,1,-3196232.49241852,24317710.4924185,-27513942.984837,-82.1647748029404,0,Empty,NaN
Amazon,Global,36.5261856337306,6,1,1,-3257593.36917371,24379071.3691737,-27636664.7383474,-82.5312582708374,0,Empty,NaN
Amazon,Global,36.6483467896963,6,1,1,-3318954.24592889,24440432.2459289,-27759386.4918578,-82.8977417387343,0,Empty,NaN
DBLP,Local,0,6,1,1,14305851.3457016,5694912.65429837,8610938.69140326,27.1569909530821,1,Nonempty,12177706.2821457
DBLP,Local,0.122161155965654,6,1,1,14282610.4301015,5718153.56989852,8564456.86020296,27.0103975659233,1,Nonempty,12111971.0460583
DBLP,Local,0.244322311931308,6,1,1,14259369.5145013,5741394.48549868,8517975.02900265,26.8638041787645,1,Nonempty,12046235.8099709
DBLP,Local,0.366483467896963,6,1,1,14236128.5989012,5764635.40109883,8471493.19780234,26.7172107916057,1,Nonempty,11980500.5738835
DBLP,Local,0.488644623862617,6,1,1,14212887.683301,5787876.31669898,8425011.36660203,26.5706174044469,1,Nonempty,11914765.3377961
DBLP,Local,0.610805779828271,6,1,1,14189646.7677009,5811117.23229914,8378529.53540172,26.4240240172881,1,Nonempty,11849030.1017087
DBLP,Local,0.732966935793925,6,1,1,14166405.8521007,5834358.14789929,8332047.70420141,26.2774306301293,1,Nonempty,11783294.8656213
DBLP,Local,0.85512809175958,6,1,1,14143164.9365006,5857599.06349945,8285565.87300111,26.1308372429706,1,Nonempty,11717559.6295338
DBLP,Local,0.977289247725234,6,1,1,14119924.0209004,5880839.9790996,8239084.0418008,25.9842438558118,1,Nonempty,11651824.3934464
DBLP,Local,1.09945040369089,6,1,1,14096683.1053002,5904080.89469976,8192602.21060049,25.837650468653,1,Nonempty,11586089.157359
DBLP,Local,1.22161155965654,6,1,1,14073442.1897001,5927321.81029991,8146120.37940018,25.6910570814942,1,Nonempty,11520353.9212716
DBLP,Local,1.3437727156222,6,1,1,14050201.2740999,5950562.72590006,8099638.54819987,25.5444636943354,1,Nonempty,11454618.6851842
DBLP,Local,1.46593387158785,6,1,1,14026960.3584998,5973803.64150022,8053156.71699956,25.3978703071766,1,Nonempty,11388883.4490968
DBLP,Local,1.5880950275535,6,1,1,14003719.4428996,5997044.55710037,8006674.88579925,25.2512769200178,1,Nonempty,11323148.2130094
DBLP,Local,1.71025618351916,6,1,1,13980478.5272995,6020285.47270053,7960193.05459895,25.104683532859,1,Nonempty,11257412.9769219
DBLP,Local,1.83241733948481,6,1,1,13957237.6116993,6043526.38830068,7913711.22339864,24.9580901457003,1,Nonempty,11191677.7408345
DBLP,Local,1.95457849545047,6,1,1,13933996.6960992,6066767.30390083,7867229.39219833,24.8114967585415,1,Nonempty,11125942.5047471
DBLP,Local,2.07673965141612,6,1,1,13910755.780499,6090008.21950099,7820747.56099802,24.6649033713827,1,Nonempty,11060207.2686597
DBLP,Local,2.19890080738178,6,1,1,13887514.8648989,6113249.13510114,7774265.72979771,24.5183099842239,1,Nonempty,10994472.0325723
DBLP,Local,2.32106196334743,6,1,1,13864273.9492987,6136490.0507013,7727783.8985974,24.3717165970651,1,Nonempty,10928736.7964849
DBLP,Local,2.44322311931308,6,1,1,13841033.0336985,6159730.96630145,7681302.0673971,24.2251232099063,1,Nonempty,10863001.5603975
DBLP,Local,2.56538427527874,6,1,1,13817792.1180984,6182971.88190161,7634820.23619679,24.0785298227475,1,Nonempty,10797266.3243101
DBLP,Local,2.68754543124439,6,1,1,13794551.2024982,6206212.79750176,7588338.40499648,23.9319364355887,1,Nonempty,10731531.0882226
DBLP,Local,2.80970658721005,6,1,1,13771310.2868981,6229453.71310191,7541856.57379617,23.78534304843,1,Nonempty,10665795.8521352
DBLP,Local,2.9318677431757,6,1,1,13748069.3712979,6252694.62870207,7495374.74259586,23.6387496612712,1,Nonempty,10600060.6160478
DBLP,Local,3.05402889914135,6,1,1,13724828.4556978,6275935.54430222,7448892.91139555,23.4921562741124,1,Nonempty,10534325.3799604
DBLP,Local,3.17619005510701,6,1,1,13701587.5400976,6299176.45990238,7402411.08019524,23.3455628869536,1,Nonempty,10468590.143873
DBLP,Local,3.29835121107266,6,1,1,13678346.6244975,6322417.37550253,7355929.24899494,23.1989694997948,1,Nonempty,10402854.9077856
DBLP,Local,3.42051236703832,6,1,1,13655105.7088973,6345658.29110269,7309447.41779463,23.052376112636,1,Nonempty,10337119.6716982
DBLP,Local,3.54267352300397,6,1,1,13631864.7932972,6368899.20670284,7262965.58659432,22.9057827254772,1,Nonempty,10271384.4356107
DBLP,Local,3.66483467896963,6,1,1,13608623.877697,6392140.12230299,7216483.75539401,22.7591893383184,1,Nonempty,10205649.1995233
DBLP,Local,3.78699583493528,6,1,1,13585382.9620969,6415381.03790315,7170001.9241937,22.6125959511597,1,Nonempty,10139913.9634359
DBLP,Local,3.90915699090093,6,1,1,13562142.0464967,6438621.9535033,7123520.09299339,22.4660025640009,1,Nonempty,10074178.7273485
DBLP,Local,4.03131814686659,6,1,1,13538901.1308965,6461862.86910346,7077038.26179309,22.3194091768421,1,Nonempty,10008443.4912611
DBLP,Local,4.15347930283224,6,1,1,13515660.2152964,6485103.78470361,7030556.43059278,22.1728157896833,1,Nonempty,9942708.25517368
DBLP,Local,4.2756404587979,6,1,1,13492419.2996962,6508344.70030377,6984074.59939247,22.0262224025245,1,Nonempty,9876973.01908627
DBLP,Local,4.39780161476355,6,1,1,13469178.3840961,6531585.61590392,6937592.76819216,21.8796290153657,1,Nonempty,9811237.78299886
DBLP,Local,4.51996277072921,6,1,1,13445937.4684959,6554826.53150407,6891110.93699185,21.7330356282069,1,Nonempty,9745502.54691144
DBLP,Local,4.64212392669486,6,1,1,13422696.5528958,6578067.44710423,6844629.10579154,21.5864422410481,1,Nonempty,9679767.31082403
DBLP,Local,4.76428508266051,6,1,1,13399455.6372956,6601308.36270438,6798147.27459124,21.4398488538894,1,Nonempty,9614032.07473662
DBLP,Local,4.88644623862617,6,1,1,13376214.7216955,6624549.27830454,6751665.44339093,21.2932554667306,1,Nonempty,9548296.8386492
DBLP,Local,5.00860739459182,6,1,1,13352973.8060953,6647790.19390469,6705183.61219062,21.1466620795718,1,Nonempty,9482561.60256179
DBLP,Local,5.13076855055748,6,1,1,13329732.8904952,6671031.10950484,6658701.78099031,21.000068692413,1,Nonempty,9416826.36647438
DBLP,Local,5.25292970652313,6,1,1,13306491.974895,6694272.025105,6612219.94979,20.8534753052542,1,Nonempty,9351091.13038697
DBLP,Local,5.37509086248879,6,1,1,13283251.0592948,6717512.94070515,6565738.11858969,20.7068819180954,1,Nonempty,9285355.89429955
DBLP,Local,5.49725201845444,6,1,1,13260010.1436947,6740753.85630531,6519256.28738938,20.5602885309366,1,Nonempty,9219620.65821214
DBLP,Local,5.61941317442009,6,1,1,13236769.2280945,6763994.77190546,6472774.45618908,20.4136951437778,1,Nonempty,9153885.42212473
DBLP,Local,5.74157433038575,6,1,1,13213528.3124944,6787235.68750562,6426292.62498877,20.267101756619,1,Nonempty,9088150.18603731
DBLP,Local,5.8637354863514,6,1,1,13190287.3968942,6810476.60310577,6379810.79378846,20.1205083694603,1,Nonempty,9022414.9499499
DBLP,Local,5.98589664231706,6,1,1,13167046.4812941,6833717.51870592,6333328.96258815,19.9739149823015,1,Nonempty,8956679.71386249
DBLP,Local,6.10805779828271,6,1,1,13143805.5656939,6856958.43430608,6286847.13138784,19.8273215951427,1,Nonempty,8890944.47777507
DBLP,Local,6.23021895424836,6,1,1,13120564.6500938,6880199.34990623,6240365.30018753,19.6807282079839,1,Nonempty,8825209.24168766
DBLP,Local,6.35238011021402,6,1,1,13097323.7344936,6903440.26550639,6193883.46898723,19.5341348208251,1,Nonempty,8759474.00560025
DBLP,Local,6.47454126617967,6,1,1,13074082.8188935,6926681.18110654,6147401.63778692,19.3875414336663,1,Nonempty,8693738.76951284
DBLP,Local,6.59670242214533,6,1,1,13050841.9032933,6949922.09670669,6100919.80658661,19.2409480465075,1,Nonempty,8628003.53342542
DBLP,Local,6.71886357811098,6,1,1,13027600.9876931,6973163.01230685,6054437.9753863,19.0943546593487,1,Nonempty,8562268.29733801
DBLP,Local,6.84102473407664,6,1,1,13004360.072093,6996403.927907,6007956.14418599,18.94776127219,1,Nonempty,8496533.0612506
DBLP,Local,6.96318589004229,6,1,1,12981119.1564928,7019644.84350716,5961474.31298568,18.8011678850312,1,Nonempty,8430797.82516318
DBLP,Local,7.08534704600794,6,1,1,12957878.2408927,7042885.75910731,5914992.48178537,18.6545744978724,1,Nonempty,8365062.58907577
DBLP,Local,7.18772786386532,6,1,1,12938400.495057,7062363.50494304,5876036.99011391,18.5317175164435,1,Nonempty,8309971.20442508
DBLP,Local,7.18779974186274,6,1,1,12938386.8204117,7062377.1795883,5876009.64082341,18.5316312628466,1,Nonempty,8309932.52668752
DBLP,Local,7.18787161986016,6,1,1,12938373.1457665,7062390.85423355,5875982.2915329,18.5315450092497,1,Nonempty,8309893.84894997
DBLP,Local,7.2075082019736,6,1,1,12934637.3252925,7066126.67470747,5868510.65058507,18.5079811107136,1,Nonempty,8299327.35298836
DBLP,Local,7.32966935793925,6,1,1,12911396.4096924,7089367.59030762,5822028.81938476,18.3613877235548,1,Nonempty,8233592.11690094
DBLP,Local,7.35246907379743,6,1,1,12907058.8093498,7093705.19065021,5813353.61869958,18.334028064525,1,Nonempty,8221323.53043566
DBLP,Local,7.35254259922343,6,1,1,12907044.8212845,7093719.17871545,5813325.64256909,18.3339398340138,1,Nonempty,8221283.9662125
DBLP,Local,7.35261612464942,6,1,1,12907030.8332193,7093733.1667807,5813297.66643861,18.3338516035026,1,Nonempty,8221244.40198934
DBLP,Local,7.45183051390491,6,1,1,12888155.4940922,7112608.50590777,5775546.98818445,18.214794336396,1,Nonempty,8167856.88081353
DBLP,Local,7.57399166987056,6,1,1,12864914.5784921,7135849.42150793,5729065.15698414,18.0682009492372,1,Nonempty,8102121.64472612
DBLP,Local,7.69615282583621,6,1,1,12841673.6628919,7159090.33710808,5682583.32578383,17.9216075620784,1,Nonempty,8036386.40863871
DBLP,Local,7.81831398180187,6,1,1,12818432.7472918,7182331.25270824,5636101.49458352,17.7750141749197,1,Nonempty,7970651.17255129
DBLP,Local,7.94047513776752,6,1,1,12795191.8316916,7205572.16830839,5589619.66338322,17.6284207877609,1,Nonempty,7904915.93646388
DBLP,Local,8.06263629373318,6,1,1,12771950.9160915,7228813.08390854,5543137.83218291,17.4818274006021,1,Nonempty,7839180.70037647
DBLP,Local,8.18479744969883,6,1,1,12748710.0004913,7252053.9995087,5496656.0009826,17.3352340134433,1,Nonempty,7773445.46428905
DBLP,Local,8.28017384837035,6,1,1,12730564.8313968,7270199.16860316,5460365.66279368,17.2207823350375,1,Nonempty,7722123.17583918
DBLP,Local,8.28025665093686,6,1,1,12730549.0783742,7270214.92162583,5460334.15674833,17.2206829719577,1,Nonempty,7722078.61956255
DBLP,Local,8.28033945350337,6,1,1,12730533.3253515,7270230.67464851,5460302.65070299,17.2205836088778,1,Nonempty,7722034.06328592
DBLP,Local,8.29078597333203,6,1,1,12728545.8958471,7272218.10415287,5456327.79169426,17.2080477850834,1,Nonempty,7716412.76376726
DBLP,Local,8.29086888202085,6,1,1,12728530.1226349,7272233.8773651,5456296.2452698,17.2079482946569,1,Nonempty,7716368.15038594
DBLP,Local,8.29095179070968,6,1,1,12728514.3494227,7272249.65057733,5456264.69884534,17.2078488042303,1,Nonempty,7716323.53700463
DBLP,Local,8.30695860566449,6,1,1,12725469.0848911,7275294.91510885,5450174.16978229,17.1886406262845,1,Nonempty,7707710.22820164
DBLP,Local,8.35488870489337,6,1,1,12716350.479373,7284413.52062695,5431936.9587461,17.1311245072098,1,Nonempty,7681918.91701439
DBLP,Local,8.35497225461592,6,1,1,12716334.5842054,7284429.41579457,5431905.16841087,17.1310242475428,1,Nonempty,7681873.95869116
DBLP,Local,8.35505580433847,6,1,1,12716318.6890378,7284445.31096218,5431873.37807564,17.1309239878757,1,Nonempty,7681829.00036792
DBLP,Local,8.42911976163014,6,1,1,12702228.169291,7298535.83070901,5403692.33858198,17.0420472391257,1,Nonempty,7641974.99211423
DBLP,Local,8.52696458000834,6,1,1,12683613.3882842,7317150.61171582,5366462.77656835,16.9246334570719,1,Nonempty,7589324.44059334
DBLP,Local,8.52704985050684,6,1,1,12683597.1657424,7317166.83425762,5366430.33148475,16.9245311324737,1,Nonempty,7589278.55631608
DBLP,Local,8.52713512100535,6,1,1,12683580.9432006,7317183.05679942,5366397.88640115,16.9244288078755,1,Nonempty,7589232.67203882
DBLP,Local,8.55128091759579,6,1,1,12678987.2536908,7321776.74630916,5357210.50738167,16.8954538519669,1,Nonempty,7576239.75602681
DBLP,Local,8.63592962901206,6,1,1,12662883.0056413,7337880.99435868,5325002.01128263,16.7938753982674,1,Nonempty,7530690.0640199
DBLP,Local,8.63601598917196,6,1,1,12662866.5757936,7337897.42420638,5324969.15158723,16.7937717660755,1,Nonempty,7530643.59339301
DBLP,Local,8.63610234933185,6,1,1,12662850.1459459,7337913.85405408,5324936.29189183,16.7936681338837,1,Nonempty,7530597.12276613
DBLP,Local,8.67344207356145,6,1,1,12655746.3380907,7345017.66190932,5310728.67618136,16.7488604648081,1,Nonempty,7510504.5199394
DBLP,Local,8.73562312488827,6,1,1,12643916.5174379,7356847.48256214,5287069.03487572,16.674243203216,1,Nonempty,7477044.73432407
DBLP,Local,8.73571048199309,6,1,1,12643899.8979234,7356864.10207662,5287035.79584676,16.6741383746902,1,Nonempty,7476997.72723852
DBLP,Local,8.73579783909791,6,1,1,12643883.2784089,7356880.7215911,5287002.55681781,16.6740335461644,1,Nonempty,7476950.72015297
DBLP,Local,8.78404674389113,6,1,1,12634704.0207698,7366059.9792302,5268644.0415396,16.6161348604125,1,Nonempty,7450987.85886151
DBLP,Local,8.78413458523698,6,1,1,12634687.3091294,7366076.69087056,5268610.61825887,16.6160294507975,1,Nonempty,7450940.59120459
DBLP,Local,8.78422242658283,6,1,1,12634670.5974891,7366093.40251093,5268577.19497814,16.6159240411825,1,Nonempty,7450893.32354768
DBLP,Local,8.7956032295271,6,1,1,12632505.4224905,7368258.57750947,5264246.84498106,16.6022670776494,1,Nonempty,7444769.28385199
DBLP,Local,8.89258698336861,6,1,1,12614054.4572897,7386709.54271031,5227344.91457938,16.4858865730395,1,Nonempty,7392582.07340018
DBLP,Local,8.89267591012771,6,1,1,12614037.5391516,7386726.46084838,5227311.07830325,16.4857798609286,1,Nonempty,7392534.22167958
DBLP,Local,8.89276483688682,6,1,1,12614020.6210136,7386743.37898644,5227277.24202712,16.4856731488177,1,Nonempty,7392486.36995897
DBLP,Local,8.90728441998734,6,1,1,12611258.2993678,7389505.70063215,5221752.5987357,16.4682496490971,1,Nonempty,7384673.34448898
DBLP,Local,8.90737349372227,6,1,1,12611241.3532679,7389522.64673207,5221718.70653585,16.4681427606151,1,Nonempty,7384625.41368029
DBLP,Local,8.90746256745721,6,1,1,12611224.407168,7389539.592832,5221684.814336,16.4680358721332,1,Nonempty,7384577.48287161
DBLP,Local,8.91776438549276,6,1,1,12609264.5068904,7391499.49310962,5217765.01378075,16.4556736904906,1,Nonempty,7379034.04776457
DBLP,Local,8.95511651775248,6,1,1,12602158.3384322,7398605.66156777,5203552.67686445,16.4108511317789,1,Nonempty,7358934.76814453
DBLP,Local,8.95520606981318,6,1,1,12602141.3013318,7398622.69866822,5203518.60266357,16.4107436693061,1,Nonempty,7358886.57994751
DBLP,Local,8.95529562187387,6,1,1,12602124.2642313,7398639.73576866,5203484.52846268,16.4106362068332,1,Nonempty,7358838.39175049
DBLP,Local,8.95912126700135,6,1,1,12601396.4428971,7399367.55710287,5202028.88579425,16.4060454326803,1,Nonempty,7356779.80214684
DBLP,Local,8.95921085910994,6,1,1,12601379.3981776,7399384.60182235,5201994.7963553,16.4059379221499,1,Nonempty,7356731.59239994
DBLP,Local,8.95930045121853,6,1,1,12601362.3534582,7399401.64654182,5201960.70691635,16.4058304116196,1,Nonempty,7356683.38265304
DBLP,Local,8.96478404337901,6,1,1,12600319.1110168,7400444.88898317,5199874.22203366,16.3992501010271,1,Nonempty,7353732.64743425
DBLP,Local,8.96487369211594,6,1,1,12600302.0555239,7400461.94447607,5199840.11104785,16.3991425225427,1,Nonempty,7353684.4072155
DBLP,Local,8.96496334085286,6,1,1,12600285.000031,7400478.99996897,5199806.00006205,16.3990349440584,1,Nonempty,7353636.16699675
DBLP,Local,8.9743146079736,6,1,1,12598505.9401638,7402258.05983616,5196247.88032768,16.3878134235136,1,Nonempty,7348604.22581185
DBLP,Local,8.97440435201712,6,1,1,12598488.866539,7402275.13346095,5196213.73307809,16.3877057306613,1,Nonempty,7348555.93430837
DBLP,Local,8.97449409606064,6,1,1,12598471.7929143,7402292.20708574,5196179.58582851,16.3875980378091,1,Nonempty,7348507.64280489
DBLP,Local,8.97452490499112,6,1,1,12598465.9315768,7402298.06842315,5196167.8631537,16.3875610670925,1,Nonempty,7348491.06443918
DBLP,Local,8.97461465113763,6,1,1,12598448.857552,7402315.14244803,5196133.71510394,16.3874533717167,1,Nonempty,7348442.77180408
DBLP,Local,8.97470439728414,6,1,1,12598431.7835271,7402332.21647291,5196099.56705417,16.3873456763409,1,Nonempty,7348394.47916898
DBLP,Local,8.98503224306695,6,1,1,12596466.9315226,7404297.0684774,5192169.8630452,16.3749522614015,1,Nonempty,7342837.03846337
DBLP,Local,8.9851220942879,6,1,1,12596449.8375075,7404314.16249248,5192135.67501503,16.3748444399364,1,Nonempty,7342788.68928744
DBLP,Local,8.98521194550884,6,1,1,12596432.7434924,7404331.25650757,5192101.48698487,16.3747366184713,1,Nonempty,7342740.34011151
DBLP,Local,8.98712433639839,6,1,1,12596068.9149505,7404695.08504952,5191373.82990096,16.3724417494038,1,Nonempty,7341711.27759469
DBLP,Local,8.98721420854047,6,1,1,12596051.8169552,7404712.18304481,5191339.63391038,16.3723339028333,1,Nonempty,7341662.91716104
DBLP,Local,8.98730408068256,6,1,1,12596034.7189599,7404729.28104009,5191305.43791981,16.3722260562628,1,Nonempty,7341614.55672739
DBLP,Local,8.98891529313116,6,1,1,12595728.189014,7405035.81098602,5190692.37802797,16.3702926013245,1,Nonempty,7340747.5591138
DBLP,Local,8.98900518318299,6,1,1,12595711.0876114,7405052.9123886,5190658.1752228,16.3701847332623,1,Nonempty,7340699.18904287
DBLP,Local,8.98909507323483,6,1,1,12595693.9862088,7405070.01379118,5190623.97241764,16.3700768652001,1,Nonempty,7340650.81897194
DBLP,Local,8.9954967525962,6,1,1,12594476.0795137,7406287.92048632,5188188.15902735,16.3623948499664,1,Nonempty,7337206.05863999
DBLP,Local,8.99558670846329,6,1,1,12594458.9655899,7406305.03441012,5188153.93117975,16.3622869029259,1,Nonempty,7337157.6531537
DBLP,Local,8.99567666433037,6,1,1,12594441.8516661,7406322.14833392,5188119.70333215,16.3621789558854,1,Nonempty,7337109.24766741
DBLP,Local,8.99918957234718,6,1,1,12593773.5279417,7406990.47205831,5186783.05588339,16.3579634662653,1,Nonempty,7335218.94271726
DBLP,Local,8.99927956514283,6,1,1,12593756.4069923,7407007.59300769,5186748.81398461,16.3578554749105,1,Nonempty,7335170.51735961
DBLP,Local,8.99936955793848,6,1,1,12593739.2860429,7407024.71395708,5186714.57208584,16.3577474835557,1,Nonempty,7335122.09200196
DBLP,Local,9.00228395916643,6,1,1,12593184.8270381,7407579.17296189,5185605.65407621,16.3542502020822,1,Nonempty,7333553.84511318
DBLP,Local,9.00237398290626,6,1,1,12593167.7002016,7407596.29979835,5185571.4004033,16.3541421735944,1,Nonempty,7333505.40310439
DBLP,Local,9.00246400664609,6,1,1,12593150.5733652,7407613.42663481,5185537.14673039,16.3540341451066,1,Nonempty,7333456.9610956
DBLP,Local,9.00756352162496,6,1,1,12592180.4008395,7408583.5991605,5183596.80167899,16.3479147271319,1,Nonempty,7330712.89880823
DBLP,Local,9.00765359816094,6,1,1,12592163.2639587,7408600.73604132,5183562.52791735,16.3478066352887,1,Nonempty,7330664.42838969
DBLP,Local,9.00774367469692,6,1,1,12592146.1270779,7408617.87292214,5183528.25415572,16.3476985434456,1,Nonempty,7330615.95797115
DBLP,Local,9.0089671911551,6,1,1,12591913.3555187,7408850.64448127,5183062.71103745,16.3462303236958,1,Nonempty,7329957.58057942
DBLP,Local,9.00905728172791,6,1,1,12591896.2159674,7408867.78403257,5183028.43193486,16.3461222150084,1,Nonempty,7329909.10260763
DBLP,Local,9.00914737230073,6,1,1,12591879.0764161,7408884.92358387,5182994.15283226,16.346014106321,1,Nonempty,7329860.62463583
DBLP,Local,9.01209135202732,6,1,1,12591318.9901611,7409445.00983889,5181873.98032221,16.3424813306491,1,Nonempty,7328276.46147993
DBLP,Local,9.01218147384205,6,1,1,12591301.8446661,7409462.1553339,5181839.68933219,16.3423731844714,1,Nonempty,7328227.96669677
DBLP,Local,9.01227159565679,6,1,1,12591284.6991711,7409479.30082891,5181805.39834217,16.3422650382937,1,Nonempty,7328179.47191362
DBLP,Local,9.01567605245605,6,1,1,12590637.0080739,7410126.99192606,5180510.01614788,16.3381796901346,1,Nonempty,7326347.524846
DBLP,Local,9.01576621011815,6,1,1,12590619.855759,7410144.14424096,5180475.71151808,16.3380715009401,1,Nonempty,7326299.01077328
DBLP,Local,9.01585636778025,6,1,1,12590602.7034441,7410161.29655586,5180441.40688828,16.3379633117456,1,Nonempty,7326250.49670057
DBLP,Local,9.01801077857193,6,1,1,12590192.8310998,7410571.16890015,5179621.66219969,16.3353780187955,1,Nonempty,7325091.20264428
DBLP,Local,9.01810095958153,6,1,1,12590175.6743431,7410588.32565687,5179587.34868627,16.335269801584,1,Nonempty,7325042.67600822
DBLP,Local,9.01819114059112,6,1,1,12590158.5175864,7410605.48241358,5179553.03517284,16.3351615843725,1,Nonempty,7324994.14937216
DBLP,Local,9.03260374082072,6,1,1,12587416.5492179,7413347.45078206,5174069.09843588,16.317866464097,1,Nonempty,7317238.69166355
DBLP,Local,9.0326940677614,6,1,1,12587399.3646981,7413364.63530187,5174034.72939626,16.3177580717682,1,Nonempty,7317190.08650159
DBLP,Local,9.03278439470208,6,1,1,12587382.1801783,7413381.81982168,5174000.36035664,16.3176496794394,1,Nonempty,7317141.48133964
DBLP,Local,9.03992554145841,6,1,1,12586023.5912902,7414740.40870978,5171283.18258044,16.3090803033318,1,Nonempty,7313298.81167716
DBLP,Local,9.04273982823953,6,1,1,12585488.1788587,7415275.82114131,5170212.35771737,16.3057031591944,1,Nonempty,7311784.43663288
DBLP,Local,9.0428302565421,6,1,1,12585470.975055,7415293.02494502,5170177.95010996,16.3055946452314,1,Nonempty,7311735.77692783
DBLP,Local,9.04292068484467,6,1,1,12585453.7712513,7415310.22874873,5170143.54250254,16.3054861312683,1,Nonempty,7311687.11722278
DBLP,Local,9.04717499076328,6,1,1,12584644.3980589,7416119.60194113,5168524.79611773,16.3003809641659,1,Nonempty,7309397.86413134
DBLP,Local,9.04726546341791,6,1,1,12584627.1858173,7416136.81418273,5168490.37163454,16.3002723969804,1,Nonempty,7309349.18056032
DBLP,Local,9.04735593607255,6,1,1,12584609.9735757,7416154.02642433,5168455.94715134,16.3001638297948,1,Nonempty,7309300.49698931
DBLP,Local,9.10438556992821,6,1,1,12573760.1997939,7427003.8002061,5146756.3995878,16.231728269168,1,Nonempty,7278612.70252758
DBLP,Local,9.10447661469435,6,1,1,12573742.8787092,7427021.12129077,5146721.75741846,16.2316190154486,1,Nonempty,7278563.71110187
DBLP,Local,9.1045676594605,6,1,1,12573725.5576246,7427038.44237544,5146687.11524912,16.2315097617293,1,Nonempty,7278514.71967616
DBLP,Local,9.11975038774126,6,1,1,12570837.0739346,7429926.9260654,5140910.1478692,16.2132904877924,1,Nonempty,7270344.8540581
DBLP,Local,9.11984158615712,6,1,1,12570819.7236184,7429944.27638162,5140875.44723676,16.2131810496933,1,Nonempty,7270295.77995308
DBLP,Local,9.11993278457298,6,1,1,12570802.3733022,7429961.62669784,5140840.74660432,16.2130716115943,1,Nonempty,7270246.70584805
DBLP,Local,9.14867403267506,6,1,1,12565334.4083332,7435429.59166677,5129904.81666647,16.1785821138718,1,Nonempty,7254780.96541279
DBLP,Local,9.14876552033027,6,1,1,12565317.0029898,7435446.99701019,5129870.00597961,16.1784723286856,1,Nonempty,7254731.73566732
DBLP,Local,9.14885700798547,6,1,1,12565299.5976464,7435464.40235362,5129835.19529276,16.1783625434993,1,Nonempty,7254682.50592186
DBLP,Local,9.15963967338747,6,1,1,12563248.217119,7437515.78288102,5125732.43423796,16.1654233450169,1,Nonempty,7248880.32559498
DBLP,Local,9.15973127070017,6,1,1,12563230.7909134,7437533.20908657,5125697.58182687,16.1653134282417,1,Nonempty,7248831.03684253
DBLP,Local,9.15982286801288,6,1,1,12563213.3647079,7437550.63529211,5125662.72941577,16.1652035114664,1,Nonempty,7248781.74809008
DBLP,Local,9.16208669742407,6,1,1,12562782.6756901,7437981.32430993,5124801.35138013,16.162486916173,1,Nonempty,7247563.57558975
DBLP,Local,9.16734097416254,6,1,1,12561783.0600491,7438980.93995088,5122802.12009825,16.1561817840868,1,Nonempty,7244736.23559659
DBLP,Local,9.16743264848903,6,1,1,12561765.6191919,7438998.38080814,5122767.23838372,16.156071774895,1,Nonempty,7244686.90540282
DBLP,Local,9.16752432281551,6,1,1,12561748.1783346,7439015.82166541,5122732.35666919,16.1559617657032,1,Nonempty,7244637.57520905
DBLP,Local,9.28424785338972,6,1,1,12539541.7600899,7461222.23991009,5078319.52017982,16.0158935290142,1,Nonempty,7181828.33950233
DBLP,Local,9.40640900935537,6,1,1,12516300.8444898,7484463.15551024,5031837.68897951,15.8693001418554,1,Nonempty,7116093.10341492
DBLP,Local,9.52857016532103,6,1,1,12493059.9288896,7507704.0711104,4985355.85777921,15.7227067546966,1,Nonempty,7050357.86732751
DBLP,Local,9.60578959341049,6,1,1,12478369.0871344,7522394.91286556,4955974.17426888,15.6300434409893,1,Nonempty,7008805.89202185
DBLP,Local,9.60588565226701,6,1,1,12478350.8121291,7522413.1878709,4955937.62425821,15.6299281703614,1,Nonempty,7008754.20250105
DBLP,Local,9.60598171112353,6,1,1,12478332.5371238,7522431.46287623,4955901.07424754,15.6298128997336,1,Nonempty,7008702.51298026
DBLP,Local,9.6297043030257,6,1,1,12473819.3614596,7526944.63854043,4946874.72291913,15.601345789451,1,Nonempty,6995937.32451288
DBLP,Local,9.62980060103171,6,1,1,12473801.0409565,7526962.95904348,4946838.08191303,15.6012302318438,1,Nonempty,6995885.50630512
DBLP,Local,9.62989689903772,6,1,1,12473782.7204535,7526981.27954653,4946801.44090694,15.6011146742366,1,Nonempty,6995833.68809736
DBLP,Local,9.64390235484305,6,1,1,12471118.2104974,7529645.78950258,4941472.42099483,15.5843081272702,1,Nonempty,6988297.31586351
DBLP,Local,9.643998794831,6,1,1,12471099.8629826,7529664.13701741,4941435.72596518,15.5841923992847,1,Nonempty,6988245.4212549
DBLP,Local,9.64409523481895,6,1,1,12471081.5154678,7529682.48453224,4941399.03093553,15.5840766712991,1,Nonempty,6988193.52664629
DBLP,Local,9.65073132128668,6,1,1,12469819.0132894,7530944.98671055,4938874.0265789,15.5761133675378,1,Nonempty,6984622.6312401
DBLP,Local,9.77289247725234,6,1,1,12446578.0976893,7554185.9023107,4892392.19537859,15.4295199803791,1,Nonempty,6918887.39515268
DBLP,Local,9.89505363321799,6,1,1,12423337.1820891,7577426.81791086,4845910.36417828,15.2829265932203,1,Nonempty,6853152.15906527
DBLP,Local,10.0172147891836,6,1,1,12400096.266489,7600667.73351101,4799428.53297797,15.1363332060615,1,Nonempty,6787416.92297786
DBLP,Local,10.1393759451493,6,1,1,12376855.3508888,7623908.64911117,4752946.70177766,14.9897398189027,1,Nonempty,6721681.68689044
DBLP,Local,10.261537101115,6,1,1,12353614.4352887,7647149.56471132,4706464.87057736,14.8431464317439,1,Nonempty,6655946.45080303
DBLP,Local,10.3836982570806,6,1,1,12330373.5196885,7670390.48031148,4659983.03937705,14.6965530445851,1,Nonempty,6590211.21471562
DBLP,Local,10.4678283840112,6,1,1,12314367.9313002,7686396.06869977,4627971.86260046,14.5955968922684,1,Nonempty,6544940.57437064
DBLP,Local,10.4679330633418,6,1,1,12314348.0162669,7686415.98373306,4627932.03253387,14.5954712770716,1,Nonempty,6544884.24615028
DBLP,Local,10.4680377426725,6,1,1,12314328.1012336,7686435.89876636,4627892.20246728,14.5953456618749,1,Nonempty,6544827.91792992
DBLP,Local,10.5058594130463,6,1,1,12307132.6040884,7693631.39591163,4613501.20817674,14.5499596574263,1,Nonempty,6524475.9786282
DBLP,Local,10.6280205690119,6,1,1,12283891.6884882,7716872.31151178,4567019.37697643,14.4033662702675,1,Nonempty,6458740.74254079
DBLP,Local,10.7501817249776,6,1,1,12260650.7728881,7740113.22711194,4520537.54577612,14.2567728831087,1,Nonempty,6393005.50645338
DBLP,Local,10.8723428809432,6,1,1,12237409.8572879,7763354.14271209,4474055.71457581,14.11017949595,1,Nonempty,6327270.27036597
DBLP,Local,10.9945040369089,6,1,1,12214168.9416878,7786595.05831225,4427573.8833755,13.9635861087912,1,Nonempty,6261535.03427855
DBLP,Local,11.1166651928745,6,1,1,12190928.0260876,7809835.9739124,4381092.0521752,13.8169927216324,1,Nonempty,6195799.79819114
DBLP,Local,11.2388263488402,6,1,1,12167687.1104874,7833076.88951256,4334610.22097489,13.6703993344736,1,Nonempty,6130064.56210373
DBLP,Local,11.3609875048058,6,1,1,12144446.1948873,7856317.80511271,4288128.38977458,13.5238059473148,1,Nonempty,6064329.32601631
DBLP,Local,11.4831486607715,6,1,1,12121205.2792871,7879558.72071286,4241646.55857427,13.377212560156,1,Nonempty,5998594.0899289
DBLP,Local,11.6053098167371,6,1,1,12097964.363687,7902799.63631302,4195164.72737396,13.2306191729972,1,Nonempty,5932858.85384149
DBLP,Local,11.7274709727028,6,1,1,12074723.4480868,7926040.55191317,4148682.89617365,13.0840257858384,1,Nonempty,5867123.61775407
DBLP,Local,11.8496321286685,6,1,1,12051482.5324867,7949281.46751333,4102201.06497335,12.9374323986797,1,Nonempty,5801388.38166666
DBLP,Local,11.9717932846341,6,1,1,12028241.6168865,7972522.38311348,4055719.23377304,12.7908390115209,1,Nonempty,5735653.14557925
DBLP,Local,12.0301728266809,6,1,1,12017135.0257712,7983628.9742288,4033506.0515424,12.7207835610647,1,Nonempty,5704238.96200521
DBLP,Local,12.0302931296122,6,1,1,12017112.1383791,7983651.86162088,4033460.27675825,12.7206391975471,1,Nonempty,5704174.22668465
DBLP,Local,12.0304134325435,6,1,1,12017089.250987,7983674.74901295,4033414.5019741,12.7204948340296,1,Nonempty,5704109.4913641
DBLP,Local,12.0939544405998,6,1,1,12005000.7012864,7995763.29871363,4009237.40257273,12.6442456243621,1,Nonempty,5669917.90949183
DBLP,Local,12.2161155965654,6,1,1,11981759.7856862,8019004.21431379,3962755.57137242,12.4976522372033,1,Nonempty,5604182.67340442
DBLP,Local,12.3382767525311,6,1,1,11958518.8700861,8042245.12991394,3916273.74017211,12.3510588500445,1,Nonempty,5538447.43731701
DBLP,Local,12.4604379084967,6,1,1,11935277.9544859,8065486.0455141,3869791.9089718,12.2044654628857,1,Nonempty,5472712.20122959
DBLP,Local,12.5825990644624,6,1,1,11912037.0388857,8088726.96111425,3823310.0777715,12.0578720757269,1,Nonempty,5406976.96514218
DBLP,Local,12.704760220428,6,1,1,11888796.1232856,8111967.87671441,3776828.24657119,11.9112786885681,1,Nonempty,5341241.72905477
DBLP,Local,12.8269213763937,6,1,1,11865555.2076854,8135208.79231456,3730346.41537088,11.7646853014094,1,Nonempty,5275506.49296736
DBLP,Local,12.9490825323593,6,1,1,11842314.2920853,8158449.70791471,3683864.58417057,11.6180919142506,1,Nonempty,5209771.25687994
DBLP,Local,13.071243688325,6,1,1,11819073.3764851,8181690.62351487,3637382.75297026,11.4714985270918,1,Nonempty,5144036.02079253
DBLP,Local,13.1934048442907,6,1,1,11795832.460885,8204931.53911502,3590900.92176995,11.324905139933,1,Nonempty,5078300.78470512
DBLP,Local,13.3155660002563,6,1,1,11772591.5452848,8228172.45471518,3544419.09056965,11.1783117527742,1,Nonempty,5012565.5486177
DBLP,Local,13.437727156222,6,1,1,11749350.6296847,8251413.37031533,3497937.25936934,11.0317183656154,1,Nonempty,4946830.31253029
DBLP,Local,13.5598883121876,6,1,1,11726109.7140845,8274654.28591548,3451455.42816903,10.8851249784566,1,Nonempty,4881095.07644288
DBLP,Local,13.6820494681533,6,1,1,11702868.7984844,8297895.20151564,3404973.59696872,10.7385315912978,1,Nonempty,4815359.84035546
DBLP,Local,13.8042106241189,6,1,1,11679627.8828842,8321136.11711579,3358491.76576841,10.5919382041391,1,Nonempty,4749624.60426805
DBLP,Local,13.9263717800846,6,1,1,11656386.967284,8344377.03271595,3312009.9345681,10.4453448169803,1,Nonempty,4683889.36818064
DBLP,Local,14.0485329360502,6,1,1,11633146.0516839,8367617.9483161,3265528.10336779,10.2987514298215,1,Nonempty,4618154.13209323
DBLP,Local,14.1706940920159,6,1,1,11609905.1360837,8390858.86391626,3219046.27216749,10.1521580426627,1,Nonempty,4552418.89600581
DBLP,Local,14.2928552479815,6,1,1,11586664.2204836,8414099.77951641,3172564.44096718,10.0055646555039,1,Nonempty,4486683.6599184
DBLP,Local,14.4150164039472,6,1,1,11563423.3048834,8437340.69511656,3126082.60976687,9.85897126834511,1,Nonempty,4420948.42383099
DBLP,Local,14.5371775599129,6,1,1,11540182.3892833,8460581.61071672,3079600.77856656,9.71237788118633,1,Nonempty,4355213.18774357
DBLP,Local,14.6593387158785,6,1,1,11516941.4736831,8483822.52631687,3033118.94736625,9.56578449402754,1,Nonempty,4289477.95165616
DBLP,Local,14.7814998718442,6,1,1,11493700.558083,8507063.44191703,2986637.11616594,9.41919110686875,1,Nonempty,4223742.71556875
DBLP,Local,14.9036610278098,6,1,1,11470459.6424828,8530304.35751718,2940155.28496564,9.27259771970996,1,Nonempty,4158007.47948133
DBLP,Local,15.0258221837755,6,1,1,11447218.7268827,8553545.27311734,2893673.45376533,9.12600433255117,1,Nonempty,4092272.24339392
DBLP,Local,15.1479833397411,6,1,1,11423977.8112825,8576786.18871749,2847191.62256502,8.97941094539239,1,Nonempty,4026537.00730651
DBLP,Local,15.2701444957068,6,1,1,11400736.8956824,8600027.10431764,2800709.79136471,8.8328175582336,1,Nonempty,3960801.77121909
DBLP,Local,15.3923056516724,6,1,1,11377495.9800822,8623268.0199178,2754227.9601644,8.68622417107481,1,Nonempty,3895066.53513168
DBLP,Local,15.5144668076381,6,1,1,11354255.064482,8646508.93551795,2707746.12896409,8.53963078391602,1,Nonempty,3829331.29904427
DBLP,Local,15.6366279636037,6,1,1,11331014.1488819,8669749.85111811,2661264.29776378,8.39303739675724,1,Nonempty,3763596.06295686
DBLP,Local,15.7587891195694,6,1,1,11307773.2332817,8692990.76671826,2614782.46656348,8.24644400959845,1,Nonempty,3697860.82686944
DBLP,Local,15.880950275535,6,1,1,11284532.3176816,8716231.68231842,2568300.63536317,8.09985062243966,1,Nonempty,3632125.59078203
DBLP,Local,16.0031114315007,6,1,1,11261291.4020814,8739472.59791857,2521818.80416286,7.95325723528087,1,Nonempty,3566390.35469461
DBLP,Local,16.1252725874664,6,1,1,11238050.4864813,8762713.51351872,2475336.97296255,7.80666384812208,1,Nonempty,3500655.1186072
DBLP,Local,16.247433743432,6,1,1,11214809.5708811,8785954.42911888,2428855.14176224,7.6600704609633,1,Nonempty,3434919.88251979
DBLP,Local,16.3695948993977,6,1,1,11191568.655281,8809195.34471903,2382373.31056193,7.51347707380451,1,Nonempty,3369184.64643238
DBLP,Local,16.3920409991349,6,1,1,11187298.3296981,8813465.67030185,2373832.6593963,7.48654175411977,1,Nonempty,3357106.34172244
DBLP,Local,16.3922049211842,6,1,1,11187267.1438561,8813496.85614387,2373770.28771226,7.48634504766072,1,Nonempty,3357018.13484096
DBLP,Local,16.3923688432334,6,1,1,11187235.9580141,8813528.04198589,2373707.91602822,7.48614834120167,1,Nonempty,3356929.92795949
DBLP,Local,16.4917560553633,6,1,1,11168327.7396808,8832436.26031919,2335891.47936163,7.36688368664572,1,Nonempty,3303449.41034496
DBLP,Local,16.613917211329,6,1,1,11145086.8240807,8855677.17591934,2289409.64816132,7.22029029948693,1,Nonempty,3237714.17425755
DBLP,Local,16.7360783672946,6,1,1,11121845.9084805,8878918.0915195,2242927.81696101,7.07369691232814,1,Nonempty,3171978.93817014
DBLP,Local,16.8582395232603,6,1,1,11098604.9928803,8902159.00711965,2196445.9857607,6.92710352516936,1,Nonempty,3106243.70208272
DBLP,Local,16.9804006792259,6,1,1,11075364.0772802,8925399.9227198,2149964.15456039,6.78051013801057,1,Nonempty,3040508.46599531
DBLP,Local,17.1025618351916,6,1,1,11052123.16168,8948640.83831996,2103482.32336008,6.63391675085178,1,Nonempty,2974773.2299079
DBLP,Local,17.2247229911572,6,1,1,11028882.2460799,8971881.75392011,2057000.49215977,6.48732336369299,1,Nonempty,2909037.99382048
DBLP,Local,17.2590546280277,6,1,1,11022350.7208286,8978413.27917144,2043937.44165712,6.44612539944848,1,Nonempty,2890564.05063367
DBLP,Local,17.2592272202999,6,1,1,11022317.885494,8978446.11450604,2043871.77098792,6.44591828872183,1,Nonempty,2890471.17828263
DBLP,Local,17.2593998125721,6,1,1,11022285.0501594,8978478.94984064,2043806.10031871,6.44571117799519,1,Nonempty,2890378.30593159
DBLP,Local,17.3468841471229,6,1,1,11005641.3304797,8995122.66952027,2010518.66095947,6.34072997653421,1,Nonempty,2843302.75773307
DBLP,Local,17.4690453030885,6,1,1,10982400.4148796,9018363.58512042,1964036.82975916,6.19413658937542,1,Nonempty,2777567.52164566
DBLP,Local,17.5912064590542,6,1,1,10959159.4992794,9041604.50072058,1917554.99855885,6.04754320221663,1,Nonempty,2711832.28555825
DBLP,Local,17.7133676150199,6,1,1,10935918.5836793,9064845.41632073,1871073.16735854,5.90094981505784,1,Nonempty,2646097.04947083
DBLP,Local,17.8355287709855,6,1,1,10912677.6680791,9088086.33192088,1824591.33615823,5.75435642789905,1,Nonempty,2580361.81338342
DBLP,Local,17.9576899269512,6,1,1,10889436.752479,9111327.24752104,1778109.50495792,5.60776304074027,1,Nonempty,2514626.57729601
DBLP,Local,18.0798510829168,6,1,1,10866195.8368788,9134568.16312119,1731627.67375761,5.46116965358148,1,Nonempty,2448891.34120859
DBLP,Local,18.2020122388825,6,1,1,10842954.9212787,9157809.07872135,1685145.84255731,5.31457626642269,1,Nonempty,2383156.10512118
DBLP,Local,18.3241733948481,6,1,1,10819714.0056785,9181049.9943215,1638664.011357,5.1679828792639,1,Nonempty,2317420.86903377
DBLP,Local,18.4463345508138,6,1,1,10796473.0900783,9204290.90992165,1592182.18015669,5.02138949210512,1,Nonempty,2251685.63294635
DBLP,Local,18.5684957067794,6,1,1,10773232.1744782,9227531.82552181,1545700.34895638,4.87479610494633,1,Nonempty,2185950.39685894
DBLP,Local,18.6906568627451,6,1,1,10749991.258878,9250772.74112196,1499218.51775607,4.72820271778754,1,Nonempty,2120215.16077153
DBLP,Local,18.8128180187107,6,1,1,10726750.3432779,9274013.65672212,1452736.68655577,4.58160933062875,1,Nonempty,2054479.92468412
DBLP,Local,18.9349791746764,6,1,1,10703509.4276777,9297254.57232227,1406254.85535546,4.43501594346996,1,Nonempty,1988744.6885967
DBLP,Local,19.0571403306421,6,1,1,10680268.5120776,9320495.48792242,1359773.02415515,4.28842255631118,1,Nonempty,1923009.45250929
DBLP,Local,19.1793014866077,6,1,1,10657027.5964774,9343736.40352258,1313291.19295484,4.14182916915239,1,Nonempty,1857274.21642188
DBLP,Local,19.3014626425734,6,1,1,10633786.6808773,9366977.31912273,1266809.36175453,3.9952357819936,1,Nonempty,1791538.98033446
DBLP,Local,19.423623798539,6,1,1,10610545.7652771,9390218.23472289,1220327.53055422,3.84864239483481,1,Nonempty,1725803.74424705
DBLP,Local,19.5457849545047,6,1,1,10587304.849677,9413459.15032304,1173845.69935391,3.70204900767603,1,Nonempty,1660068.50815964
DBLP,Local,19.6679461104703,6,1,1,10564063.9340768,9436700.0659232,1127363.86815361,3.55545562051724,1,Nonempty,1594333.27207222
DBLP,Local,19.790107266436,6,1,1,10540823.0184766,9459940.98152335,1080882.0369533,3.40886223335845,1,Nonempty,1528598.03598481
DBLP,Local,19.9122684224016,6,1,1,10517582.1028765,9483181.8971235,1034400.20575299,3.26226884619966,1,Nonempty,1462862.7998974
DBLP,Local,20.0344295783673,6,1,1,10494341.1872763,9506422.81272366,987918.37455268,3.11567545904087,1,Nonempty,1397127.56380998
DBLP,Local,20.1213626059688,6,1,1,10477802.3526412,9522961.6473588,954840.705282398,3.011355825919,1,Nonempty,1350348.67531626
DBLP,Local,20.1215638216071,6,1,1,10477764.0717685,9522999.92823154,954764.143536918,3.01111436715314,1,Nonempty,1350240.40065744
DBLP,Local,20.1217650372453,6,1,1,10477725.7908957,9523038.20910428,954687.581791439,3.01087290838728,1,Nonempty,1350132.12599863
DBLP,Local,20.1565907343329,6,1,1,10471100.2716762,9529663.72832381,941436.543352372,2.96908207188209,1,Nonempty,1331392.32772257
DBLP,Local,20.2787518902986,6,1,1,10447859.356076,9552904.64392397,894954.712152063,2.8224886847233,1,Nonempty,1265657.09163516
DBLP,Local,20.4009130462643,6,1,1,10424618.4404759,9576145.55952412,848472.880951755,2.67589529756451,1,Nonempty,1199921.85554774
DBLP,Local,20.5230742022299,6,1,1,10401377.5248757,9599386.47512428,801991.049751447,2.52930191040572,1,Nonempty,1134186.61946033
DBLP,Local,20.6452353581956,6,1,1,10378136.6092756,9622627.39072443,755509.218551137,2.38270852324693,1,Nonempty,1068451.38337292
DBLP,Local,20.6896946188367,6,1,1,10369678.3238571,9631085.67614288,738592.647714243,2.32935741047762,1,Nonempty,1044527.73946654
DBLP,Local,20.6899015178518,6,1,1,10369638.9617333,9631125.03826672,738513.923466563,2.3291091316594,1,Nonempty,1044416.40656778
DBLP,Local,20.690108416867,6,1,1,10369599.5996094,9631164.40039056,738435.199218884,2.32886085284119,1,Nonempty,1044305.07366902
DBLP,Local,20.7673965141612,6,1,1,10354895.6936754,9645868.30632458,709027.387350829,2.23611513608815,1,Nonempty,1002716.1472855
DBLP,Local,20.8798376472217,6,1,1,10333503.9929929,9667260.00700708,666243.985985836,2.10118577641553,1,Nonempty,942211.28083068
DBLP,Local,20.8800464476862,6,1,1,10333464.2691222,9667299.73087785,666164.538244304,2.10093521585816,1,Nonempty,942098.924757106
DBLP,Local,20.8802552481507,6,1,1,10333424.5452514,9667339.45474861,666085.090502772,2.10068465530078,1,Nonempty,941986.568683531
DBLP,Local,20.8895576701269,6,1,1,10331654.7780753,9669109.22192474,662545.556150521,2.08952174892936,1,Nonempty,936980.911198092
DBLP,Local,21.0117188260925,6,1,1,10308413.8624751,9692350.13752489,616063.724950213,1.94292836177057,1,Nonempty,871245.675110679
DBLP,Local,21.0520024133134,6,1,1,10300749.9905735,9700014.00942649,600735.981147018,1.89458805710552,1,Nonempty,849568.971943621
DBLP,Local,21.0522129354428,6,1,1,10300709.9391594,9700054.06084055,600655.878318887,1.89433543055029,1,Nonempty,849455.689437694
DBLP,Local,21.0524234575721,6,1,1,10300669.8877454,9700094.11225462,600575.775490757,1.89408280399507,1,Nonempty,849342.406931768
DBLP,Local,21.1338799820582,6,1,1,10285172.946875,9715591.05312505,569581.893749904,1.79633497461178,1,Nonempty,805510.439023265
DBLP,Local,21.2560411380238,6,1,1,10261932.0312748,9738831.9687252,523100.062549596,1.649741587453,1,Nonempty,739775.202935853
DBLP,Local,21.3782022939895,6,1,1,10238691.1156746,9762072.88432536,476618.231349288,1.50314820029421,1,Nonempty,674039.96684844
DBLP,Local,21.5003634499551,6,1,1,10215450.2000745,9785313.79992551,430136.400148978,1.35655481313542,1,Nonempty,608304.730761026
DBLP,Local,21.6225246059208,6,1,1,10192209.2844743,9808554.71552566,383654.56894867,1.20996142597663,1,Nonempty,542569.494673613
DBLP,Local,21.7446857618864,6,1,1,10168968.3688742,9831795.63112582,337172.737748363,1.06336803881785,1,Nonempty,476834.258586202
DBLP,Local,21.7770073334775,6,1,1,10162819.2545221,9837944.74547787,324874.50904425,1.02458215290857,1,Nonempty,459441.936759678
DBLP,Local,21.7772251057286,6,1,1,10162777.8237869,9837986.17621309,324791.647573811,1.0243208262073,1,Nonempty,459324.752944386
DBLP,Local,21.7774428779796,6,1,1,10162736.3930517,9838027.60694831,324708.786103372,1.02405949950603,1,Nonempty,459207.569129092
DBLP,Local,21.8668469178521,6,1,1,10145727.453274,9855036.54672597,290690.906548055,0.91677465165906,1,Nonempty,411099.022498789
DBLP,Local,21.8755242798154,6,1,1,10144076.6025152,9856687.39748476,287389.205030481,0.906361817303145,1,Nonempty,406429.711433729
DBLP,Local,21.8757430372457,6,1,1,10144034.9843516,9856729.01564837,287305.968703255,0.906099308386701,1,Nonempty,406311.997490883
DBLP,Local,21.8759617946761,6,1,1,10143993.366188,9856770.63381198,287222.732376029,0.905836799470256,1,Nonempty,406194.283548038
DBLP,Local,21.9890080738178,6,1,1,10122486.5376739,9878277.46232613,244209.075347746,0.770181264500271,1,Nonempty,345363.786411375
DBLP,Local,22.1111692297834,6,1,1,10099245.6220737,9901518.37792628,197727.244147437,0.623587877341481,1,Nonempty,279628.550323961
DBLP,Local,22.12565962819,6,1,1,10096488.8527577,9904275.14724234,192213.705515312,0.606199399253539,1,Nonempty,271831.229213742
DBLP,Local,22.1258808869989,6,1,1,10096446.7587118,9904317.24128821,192129.517423572,0.605933888682894,1,Nonempty,271712.169272613
DBLP,Local,22.1261021458078,6,1,1,10096404.6646659,9904359.33533408,192045.329331832,0.605668378112249,1,Nonempty,271593.109331484
DBLP,Local,22.1798960696365,6,1,1,10086170.4782453,9914593.52175466,171576.956490681,0.541115669517726,1,Nonempty,242646.458859819
DBLP,Local,22.1801178708152,6,1,1,10086128.2810147,9914635.71898531,171492.562029386,0.540849508103273,1,Nonempty,242527.107068067
DBLP,Local,22.180339671994,6,1,1,10086086.083784,9914677.91621595,171408.167568093,0.540583346688827,1,Nonempty,242407.755276317
DBLP,Local,22.2185527961804,6,1,1,10078816.1133338,9921947.88666618,156868.226667637,0.494727597665059,1,Nonempty,221845.173658789
DBLP,Local,22.2187749839303,6,1,1,10078773.8425588,9921990.15744121,156783.685117574,0.494460972365253,1,Nonempty,221725.613852107
DBLP,Local,22.2189971716801,6,1,1,10078731.5717838,9922032.42821624,156699.143567512,0.494194347065447,1,Nonempty,221606.054045424
DBLP,Local,22.2333303857491,6,1,1,10076004.7064736,9924759.29352644,151245.412947128,0.476994490182691,1,Nonempty,213893.314236547
DBLP,Local,22.3217213074044,6,1,1,10059188.5104105,9941575.48958952,117613.020820953,0.370925384196269,1,Nonempty,166329.929156661
DBLP,Local,22.3219445268497,6,1,1,10059146.0433575,9941617.95664255,117528.086714907,0.370657520861948,1,Nonempty,166209.814191982
DBLP,Local,22.322167746295,6,1,1,10059103.5763044,9941660.42369557,117443.15260886,0.370389657527628,1,Nonempty,166089.699227303
DBLP,Local,22.3554915417147,6,1,1,10052763.7908734,9948000.20912659,104763.58174682,0.330401103023907,1,Nonempty,148158.078149136
DBLP,Local,22.3684378673094,6,1,1,10050300.7783217,9950463.22167832,99837.556643365,0.314865512310347,1,Nonempty,141191.626639239
DBLP,Local,22.3686615539249,6,1,1,10050258.2223904,9950505.77760955,99752.4447808992,0.314597088371702,1,Nonempty,141071.260289021
DBLP,Local,22.3688852405404,6,1,1,10050215.6664592,9950548.33354078,99667.3329184335,0.314328664433056,1,Nonempty,140950.893938803
DBLP,Local,22.4191453663004,6,1,1,10040653.7780536,9960110.22194636,80543.5561072789,0.254016513521127,1,Nonempty,113905.789408672
DBLP,Local,22.419369559996,6,1,1,10040611.1256514,9960152.87434856,80458.2513028774,0.253747481086405,1,Nonempty,113785.150197352
DBLP,Local,22.4195937536916,6,1,1,10040568.4732492,9960195.52675076,80372.946498476,0.253478448651684,1,Nonempty,113664.510986032
DBLP,Local,22.4288204668742,6,1,1,10038813.1095197,9961950.89048033,76862.2190393414,0.242406392832539,1,Nonempty,108699.592599528
DBLP,Local,22.4290447573218,6,1,1,10038770.4387106,9961993.5612894,76776.8774212021,0.242137244295453,1,Nonempty,108578.901325721
DBLP,Local,22.4292690477693,6,1,1,10038727.7679015,9962036.23209847,76691.5358030628,0.241868095758366,1,Nonempty,108458.210051913
DBLP,Local,22.4488217345291,6,1,1,10035007.9083509,9965756.09164914,69251.8167017065,0.218404871646608,1,Nonempty,97936.858398529
DBLP,Local,22.4490462249914,6,1,1,10034965.1994894,9965798.80051061,69166.398978781,0.218135483091904,1,Nonempty,97816.0594963006
DBLP,Local,22.4492707154536,6,1,1,10034922.4906279,9965841.50937207,69080.9812558573,0.217866094537206,1,Nonempty,97695.2605940749
DBLP,Local,22.4606622411981,6,1,1,10032755.2756381,9968008.72436189,64746.5512762088,0.204196263643903,1,Nonempty,91565.4509316996
DBLP,Local,22.4608868500666,6,1,1,10032712.5442501,9968051.45574991,64661.0885001794,0.203926733001701,1,Nonempty,91444.5883147606
DBLP,Local,22.4611114589351,6,1,1,10032669.8128621,9968094.18713792,64575.6257241517,0.203657202359505,1,Nonempty,91323.7256978243
DBLP,Local,22.476403525121,6,1,1,10029760.5278543,9971003.47214567,58757.0557086617,0.185306722936362,1,Nonempty,83095.0250683008
DBLP,Local,22.4766282914039,6,1,1,10029717.7665185,9971046.23348146,58671.5330370776,0.185037003396864,1,Nonempty,82974.0777462563
DBLP,Local,22.4768530576868,6,1,1,10029675.0051827,9971088.99481725,58586.0103654936,0.184767283857366,1,Nonempty,82853.1304242118
DBLP,Local,22.4776526976804,6,1,1,10029522.8752733,9971241.12472674,58281.7505465113,0.183807715865117,1,Nonempty,82422.8420617218
DBLP,Local,22.4846540249062,6,1,1,10028190.8867712,9972573.11322881,55617.7735423781,0.175406123194078,1,Nonempty,78655.4096526266
DBLP,Local,22.484878873695,6,1,1,10028148.1097388,9972615.89026117,55532.2194776591,0.175136304647594,1,Nonempty,78534.4179339848
DBLP,Local,22.4851037224837,6,1,1,10028105.3327065,9972658.66729353,55446.6654129401,0.17486648610111,1,Nonempty,78413.4262153431
DBLP,Local,22.4889940180294,6,1,1,10027365.2117595,9973398.7882405,53966.423519006,0.170198131446342,1,Nonempty,76320.0480533487
DBLP,Local,22.4892189102185,6,1,1,10027322.4264703,9973441.57352969,53880.8529406209,0.169928260819417,1,Nonempty,76199.0329808563
DBLP,Local,22.4894438024076,6,1,1,10027279.6411811,9973484.35881888,53795.2823622357,0.169658390192493,1,Nonempty,76078.0179083639
DBLP,Local,22.5074866218246,6,1,1,10023847.0308727,9976916.96912733,46930.0617453456,0.148007006892095,1,Nonempty,66369.1298032745
DBLP,Local,22.5077116989415,6,1,1,10023804.2104013,9976959.78959868,46844.4208026398,0.147736914351709,1,Nonempty,66248.0152206055
DBLP,Local,22.5079367760585,6,1,1,10023761.38993,9977002.61007003,46758.779859934,0.147466821811322,1,Nonempty,66126.9006379366
DBLP,Local,22.5147589765775,6,1,1,10022463.4799256,9978300.52007437,44162.9598512538,0.139280181188513,1,Nonempty,62455.8567761816
DBLP,Local,22.5149841264188,6,1,1,10022420.6456186,9978343.35438137,44077.2912372518,0.139010001378995,1,Nonempty,62334.7030603903
DBLP,Local,22.5152092762601,6,1,1,10022377.8113116,9978386.18868838,43991.6226232499,0.138739821569477,1,Nonempty,62213.5493445991
DBLP,Local,22.5162694816351,6,1,1,10022176.1093594,9978587.89064056,43588.2187188789,0.137467575119462,1,Nonempty,61643.0500719234
DBLP,Local,22.5164946465816,6,1,1,10022133.2721787,9978630.72782129,43502.5443574078,0.137197377183701,1,Nonempty,61521.8882279833
DBLP,Local,22.516719811528,6,1,1,10022090.434998,9978673.56500203,43416.8699959368,0.13692717924794,1,Nonempty,61400.7263840433
DBLP,Local,22.5224302014582,6,1,1,10021004.0447345,9979759.95526547,41244.0894690529,0.130074711331692,1,Nonempty,58327.9506948639
DBLP,Local,22.5226554280125,6,1,1,10020961.195833,9979802.80416697,41158.3916660547,0.129804439466553,1,Nonempty,58206.7556995984
DBLP,Local,22.5228806545668,6,1,1,10020918.3469315,9979845.65306847,41072.6938630566,0.129534167601415,1,Nonempty,58085.5607043328
DBLP,Local,22.5390004159002,6,1,1,10017851.5945774,9982912.40542262,34939.1891547572,0.110190454001379,1,Nonempty,49411.4751609766
DBLP,Local,22.5392258081582,6,1,1,10017808.7141511,9982955.28584894,34853.428302126,0.10991998329168,1,Nonempty,49290.1910000649
DBLP,Local,22.5394512004163,6,1,1,10017765.8337247,9982998.16627525,34767.6674494967,0.109649512581988,1,Nonempty,49168.9068391558
DBLP,Local,22.5456183821257,6,1,1,10016592.5397389,9984171.46026109,32421.0794778131,0.102248894530759,1,Nonempty,45850.3303042993
DBLP,Local,22.5457949373102,6,1,1,10016558.9504682,9984205.04953184,32353.9009363148,0.102037028309306,1,Nonempty,45755.325499812
DBLP,Local,22.5458438405641,6,1,1,10016549.6467219,9984214.35327808,32335.2934438344,0.101978344404675,1,Nonempty,45729.0105315844
DBLP,Local,22.5460203975142,6,1,1,10016516.0571153,9984247.94288473,32268.1142305434,0.101766476064537,1,Nonempty,45634.0047770387
DBLP,Local,22.5460692990025,6,1,1,10016506.7537049,9984257.24629507,32249.5074098557,0.101707794278591,1,Nonempty,45607.6907588696
DBLP,Local,22.5462458577182,6,1,1,10016473.1637624,9984290.83623761,32182.3275247719,0.101495923819768,1,Nonempty,45512.6840542654
DBLP,Local,22.5555943187716,6,1,1,10014694.6377439,9986069.36225611,28625.275487775,0.0902777705556168,1,Nonempty,40482.2528214775
DBLP,Local,22.5558198769704,6,1,1,10014651.7257477,9986112.27425231,28539.4514953755,0.0900071007170919,1,Nonempty,40360.8793674491
DBLP,Local,22.5560454351692,6,1,1,10014608.8137515,9986155.18624851,28453.627502976,0.0897364308785669,1,Nonempty,40239.5059134207
DBLP,Local,22.599813853646,6,1,1,10006281.9596731,9994482.0403269,11799.9193462022,0.037214328706327,1,Nonempty,16687.6059743078
DBLP,Local,22.605988874742,6,1,1,10005107.1742596,9995656.82574037,9450.34851926565,0.0298043033911494,1,Nonempty,13364.811045098
DBLP,Local,22.6062149368914,6,1,1,10005064.1663878,9995699.83361216,9364.33277568035,0.0295330288119098,1,Nonempty,13243.166413942
DBLP,Local,22.6064409990407,6,1,1,10005021.158516,9995742.84148395,9278.31703209318,0.0292617542326643,1,Nonempty,13121.5217827835
DBLP,Local,22.6247993628886,6,1,1,10001528.5165107,9999235.48348928,2293.03302144445,0.00723171761525311,1,Nonempty,3242.8383978961
DBLP,Local,22.6250256131447,6,1,1,10001485.472852,9999278.527148,2206.94570398889,0.00696021730789988,1,Nonempty,3121.09254600213
DBLP,Local,22.6252518634009,6,1,1,10001442.4291933,9999321.57080673,2120.85838653147,0.00668871700054079,1,Nonempty,2999.34669410553
DBLP,Local,22.6305994859767,6,1,1,10000425.0546935,10000338.9453065,86.109386915341,0.000271569909534947,1,Nonempty,121.777062823308
DBLP,Local,22.6308257942346,6,1,1,10000382,10000382,0,0,NaN,Boundary,0
DBLP,Local,22.6310521024926,6,1,1,10000338.9453065,10000425.0546935,-86.1093869134784,-0.000271569909529073,0,Empty,NaN
DBLP,Local,22.6781381463464,6,1,1,9991380.91963544,10009383.0803646,-18002.1607291102,-0.0567748225340931,0,Empty,NaN
DBLP,Local,22.6783649299957,6,1,1,9991337.77449973,10009426.2255003,-18088.451000534,-0.0570469629132522,0,Empty,NaN
DBLP,Local,22.678591713645,6,1,1,9991294.62936402,10009469.370636,-18174.7412719578,-0.0573191032924112,0,Empty,NaN
DBLP,Local,22.7084022025227,6,1,1,9985623.243476,10015140.756524,-29517.5130479932,-0.0930916899457335,0,Empty,NaN
DBLP,Local,22.7086292888156,6,1,1,9985580.04076295,10015183.959237,-29603.9184740912,-0.093364193497197,0,Empty,NaN
DBLP,Local,22.7088563751085,6,1,1,9985536.8380499,10015227.1619501,-29690.3239001911,-0.0936366970486663,0,Empty,NaN
DBLP,Local,22.7219750096117,6,1,1,9983041.04407295,10017722.9559271,-34681.9118541051,-0.109379058452457,0,Empty,NaN
DBLP,Local,22.7800487569052,6,1,1,9971992.62979785,10028771.3702021,-56778.7404042985,-0.179067555204676,0,Empty,NaN
DBLP,Local,22.7802765596708,6,1,1,9971949.2907773,10028814.7092227,-56865.4184453972,-0.179340918523392,0,Empty,NaN
DBLP,Local,22.7805043624364,6,1,1,9971905.95175675,10028858.0482432,-56952.0964864958,-0.179614281842109,0,Empty,NaN
DBLP,Local,22.8441361655773,6,1,1,9959800.12847279,10040963.8715272,-81163.7430544142,-0.255972445611247,0,Empty,NaN
DBLP,Local,22.966297321543,6,1,1,9936559.21287264,10064204.7871274,-127645.574254723,-0.402565832770037,0,Empty,NaN
DBLP,Local,23.0305854551775,6,1,1,9924328.52402494,10076435.4759751,-152106.951950116,-0.479711593131437,0,Empty,NaN
DBLP,Local,23.0308157633351,6,1,1,9924284.70835857,10076479.2916414,-152194.583282864,-0.4799879629206,0,Empty,NaN
DBLP,Local,23.0310460714928,6,1,1,9924240.89269219,10076523.1073078,-152282.214615609,-0.480264332709756,0,Empty,NaN
DBLP,Local,23.0884584775086,6,1,1,9913318.29727248,10087445.7027275,-174127.405455031,-0.549159219928821,0,Empty,NaN
DBLP,Local,23.2106196334743,6,1,1,9890077.38167233,10110686.6183277,-220609.236655338,-0.695752607087605,0,Empty,NaN
DBLP,Local,23.33278078944,6,1,1,9866836.46607218,10133927.5339278,-267091.067855649,-0.842345994246401,0,Empty,NaN
DBLP,Local,23.4549419454056,6,1,1,9843595.55047202,10157168.449528,-313572.899055956,-0.988939381405185,0,Empty,NaN
DBLP,Local,23.5771031013713,6,1,1,9820354.63487187,10180409.3651281,-360054.730256263,-1.13553276856397,0,Empty,NaN
DBLP,Local,23.6992642573369,6,1,1,9797113.71927171,10203650.2807283,-406536.561456574,-1.28212615572276,0,Empty,NaN
DBLP,Local,23.8214254133026,6,1,1,9773872.80367156,10226891.1963284,-453018.392656881,-1.42871954288155,0,Empty,NaN
DBLP,Local,23.9435865692682,6,1,1,9750631.8880714,10250132.1119286,-499500.223857189,-1.57531293004033,0,Empty,NaN
DBLP,Local,24.0657477252339,6,1,1,9727390.97247125,10273373.0275287,-545982.055057498,-1.72190631719912,0,Empty,NaN
DBLP,Local,24.1879088811995,6,1,1,9704150.0568711,10296613.9431289,-592463.886257807,-1.86849970435791,0,Empty,NaN
DBLP,Local,24.3068498419091,6,1,1,9681521.77697802,10319242.223022,-637720.446043968,-2.01122885720944,0,Empty,NaN
DBLP,Local,24.3070929128383,6,1,1,9681475.53321989,10319288.4667801,-637812.933560219,-2.01152054232439,0,Empty,NaN
DBLP,Local,24.3073359837674,6,1,1,9681429.28946177,10319334.7105382,-637905.421076467,-2.01181222743934,0,Empty,NaN
DBLP,Local,24.3100700371652,6,1,1,9680909.14127094,10319854.8587291,-638945.717458114,-2.0150930915167,0,Empty,NaN
DBLP,Local,24.4322311931308,6,1,1,9657668.22567079,10343095.7743292,-685427.548658423,-2.16168647867549,0,Empty,NaN
DBLP,Local,24.5543923490965,6,1,1,9634427.31007063,10366336.6899294,-731909.379858732,-2.30827986583428,0,Empty,NaN
DBLP,Local,24.6765535050621,6,1,1,9611186.39447048,10389577.6055295,-778391.211059039,-2.45487325299306,0,Empty,NaN
DBLP,Local,24.7987146610278,6,1,1,9587945.47887032,10412818.5211297,-824873.042259349,-2.60146664015185,0,Empty,NaN
DBLP,Local,24.8973384904844,6,1,1,9569182.49256386,10431581.5074361,-862399.014872275,-2.7198152354998,0,Empty,NaN
DBLP,Local,24.8975874663591,6,1,1,9569135.12540166,10431628.8745983,-862493.749196682,-2.72011400654939,0,Empty,NaN
DBLP,Local,24.8978364422337,6,1,1,9569087.75823946,10431676.2417605,-862588.483521087,-2.72041277759899,0,Empty,NaN
DBLP,Local,24.9208758169935,6,1,1,9564704.56327017,10436059.4367298,-871354.873459658,-2.74806002731064,0,Empty,NaN
DBLP,Local,25.0430369729591,6,1,1,9541463.64767002,10459300.35233,-917836.704659967,-2.89465341446943,0,Empty,NaN
DBLP,Local,25.1279926621972,6,1,1,9525300.99770384,10475463.0022962,-950162.004592311,-2.99660024155516,0,Empty,NaN
DBLP,Local,25.1282439446367,6,1,1,9525253.1917223,10475510.8082777,-950257.616555391,-2.9969017804825,0,Empty,NaN
DBLP,Local,25.1284952270761,6,1,1,9525205.38574076,10475558.6142592,-950353.228518471,-2.99720331940984,0,Empty,NaN
DBLP,Local,25.1651981289248,6,1,1,9518222.73206986,10482541.2679301,-964318.535860274,-3.04124680162821,0,Empty,NaN
DBLP,Local,25.2873592848904,6,1,1,9494981.81646971,10505782.1835303,-1010800.36706058,-3.187840188787,0,Empty,NaN
DBLP,Local,25.4095204408561,6,1,1,9471740.90086955,10529023.0991304,-1057282.19826089,-3.33443357594579,0,Empty,NaN
DBLP,Local,25.5316815968217,6,1,1,9448499.9852694,10552264.0147306,-1103764.0294612,-3.48102696310458,0,Empty,NaN
DBLP,Local,25.6538427527874,6,1,1,9425259.06966924,10575504.9303308,-1150245.86066151,-3.62762035026337,0,Empty,NaN
DBLP,Local,25.776003908753,6,1,1,9402018.15406909,10598745.8459309,-1196727.69186182,-3.77421373742215,0,Empty,NaN
DBLP,Local,25.8981650647187,6,1,1,9378777.23846894,10621986.7615311,-1243209.52306212,-3.92080712458094,0,Empty,NaN
DBLP,Local,26.0172008518259,6,1,1,9356130.91804336,10644633.0819566,-1288502.16391328,-4.06365006910963,0,Empty,NaN
DBLP,Local,26.0174610264362,6,1,1,9356081.4203441,10644682.5796559,-1288601.15931179,-4.06396227864195,0,Empty,NaN
DBLP,Local,26.0177212010465,6,1,1,9356031.92264485,10644732.0773551,-1288700.1547103,-4.06427448817427,0,Empty,NaN
DBLP,Local,26.0203262206843,6,1,1,9355536.32286878,10645227.6771312,-1289691.35426243,-4.06740051173973,0,Empty,NaN
DBLP,Local,26.14248737665,6,1,1,9332295.40726863,10668468.5927314,-1336173.18546274,-4.21399389889852,0,Empty,NaN
DBLP,Local,26.2646485326157,6,1,1,9309054.49166847,10691709.5083315,-1382655.01666305,-4.3605872860573,0,Empty,NaN
DBLP,Local,26.3868096885813,6,1,1,9285813.57606832,10714950.4239317,-1429136.84786336,-4.50718067321609,0,Empty,NaN
DBLP,Local,26.508970844547,6,1,1,9262572.66046816,10738191.3395318,-1475618.67906367,-4.65377406037488,0,Empty,NaN
DBLP,Local,26.6311320005126,6,1,1,9239331.74486801,10761432.255132,-1522100.51026397,-4.80036744753366,0,Empty,NaN
DBLP,Local,26.7532931564783,6,1,1,9216090.82926786,10784673.1707321,-1568582.34146428,-4.94696083469245,0,Empty,NaN
DBLP,Local,26.8754543124439,6,1,1,9192849.9136677,10807914.0863323,-1615064.17266459,-5.09355422185124,0,Empty,NaN
DBLP,Local,26.9976154684096,6,1,1,9169608.99806755,10831155.0019324,-1661546.0038649,-5.24014760901003,0,Empty,NaN
DBLP,Local,27.1197766243752,6,1,1,9146368.0824674,10854395.9175326,-1708027.83506521,-5.38674099616882,0,Empty,NaN
DBLP,Local,27.2419377803409,6,1,1,9123127.16686724,10877636.8331328,-1754509.66626552,-5.53333438332761,0,Empty,NaN
DBLP,Local,27.3640989363065,6,1,1,9099886.25126708,10900877.7487329,-1800991.49746583,-5.6799277704864,0,Empty,NaN
DBLP,Local,27.4862600922722,6,1,1,9076645.33566693,10924118.6643331,-1847473.32866614,-5.82652115764519,0,Empty,NaN
DBLP,Local,27.6084212482379,6,1,1,9053404.42006678,10947359.5799332,-1893955.15986644,-5.97311454480397,0,Empty,NaN
DBLP,Local,27.7305824042035,6,1,1,9030163.50446662,10970600.4955334,-1940436.99106675,-6.11970793196276,0,Empty,NaN
DBLP,Local,27.8527435601692,6,1,1,9006922.58886647,10993841.4111335,-1986918.82226706,-6.26630131912154,0,Empty,NaN
DBLP,Local,27.9749047161348,6,1,1,8983681.67326631,11017082.3267337,-2033400.65346737,-6.41289470628033,0,Empty,NaN
DBLP,Local,28.0970658721005,6,1,1,8960440.75766616,11040323.2423338,-2079882.48466768,-6.55948809343912,0,Empty,NaN
DBLP,Local,28.2192270280661,6,1,1,8937199.84206601,11063564.157934,-2126364.31586798,-6.7060814805979,0,Empty,NaN
DBLP,Local,28.3413881840318,6,1,1,8913958.92646585,11086805.0735341,-2172846.14706829,-6.8526748677567,0,Empty,NaN
DBLP,Local,28.4635493399974,6,1,1,8890718.0108657,11110045.9891343,-2219327.9782686,-6.99926825491549,0,Empty,NaN
DBLP,Local,28.5857104959631,6,1,1,8867477.09526554,11133286.9047345,-2265809.80946891,-7.14586164207427,0,Empty,NaN
DBLP,Local,28.7078716519287,6,1,1,8844236.17966539,11156527.8203346,-2312291.64066922,-7.29245502923306,0,Empty,NaN
DBLP,Local,28.8300328078944,6,1,1,8820995.26406524,11179768.7359348,-2358773.47186953,-7.43904841639185,0,Empty,NaN
DBLP,Local,28.95219396386,6,1,1,8797754.34846508,11203009.6515349,-2405255.30306983,-7.58564180355063,0,Empty,NaN
DBLP,Local,29.0743551198257,6,1,1,8774513.43286493,11226250.5671351,-2451737.13427014,-7.73223519070942,0,Empty,NaN
DBLP,Local,29.1965162757914,6,1,1,8751272.51726477,11249491.4827352,-2498218.96547045,-7.87882857786821,0,Empty,NaN
DBLP,Local,29.318677431757,6,1,1,8728031.60166462,11272732.3983354,-2544700.79667076,-8.025421965027,0,Empty,NaN
DBLP,Local,29.4408385877227,6,1,1,8704790.68606446,11295973.3139355,-2591182.62787107,-8.17201535218579,0,Empty,NaN
DBLP,Local,29.5629997436883,6,1,1,8681549.77046431,11319214.2295357,-2637664.45907138,-8.31860873934458,0,Empty,NaN
DBLP,Local,29.685160899654,6,1,1,8658308.85486416,11342455.1451358,-2684146.29027169,-8.46520212650336,0,Empty,NaN
DBLP,Local,29.8073220556196,6,1,1,8635067.939264,11365696.060736,-2730628.12147199,-8.61179551366215,0,Empty,NaN
DBLP,Local,29.9294832115853,6,1,1,8611827.02366385,11388936.9763362,-2777109.9526723,-8.75838890082094,0,Empty,NaN
DBLP,Local,30.0516443675509,6,1,1,8588586.10806369,11412177.8919363,-2823591.78387261,-8.90498228797973,0,Empty,NaN
DBLP,Local,30.1738055235166,6,1,1,8565345.19246354,11435418.8075365,-2870073.61507292,-9.05157567513852,0,Empty,NaN
DBLP,Local,30.2959666794822,6,1,1,8542104.27686338,11458659.7231366,-2916555.44627323,-9.1981690622973,0,Empty,NaN
DBLP,Local,30.4181278354479,6,1,1,8518863.36126323,11481900.6387368,-2963037.27747354,-9.34476244945609,0,Empty,NaN
DBLP,Local,30.5402889914136,6,1,1,8495622.44566308,11505141.5543369,-3009519.10867384,-9.49135583661488,0,Empty,NaN
DBLP,Local,30.6624501473792,6,1,1,8472381.53006292,11528382.4699371,-3056000.93987415,-9.63794922377367,0,Empty,NaN
DBLP,Local,30.7846113033449,6,1,1,8449140.61446277,11551623.3855372,-3102482.77107446,-9.78454261093245,0,Empty,NaN
DBLP,Local,30.9067724593105,6,1,1,8425899.69886261,11574864.3011374,-3148964.60227477,-9.93113599809124,0,Empty,NaN
DBLP,Local,31.0289336152762,6,1,1,8402658.78326246,11598105.2167375,-3195446.43347508,-10.07772938525,0,Empty,NaN
DBLP,Local,31.1510947712418,6,1,1,8379417.86766231,11621346.1323377,-3241928.26467539,-10.2243227724088,0,Empty,NaN
DBLP,Local,31.2732559272075,6,1,1,8356176.95206215,11644587.0479378,-3288410.0958757,-10.3709161595676,0,Empty,NaN
DBLP,Local,31.3954170831731,6,1,1,8332936.036462,11667827.963538,-3334891.927076,-10.5175095467264,0,Empty,NaN
DBLP,Local,31.5175782391388,6,1,1,8309695.12086184,11691068.8791382,-3381373.75827631,-10.6641029338852,0,Empty,NaN
DBLP,Local,31.6397393951044,6,1,1,8286454.20526169,11714309.7947383,-3427855.58947662,-10.810696321044,0,Empty,NaN
DBLP,Local,31.7619005510701,6,1,1,8263213.28966153,11737550.7103385,-3474337.42067693,-10.9572897082028,0,Empty,NaN
DBLP,Local,31.8678089619377,6,1,1,8243064.42631079,11757699.5736892,-3514635.14737841,-11.0843798012439,0,Empty,NaN
DBLP,Local,31.8681276432141,6,1,1,8243003.79783531,11757760.2021647,-3514756.40432937,-11.0847622187756,0,Empty,NaN
DBLP,Local,31.8684463244906,6,1,1,8242943.16935983,11757820.8306402,-3514877.66128033,-11.0851446363073,0,Empty,NaN
DBLP,Local,31.8840617070358,6,1,1,8239972.37406138,11760791.6259386,-3520819.25187724,-11.1038830953615,0,Empty,NaN
DBLP,Local,32.0062228630014,6,1,1,8216731.45846123,11784032.5415388,-3567301.08307755,-11.2504764825203,0,Empty,NaN
DBLP,Local,32.1283840189671,6,1,1,8193490.54286107,11807273.4571389,-3613782.91427785,-11.3970698696791,0,Empty,NaN
DBLP,Local,32.2505451749327,6,1,1,8170249.62726092,11830514.3727391,-3660264.74547816,-11.5436632568379,0,Empty,NaN
DBLP,Local,32.3727063308984,6,1,1,8147008.71166076,11853755.2883392,-3706746.57667847,-11.6902566439967,0,Empty,NaN
DBLP,Local,32.494867486864,6,1,1,8123767.79606061,11876996.2039394,-3753228.40787878,-11.8368500311555,0,Empty,NaN
DBLP,Local,32.6170286428297,6,1,1,8100526.88046046,11900237.1195395,-3799710.23907909,-11.9834434183143,0,Empty,NaN
DBLP,Local,32.7391897987953,6,1,1,8077285.9648603,11923478.0351397,-3846192.0702794,-12.1300368054731,0,Empty,NaN
DBLP,Local,32.861350954761,6,1,1,8054045.04926015,11946718.9507399,-3892673.9014797,-12.2766301926318,0,Empty,NaN
DBLP,Local,32.9835121107266,6,1,1,8030804.13365999,11969959.86634,-3939155.73268001,-12.4232235797906,0,Empty,NaN
DBLP,Local,33.1056732666923,6,1,1,8007563.21805984,11993200.7819402,-3985637.56388032,-12.5698169669494,0,Empty,NaN
DBLP,Local,33.2278344226579,6,1,1,7984322.30245968,12016441.6975403,-4032119.39508063,-12.7164103541082,0,Empty,NaN
DBLP,Local,33.3499955786236,6,1,1,7961081.38685953,12039682.6131405,-4078601.22628094,-12.863003741267,0,Empty,NaN
DBLP,Local,33.4721567345893,6,1,1,7937840.47125938,12062923.5287406,-4125083.05748125,-13.0095971284258,0,Empty,NaN
DBLP,Local,33.5943178905549,6,1,1,7914599.55565922,12086164.4443408,-4171564.88868156,-13.1561905155846,0,Empty,NaN
DBLP,Local,33.7164790465206,6,1,1,7891358.64005907,12109405.3599409,-4218046.71988186,-13.3027839027434,0,Empty,NaN
DBLP,Local,33.8386402024862,6,1,1,7868117.72445891,12132646.2755411,-4264528.55108217,-13.4493772899021,0,Empty,NaN
DBLP,Local,33.9608013584519,6,1,1,7844876.80885876,12155887.1911412,-4311010.38228248,-13.5959706770609,0,Empty,NaN
DBLP,Local,34.0829625144175,6,1,1,7821635.8932586,12179128.1067414,-4357492.21348279,-13.7425640642197,0,Empty,NaN
DBLP,Local,34.2051236703832,6,1,1,7798394.97765845,12202369.0223415,-4403974.0446831,-13.8891574513785,0,Empty,NaN
DBLP,Local,34.3272848263488,6,1,1,7775154.0620583,12225609.9379417,-4450455.87588341,-14.0357508385373,0,Empty,NaN
DBLP,Local,34.4494459823145,6,1,1,7751913.14645814,12248850.8535419,-4496937.70708372,-14.1823442256961,0,Empty,NaN
DBLP,Local,34.5716071382801,6,1,1,7728672.23085799,12272091.769142,-4543419.53828402,-14.3289376128549,0,Empty,NaN
DBLP,Local,34.6937682942458,6,1,1,7705431.31525783,12295332.6847422,-4589901.36948433,-14.4755310000137,0,Empty,NaN
DBLP,Local,34.8159294502114,6,1,1,7682190.39965768,12318573.6003423,-4636383.20068464,-14.6221243871724,0,Empty,NaN
DBLP,Local,34.9380906061771,6,1,1,7658949.48405753,12341814.5159425,-4682865.03188495,-14.7687177743312,0,Empty,NaN
DBLP,Local,35.0602517621428,6,1,1,7635708.56845737,12365055.4315426,-4729346.86308526,-14.91531116149,0,Empty,NaN
DBLP,Local,35.1824129181084,6,1,1,7612467.65285722,12388296.3471428,-4775828.69428557,-15.0619045486488,0,Empty,NaN
DBLP,Local,35.3045740740741,6,1,1,7589226.73725706,12411537.2627429,-4822310.52548588,-15.2084979358076,0,Empty,NaN
DBLP,Local,35.4267352300397,6,1,1,7565985.82165691,12434778.1783431,-4868792.35668618,-15.3550913229664,0,Empty,NaN
DBLP,Local,35.5488963860054,6,1,1,7542744.90605675,12458019.0939432,-4915274.18788649,-15.5016847101252,0,Empty,NaN
DBLP,Local,35.671057541971,6,1,1,7519503.9904566,12481260.0095434,-4961756.0190868,-15.648278097284,0,Empty,NaN
DBLP,Local,35.7932186979367,6,1,1,7496263.07485645,12504500.9251436,-5008237.85028711,-15.7948714844428,0,Empty,NaN
DBLP,Local,35.9153798539023,6,1,1,7473022.15925629,12527741.8407437,-5054719.68148742,-15.9414648716015,0,Empty,NaN
DBLP,Local,36.037541009868,6,1,1,7449781.24365614,12550982.7563439,-5101201.51268772,-16.0880582587603,0,Empty,NaN
DBLP,Local,36.1597021658337,6,1,1,7426540.32805598,12574223.671944,-5147683.34388804,-16.2346516459191,0,Empty,NaN
DBLP,Local,36.2818633217993,6,1,1,7403299.41245583,12597464.5875442,-5194165.17508834,-16.3812450330779,0,Empty,NaN
DBLP,Local,36.404024477765,6,1,1,7380058.49685567,12620705.5031443,-5240647.00628865,-16.5278384202367,0,Empty,NaN
DBLP,Local,36.5261856337306,6,1,1,7356817.58125552,12643946.4187445,-5287128.83748896,-16.6744318073955,0,Empty,NaN
DBLP,Local,36.6483467896963,6,1,1,7333576.66565537,12667187.3343446,-5333610.66868927,-16.8210251945543,0,Empty,NaN
DBLP,Global,0,6,1,1,14303442.3997108,5697321.60028917,8606120.79942166,27.1417963902537,1,Nonempty,12170892.7539633
DBLP,Global,0.122161155965654,6,1,1,14245340.1107104,5755423.88928956,8489916.22142089,26.7753129223568,1,Nonempty,12006554.6637448
DBLP,Global,0.244322311931308,6,1,1,14187237.8217101,5813526.17828994,8373711.64342012,26.4088294544598,1,Nonempty,11842216.5735262
DBLP,Global,0.366483467896963,6,1,1,14129135.5327097,5871628.46729033,8257507.06541935,26.0423459865628,1,Nonempty,11677878.4833077
DBLP,Global,0.488644623862617,6,1,1,14071033.2437093,5929730.75629071,8141302.48741858,25.6758625186659,1,Nonempty,11513540.3930892
DBLP,Global,0.610805779828271,6,1,1,14012930.9547089,5987833.0452911,8025097.90941781,25.3093790507689,1,Nonempty,11349202.3028706
DBLP,Global,0.732966935793925,6,1,1,13954828.6657085,6045935.33429148,7908893.33141704,24.942895582872,1,Nonempty,11184864.2126521
DBLP,Global,0.85512809175958,6,1,1,13896726.3767081,6104037.62329186,7792688.75341627,24.576412114975,1,Nonempty,11020526.1224336
DBLP,Global,0.977289247725234,6,1,1,13838624.0877078,6162139.91229225,7676484.1754155,24.209928647078,1,Nonempty,10856188.0322151
DBLP,Global,1.09945040369089,6,1,1,13780521.7987074,6220242.20129263,7560279.59741473,23.8434451791811,1,Nonempty,10691849.9419965
DBLP,Global,1.22161155965654,6,1,1,13722419.509707,6278344.49029302,7444075.01941397,23.4769617112841,1,Nonempty,10527511.851778
DBLP,Global,1.3437727156222,6,1,1,13664317.2207066,6336446.7792934,7327870.4414132,23.1104782433871,1,Nonempty,10363173.7615595
DBLP,Global,1.46593387158785,6,1,1,13606214.9317062,6394549.06829379,7211665.86341243,22.7439947754902,1,Nonempty,10198835.6713409
DBLP,Global,1.5880950275535,6,1,1,13548112.6427058,6452651.35729417,7095461.28541166,22.3775113075932,1,Nonempty,10034497.5811224
DBLP,Global,1.71025618351916,6,1,1,13490010.3537054,6510753.64629456,6979256.70741089,22.0110278396963,1,Nonempty,9870159.49090387
DBLP,Global,1.83241733948481,6,1,1,13431908.0647051,6568855.93529494,6863052.12941012,21.6445443717993,1,Nonempty,9705821.40068534
DBLP,Global,1.95457849545047,6,1,1,13373805.7757047,6626958.22429532,6746847.55140935,21.2780609039023,1,Nonempty,9541483.31046681
DBLP,Global,2.07673965141612,6,1,1,13315703.4867043,6685060.51329571,6630642.97340858,20.9115774360054,1,Nonempty,9377145.22024829
DBLP,Global,2.19890080738178,6,1,1,13257601.1977039,6743162.80229609,6514438.39540781,20.5450939681084,1,Nonempty,9212807.13002975
DBLP,Global,2.32106196334743,6,1,1,13199498.9087035,6801265.09129648,6398233.81740705,20.1786105002114,1,Nonempty,9048469.03981123
DBLP,Global,2.44322311931308,6,1,1,13141396.6197031,6859367.38029686,6282029.23940628,19.8121270323145,1,Nonempty,8884130.9495927
DBLP,Global,2.56538427527874,6,1,1,13083294.3307028,6917469.66929725,6165824.66140551,19.4456435644175,1,Nonempty,8719792.85937417
DBLP,Global,2.68754543124439,6,1,1,13025192.0417024,6975571.95829763,6049620.08340474,19.0791600965206,1,Nonempty,8555454.76915564
DBLP,Global,2.80970658721005,6,1,1,12967089.752702,7033674.24729802,5933415.50540397,18.7126766286236,1,Nonempty,8391116.67893711
DBLP,Global,2.9318677431757,6,1,1,12908987.4637016,7091776.5362984,5817210.9274032,18.3461931607266,1,Nonempty,8226778.58871858
DBLP,Global,3.05402889914135,6,1,1,12850885.1747012,7149878.82529878,5701006.34940243,17.9797096928297,1,Nonempty,8062440.49850005
DBLP,Global,3.17619005510701,6,1,1,12792782.8857008,7207981.11429917,5584801.77140166,17.6132262249327,1,Nonempty,7898102.40828152
DBLP,Global,3.29835121107266,6,1,1,12734680.5967004,7266083.40329955,5468597.19340089,17.2467427570357,1,Nonempty,7733764.31806299
DBLP,Global,3.42051236703832,6,1,1,12676578.3077001,7324185.69229994,5352392.61540012,16.8802592891388,1,Nonempty,7569426.22784446
DBLP,Global,3.54267352300397,6,1,1,12618476.0186997,7382287.98130032,5236188.03739936,16.5137758212418,1,Nonempty,7405088.13762593
DBLP,Global,3.66483467896963,6,1,1,12560373.7296993,7440390.27030071,5119983.45939859,16.1472923533449,1,Nonempty,7240750.0474074
DBLP,Global,3.78699583493528,6,1,1,12502271.4406989,7498492.55930109,5003778.88139782,15.7808088854479,1,Nonempty,7076411.95718887
DBLP,Global,3.90915699090093,6,1,1,12444169.1516985,7556594.84830148,4887574.30339705,15.4143254175509,1,Nonempty,6912073.86697034
DBLP,Global,4.03131814686659,6,1,1,12386066.8626981,7614697.13730186,4771369.72539628,15.047841949654,1,Nonempty,6747735.77675181
DBLP,Global,4.15347930283224,6,1,1,12327964.5736978,7672799.42630224,4655165.14739551,14.681358481757,1,Nonempty,6583397.68653328
DBLP,Global,4.2756404587979,6,1,1,12269862.2846974,7730901.71530263,4538960.56939474,14.31487501386,1,Nonempty,6419059.59631475
DBLP,Global,4.39780161476355,6,1,1,12211759.995697,7789004.00430301,4422755.99139397,13.9483915459631,1,Nonempty,6254721.50609622
DBLP,Global,4.51996277072921,6,1,1,12153657.7066966,7847106.2933034,4306551.41339321,13.5819080780661,1,Nonempty,6090383.41587769
DBLP,Global,4.64212392669486,6,1,1,12095555.4176962,7905208.58230378,4190346.83539244,13.2154246101692,1,Nonempty,5926045.32565916
DBLP,Global,4.76428508266051,6,1,1,12037453.1286958,7963310.87130417,4074142.25739167,12.8489411422722,1,Nonempty,5761707.23544063
DBLP,Global,4.88644623862617,6,1,1,11979350.8396954,8021413.16030455,3957937.6793909,12.4824576743752,1,Nonempty,5597369.1452221
DBLP,Global,5.00860739459182,6,1,1,11921248.5506951,8079515.44930494,3841733.10139013,12.1159742064783,1,Nonempty,5433031.05500358
DBLP,Global,5.13076855055748,6,1,1,11863146.2616947,8137617.73830532,3725528.52338936,11.7494907385813,1,Nonempty,5268692.96478505
DBLP,Global,5.25292970652313,6,1,1,11805043.9726943,8195720.02730571,3609323.94538859,11.3830072706843,1,Nonempty,5104354.87456651
DBLP,Global,5.37509086248879,6,1,1,11746941.6836939,8253822.31630609,3493119.36738782,11.0165238027874,1,Nonempty,4940016.78434799
DBLP,Global,5.49725201845444,6,1,1,11688839.3946935,8311924.60530647,3376914.78938705,10.6500403348904,1,Nonempty,4775678.69412946
DBLP,Global,5.61941317442009,6,1,1,11630737.1056931,8370026.89430686,3260710.21138628,10.2835568669935,1,Nonempty,4611340.60391093
DBLP,Global,5.74157433038575,6,1,1,11572634.8166928,8428129.18330724,3144505.63338552,9.91707339909649,1,Nonempty,4447002.5136924
DBLP,Global,5.8637354863514,6,1,1,11514532.5276924,8486231.47230763,3028301.05538475,9.55058993119953,1,Nonempty,4282664.42347387
DBLP,Global,5.98589664231706,6,1,1,11456430.238692,8544333.76130801,2912096.47738398,9.18410646330257,1,Nonempty,4118326.33325534
DBLP,Global,6.10805779828271,6,1,1,11398327.9496916,8602436.0503084,2795891.89938321,8.81762299540561,1,Nonempty,3953988.24303681
DBLP,Global,6.23021895424836,6,1,1,11340225.6606912,8660538.33930878,2679687.32138244,8.45113952750864,1,Nonempty,3789650.15281828
DBLP,Global,6.35238011021402,6,1,1,11282123.3716908,8718640.62830916,2563482.74338167,8.08465605961168,1,Nonempty,3625312.06259975
DBLP,Global,6.47454126617967,6,1,1,11224021.0826905,8776742.91730955,2447278.1653809,7.71817259171472,1,Nonempty,3460973.97238122
DBLP,Global,6.59670242214533,6,1,1,11165918.7936901,8834845.20630993,2331073.58738013,7.35168912381775,1,Nonempty,3296635.88216269
DBLP,Global,6.71886357811098,6,1,1,11107816.5046897,8892947.49531032,2214869.00937937,6.98520565592079,1,Nonempty,3132297.79194416
DBLP,Global,6.84102473407664,6,1,1,11049714.2156893,8951049.7843107,2098664.43137859,6.61872218802383,1,Nonempty,2967959.70172563
DBLP,Global,6.96318589004229,6,1,1,10991611.9266889,9009152.07331109,1982459.85337783,6.25223872012687,1,Nonempty,2803621.6115071
DBLP,Global,7.08534704600794,6,1,1,10933509.6376885,9067254.36231147,1866255.27537706,5.8857552522299,1,Nonempty,2639283.52128857
DBLP,Global,7.18772786386532,6,1,1,10884815.2730992,9115948.7269008,1768866.54619841,5.57861279865777,1,Nonempty,2501555.05966184
DBLP,Global,7.18779974186274,6,1,1,10884781.0864861,9115982.91351393,1768798.17297214,5.57839716466551,1,Nonempty,2501458.36531795
DBLP,Global,7.18787161986016,6,1,1,10884746.8998729,9116017.10012706,1768729.79974588,5.57818153067326,1,Nonempty,2501361.67097407
DBLP,Global,7.2075082019736,6,1,1,10875407.3486881,9125356.65131186,1750050.69737629,5.51927178433295,1,Nonempty,2474945.43107004
DBLP,Global,7.32966935793925,6,1,1,10817305.0596878,9183458.94031224,1633846.11937552,5.15278831643598,1,Nonempty,2310607.34085151
DBLP,Global,7.35246907379743,6,1,1,10806461.0588313,9194302.94116871,1612158.11766258,5.08438916886144,1,Nonempty,2279935.87468831
DBLP,Global,7.35254259922343,6,1,1,10806426.0886682,9194337.91133182,1612088.17733636,5.08416859258346,1,Nonempty,2279836.96413041
DBLP,Global,7.35261612464942,6,1,1,10806391.1185051,9194372.88149493,1612018.23701014,5.08394801630549,1,Nonempty,2279738.05357251
DBLP,Global,7.45183051390491,6,1,1,10759202.7706874,9241561.22931262,1517641.54137475,4.78630484853902,1,Nonempty,2146269.25063298
DBLP,Global,7.57399166987056,6,1,1,10701100.481687,9299663.51831301,1401436.96337398,4.41982138064205,1,Nonempty,1981931.16041445
DBLP,Global,7.69615282583621,6,1,1,10642998.1926866,9357765.80731339,1285232.38537321,4.05333791274509,1,Nonempty,1817593.07019592
DBLP,Global,7.81831398180187,6,1,1,10584895.9036862,9415868.09631378,1169027.80737245,3.68685444484813,1,Nonempty,1653254.97997739
DBLP,Global,7.94047513776752,6,1,1,10526793.6146858,9473970.38531416,1052823.22937168,3.32037097695116,1,Nonempty,1488916.88975886
DBLP,Global,8.06263629373318,6,1,1,10468691.3256855,9532072.67431455,936618.651370907,2.9538875090542,1,Nonempty,1324578.79954033
DBLP,Global,8.18479744969883,6,1,1,10410589.0366851,9590174.96331493,820414.073370137,2.58740404115724,1,Nonempty,1160240.7093218
DBLP,Global,8.28017384837035,6,1,1,10365226.1139489,9635537.88605108,729688.227897841,2.30127484514268,1,Nonempty,1031934.98819712
DBLP,Global,8.28025665093686,6,1,1,10365186.7313922,9635577.26860776,729609.462784474,2.30102643744315,1,Nonempty,1031823.59750555
DBLP,Global,8.28033945350337,6,1,1,10365147.3488356,9635616.65116445,729530.697671106,2.30077802974362,1,Nonempty,1031712.20681398
DBLP,Global,8.29078597333203,6,1,1,10360178.7750746,9640585.22492535,719593.550149292,2.26943847025764,1,Nonempty,1017658.95801733
DBLP,Global,8.29086888202085,6,1,1,10360139.3420441,9640624.65795593,719514.684088138,2.26918974419118,1,Nonempty,1017547.42456404
DBLP,Global,8.29095179070968,6,1,1,10360099.9090135,9640664.09098651,719435.818026983,2.26894101812471,1,Nonempty,1017435.89111074
DBLP,Global,8.30695860566449,6,1,1,10352486.7476847,9648277.25231532,704209.49536937,2.22092057326028,1,Nonempty,995902.619103277
DBLP,Global,8.35488870489337,6,1,1,10329690.2338894,9671073.76611056,658616.467778883,2.07713027557362,1,Nonempty,931424.341135159
DBLP,Global,8.35497225461592,6,1,1,10329650.4959704,9671113.5040296,658536.991940808,2.07687962640598,1,Nonempty,931311.945327072
DBLP,Global,8.35505580433847,6,1,1,10329610.7580514,9671153.24194863,658457.516102732,2.07662897723834,1,Nonempty,931199.549518985
DBLP,Global,8.42911976163014,6,1,1,10294384.4586843,9706379.5413157,588004.9173686,1.85443710536332,1,Nonempty,831564.528884745
DBLP,Global,8.52696458000834,6,1,1,10247847.5061673,9752916.49383274,494931.012334524,1.56090265022872,1,Nonempty,699938.150082529
DBLP,Global,8.52704985050684,6,1,1,10247806.9498128,9752957.05018724,494849.899625525,1.56064683873321,1,Nonempty,699823.439389382
DBLP,Global,8.52713512100535,6,1,1,10247766.3934583,9752997.60654174,494768.786916527,1.56039102723769,1,Nonempty,699708.728696236
DBLP,Global,8.55128091759579,6,1,1,10236282.1696839,9764481.83031609,471800.339367833,1.48795363746636,1,Nonempty,667226.438666218
DBLP,Global,8.63592962901206,6,1,1,10196021.5495601,9804742.45043989,391279.09912022,1.23400750321755,1,Nonempty,553352.208648942
DBLP,Global,8.63601598917196,6,1,1,10195980.4749409,9804783.52505914,391196.949881724,1.23374842273787,1,Nonempty,553236.032081722
DBLP,Global,8.63610234933185,6,1,1,10195939.4003216,9804824.59967839,391114.800643228,1.23348934225819,1,Nonempty,553119.855514502
DBLP,Global,8.67344207356145,6,1,1,10178179.8806835,9822584.11931647,355595.761367063,1.12147016956939,1,Nonempty,502888.348447687
DBLP,Global,8.73562312488827,6,1,1,10148605.3290515,9852158.67094853,296446.65810294,0.934927015588936,1,Nonempty,419238.884409358
DBLP,Global,8.73571048199309,6,1,1,10148563.7802653,9852200.21973472,296363.560530552,0.934664944274479,1,Nonempty,419121.366695486
DBLP,Global,8.73579783909791,6,1,1,10148522.2314791,9852241.76852092,296280.462958164,0.934402872960021,1,Nonempty,419003.848981614
DBLP,Global,8.78404674389113,6,1,1,10125574.0873813,9875189.91261867,250384.17476266,0.789656158580357,1,Nonempty,354096.695752949
DBLP,Global,8.78413458523698,6,1,1,10125532.3082804,9875231.69171958,250300.616560832,0.789392634542802,1,Nonempty,353978.526610676
DBLP,Global,8.78422242658283,6,1,1,10125490.5291795,9875273.4708205,250217.058359003,0.789129110505244,1,Nonempty,353860.357468402
DBLP,Global,8.7956032295271,6,1,1,10120077.5916831,9880686.40831685,239391.183366294,0.75498670167243,1,Nonempty,338550.258229157
DBLP,Global,8.89258698336861,6,1,1,10073950.178681,9926813.82131895,147136.357362095,0.464035440147897,1,Nonempty,208082.23209965
DBLP,Global,8.89267591012771,6,1,1,10073907.8833359,9926856.11666412,147051.766671767,0.463768659870592,1,Nonempty,207962.602798137
DBLP,Global,8.89276483688682,6,1,1,10073865.5879907,9926898.41200928,146967.175981442,0.463501879593294,1,Nonempty,207842.973496628
DBLP,Global,8.90728441998734,6,1,1,10066959.7838765,9933804.21612355,133155.567752901,0.419943130291729,1,Nonempty,188310.409821643
DBLP,Global,8.90737349372227,6,1,1,10066917.4186266,9933846.58137336,133070.83725328,0.419675909086918,1,Nonempty,188190.582799931
DBLP,Global,8.90746256745721,6,1,1,10066875.0533768,9933888.94662317,132986.106753659,0.419408687882107,1,Nonempty,188070.75577822
DBLP,Global,8.91776438549276,6,1,1,10061975.3026828,9938788.69731724,123186.605365524,0.388503233775464,1,Nonempty,174212.168010626
DBLP,Global,8.95511651775248,6,1,1,10044209.8815374,9956554.11846261,87655.7630747873,0.276446836996302,1,Nonempty,123963.968960527
DBLP,Global,8.95520606981318,6,1,1,10044167.2887863,9956596.71121372,87570.5775725693,0.276178180814209,1,Nonempty,123843.498467973
DBLP,Global,8.95529562187387,6,1,1,10044124.6960352,9956639.30396483,87485.3920703512,0.275909524632115,1,Nonempty,123723.027975418
DBLP,Global,8.95912126700135,6,1,1,10042305.1426996,9958458.85730036,83846.2853992879,0.264432589249678,1,Nonempty,118576.553966278
DBLP,Global,8.95921085910994,6,1,1,10042262.530901,9958501.46909904,83761.0618019123,0.264163812923906,1,Nonempty,118456.029599035
DBLP,Global,8.95930045121853,6,1,1,10042219.9191023,9958544.08089773,83675.8382045366,0.263895036598135,1,Nonempty,118335.505231792
DBLP,Global,8.96478404337901,6,1,1,10039611.8129989,9961152.1870011,78459.6259978022,0.247444260116697,1,Nonempty,110958.667184813
DBLP,Global,8.96487369211594,6,1,1,10039569.1742666,9961194.82573335,78374.3485332932,0.247175313905933,1,Nonempty,110838.066637939
DBLP,Global,8.96496334085286,6,1,1,10039526.5355344,9961237.46446561,78289.0710687842,0.246906367695169,1,Nonempty,110717.466091066
DBLP,Global,8.9743146079736,6,1,1,10035078.8858664,9965685.11413357,69393.7717328519,0.21885256633295,1,Nonempty,98137.6131288218
DBLP,Global,8.97440435201712,6,1,1,10035036.2018044,9965727.79819556,69308.4036088921,0.218583334202385,1,Nonempty,98016.8843701236
DBLP,Global,8.97449409606064,6,1,1,10034993.5177425,9965770.48225753,69223.0354849324,0.218314102071819,1,Nonempty,97896.1556114254
DBLP,Global,8.97452490499112,6,1,1,10034978.864399,9965785.13560105,69193.7287979014,0.218221675280375,1,Nonempty,97854.709697158
DBLP,Global,8.97461465113763,6,1,1,10034936.1793367,9965827.82066325,69108.3586734943,0.217952436840842,1,Nonempty,97733.9781094
DBLP,Global,8.97470439728414,6,1,1,10034893.4942745,9965870.50572546,69022.9885490872,0.217683198401309,1,Nonempty,97613.246521642
DBLP,Global,8.98503224306695,6,1,1,10029981.3642633,9970782.63573668,59198.7285266463,0.186699661052877,1,Nonempty,83719.6447576262
DBLP,Global,8.9851220942879,6,1,1,10029938.6292256,9970825.37077438,59113.2584512364,0.186430107390048,1,Nonempty,83598.7718178045
DBLP,Global,8.98521194550884,6,1,1,10029895.8941879,9970868.10581209,59027.7883758247,0.186160553727213,1,Nonempty,83477.8988779802
DBLP,Global,8.98712433639839,6,1,1,10028986.322833,9971777.67716698,57208.6456660517,0.180423381058571,1,Nonempty,80905.242585927
DBLP,Global,8.98721420854047,6,1,1,10028943.5778448,9971820.42215519,57123.1556896158,0.180153764632319,1,Nonempty,80784.3415018044
DBLP,Global,8.98730408068256,6,1,1,10028900.8328566,9971863.16714341,57037.665713178,0.179884148206062,1,Nonempty,80663.4404176792
DBLP,Global,8.98891529313116,6,1,1,10028134.5079918,9972629.49200822,55505.0159835704,0.175050510860257,1,Nonempty,78495.9463837006
DBLP,Global,8.98900518318299,6,1,1,10028091.7544853,9972672.24551467,55419.5089706648,0.174780840704758,1,Nonempty,78375.0212063716
DBLP,Global,8.98909507323483,6,1,1,10028049.0009789,9972714.99902112,55334.0019577593,0.17451117054926,1,Nonempty,78254.0960290425
DBLP,Global,8.9954967525962,6,1,1,10025004.234241,9975759.76575898,49244.4684820417,0.155306132465125,1,Nonempty,69642.1951991578
DBLP,Global,8.99558670846329,6,1,1,10024961.4494315,9975802.55056848,49158.898863038,0.155036264863877,1,Nonempty,69521.1814834357
DBLP,Global,8.99567666433037,6,1,1,10024918.664622,9975845.33537798,49073.3292440325,0.154766397262623,1,Nonempty,69400.167767711
DBLP,Global,8.99918957234718,6,1,1,10023247.8553111,9977516.14468894,45731.7106221262,0.144227673212206,1,Nonempty,64674.4053923327
DBLP,Global,8.99927956514283,6,1,1,10023205.0529376,9977558.94706241,45646.1058751903,0.14395769482525,1,Nonempty,64553.3419982124
DBLP,Global,8.99936955793848,6,1,1,10023162.2505641,9977601.74943587,45560.5011282563,0.143687716438301,1,Nonempty,64432.2786040948
DBLP,Global,9.00228395916643,6,1,1,10021776.1030521,9978987.89694791,42788.2061041761,0.134944512754435,1,Nonempty,60511.6613821411
DBLP,Global,9.00237398290626,6,1,1,10021733.285961,9979030.71403905,42702.5719219018,0.134674441534949,1,Nonempty,60390.556360166
DBLP,Global,9.00246400664609,6,1,1,10021690.4688698,9979073.53113019,42616.9377396256,0.134404370315458,1,Nonempty,60269.4513381883
DBLP,Global,9.00756352162496,6,1,1,10019265.0375556,9981498.96244444,37766.0751111265,0.119105825378852,1,Nonempty,53409.2956197561
DBLP,Global,9.00765359816094,6,1,1,10019222.1953535,9981541.80464648,37680.3907070402,0.11883559577091,1,Nonempty,53288.1195734134
DBLP,Global,9.00774367469692,6,1,1,10019179.3531515,9981584.64684852,37594.7063029539,0.118565366162968,1,Nonempty,53166.9435270707
DBLP,Global,9.0089671911551,6,1,1,10018597.4242536,9982166.57574636,36430.8485072795,0.114894816788443,1,Nonempty,51521.0000477543
DBLP,Global,9.00905728172791,6,1,1,10018554.5753754,9982209.4246246,36345.1507507935,0.114624545069993,1,Nonempty,51399.8051182669
DBLP,Global,9.00914737230073,6,1,1,10018511.7264972,9982252.27350285,36259.4529943075,0.114354273351544,1,Nonempty,51278.6101887794
DBLP,Global,9.01209135202732,6,1,1,10017111.5108596,9983652.48914041,33459.0217191912,0.10552233417179,1,Nonempty,47318.2022990162
DBLP,Global,9.01218147384205,6,1,1,10017068.6471221,9983695.35287793,33373.2942441404,0.105251968727578,1,Nonempty,47196.9653411313
DBLP,Global,9.01227159565679,6,1,1,10017025.7833845,9983738.21661546,33287.5667690877,0.10498160328336,1,Nonempty,47075.7283832438
DBLP,Global,9.01567605245605,6,1,1,10015406.5556417,9985357.44435832,30049.11128336,0.0947682328855811,1,Nonempty,42495.8607141862
DBLP,Global,9.01576621011815,6,1,1,10015363.6748544,9985400.32514557,29963.3497088626,0.0944977598992765,1,Nonempty,42374.5755324014
DBLP,Global,9.01585636778025,6,1,1,10015320.7940672,9985443.20593282,29877.588134367,0.0942272869129779,1,Nonempty,42253.2903506193
DBLP,Global,9.01801077857193,6,1,1,10014296.1132064,9986467.88679356,27828.2264128886,0.0877640545379356,1,Nonempty,39355.0552098963
DBLP,Global,9.01810095958153,6,1,1,10014253.2213147,9986510.77868534,27742.4426293205,0.0874935115091477,1,Nonempty,39233.7386197426
DBLP,Global,9.01819114059112,6,1,1,10014210.3294229,9986553.67057712,27656.6588457543,0.0872229684803656,1,Nonempty,39112.4220295916
DBLP,Global,9.03260374082072,6,1,1,10007355.4085017,9993408.59149833,13946.8170033488,0.0439851677915631,1,Nonempty,19723.7777580716
DBLP,Global,9.0326940677614,6,1,1,10007312.4472021,9993451.55279785,13860.8944042996,0.0437141869695331,1,Nonempty,19602.2648531818
DBLP,Global,9.03278439470208,6,1,1,10007269.4859026,9993494.51409738,13774.9718052503,0.0434432061475031,1,Nonempty,19480.7519482919
DBLP,Global,9.03992554145841,6,1,1,10003873.0136824,9996890.98631762,6982.02736475505,0.0220197658785008,1,Nonempty,9874.07779209667
DBLP,Global,9.04273982823953,6,1,1,10002534.4826035,9998229.51739646,4304.96520707943,0.0135769055351313,1,Nonempty,6088.14018139602
DBLP,Global,9.0428302565421,6,1,1,10002491.4730943,9998272.52690573,4218.94618854858,0.0133056206274397,1,Nonempty,5966.49091876768
DBLP,Global,9.04292068484467,6,1,1,10002448.463585,9998315.53641499,4132.92717001587,0.0130343357197422,1,Nonempty,5844.8416561367
DBLP,Global,9.04717499076328,6,1,1,10000425.030604,10000338.969396,86.061207992956,0.000271417963898562,1,Nonempty,121.70892753785
DBLP,Global,9.04726546341791,6,1,1,10000382,10000382,0,0,NaN,Boundary,0
DBLP,Global,9.04735593607255,6,1,1,10000338.969396,10000425.030604,-86.0612079948187,-0.000271417963904436,0,Empty,NaN
DBLP,Global,9.10438556992821,6,1,1,9973214.53494157,10027549.4650584,-54334.9301168527,-0.171360319530884,0,Empty,NaN
DBLP,Global,9.10447661469435,6,1,1,9973171.2322299,10027592.7677701,-54421.5355402026,-0.171633453829326,0,Empty,NaN
DBLP,Global,9.1045676594605,6,1,1,9973127.92951822,10027636.0704818,-54508.1409635525,-0.171906588127767,0,Empty,NaN
DBLP,Global,9.11975038774126,6,1,1,9965906.72029333,10034857.2797067,-68950.5594133418,-0.217454772970045,0,Empty,NaN
DBLP,Global,9.11984158615712,6,1,1,9965863.34450278,10034900.6554972,-69037.3109944463,-0.217728368217631,0,Empty,NaN
DBLP,Global,9.11993278457298,6,1,1,9965819.96871223,10034944.0312878,-69124.0625755489,-0.21800196346521,0,Empty,NaN
DBLP,Global,9.14867403267506,6,1,1,9952150.05628991,10048613.9437101,-96463.8874201719,-0.304225707771452,0,Empty,NaN
DBLP,Global,9.14876552033027,6,1,1,9952106.54293135,10048657.4570687,-96550.9141373057,-0.304500170737056,0,Empty,NaN
DBLP,Global,9.14885700798547,6,1,1,9952063.02957278,10048700.9704272,-96637.9408544414,-0.304774633702666,0,Empty,NaN
DBLP,Global,9.15963967338747,6,1,1,9946934.57825428,10053829.4217457,-106894.843491437,-0.337122629908657,0,Empty,NaN
DBLP,Global,9.15973127070017,6,1,1,9946891.01274041,10053872.9872596,-106981.974519176,-0.337397421846778,0,Empty,NaN
DBLP,Global,9.15982286801288,6,1,1,9946847.44722654,10053916.5527735,-107069.105546916,-0.337672213784899,0,Empty,NaN
DBLP,Global,9.16208669742407,6,1,1,9945770.72468199,10054993.275318,-109222.550636014,-0.344463702018462,0,Empty,NaN
DBLP,Global,9.16734097416254,6,1,1,9943271.68557964,10057492.3144204,-114220.628840724,-0.360226532233897,0,Empty,NaN
DBLP,Global,9.16743264848903,6,1,1,9943228.08343648,10057535.9165635,-114307.83312705,-0.360501555213352,0,Empty,NaN
DBLP,Global,9.16752432281551,6,1,1,9943184.48129331,10057579.5187067,-114395.037413375,-0.360776578192808,0,Empty,NaN
DBLP,Global,9.28424785338972,6,1,1,9887668.43568161,10113095.5643184,-225427.128636783,-0.710947169915425,0,Empty,NaN
DBLP,Global,9.40640900935537,6,1,1,9829566.14668123,10171197.8533188,-341631.70663755,-1.07743063781238,0,Empty,NaN
DBLP,Global,9.52857016532103,6,1,1,9771463.85768084,10229300.1423192,-457836.284638319,-1.44391410570935,0,Empty,NaN
DBLP,Global,9.60578959341049,6,1,1,9734736.75329293,10266027.2467071,-531290.493414136,-1.67557238997772,0,Empty,NaN
DBLP,Global,9.60588565226701,6,1,1,9734691.06577959,10266072.9342204,-531381.868440814,-1.67586056654729,0,Empty,NaN
DBLP,Global,9.60598171112353,6,1,1,9734645.37826625,10266118.6217337,-531473.243467493,-1.67614874311686,0,Empty,NaN
DBLP,Global,9.6297043030257,6,1,1,9723362.43910575,10277401.5608943,-554039.121788513,-1.74731651882337,0,Empty,NaN
DBLP,Global,9.62980060103171,6,1,1,9723316.63784813,10277447.3621519,-554130.72430375,-1.7476054128414,0,Empty,NaN
DBLP,Global,9.62989689903772,6,1,1,9723270.83659051,10277493.1634095,-554222.326818988,-1.74789430685943,0,Empty,NaN
DBLP,Global,9.64390235484305,6,1,1,9716609.56170038,10284154.4382996,-567544.876599248,-1.78991067427541,0,Empty,NaN
DBLP,Global,9.643998794831,6,1,1,9716563.69291331,10284200.3070867,-567636.614173384,-1.79019999423926,0,Empty,NaN
DBLP,Global,9.64409523481895,6,1,1,9716517.82412624,10284246.1758738,-567728.35174752,-1.7904893142031,0,Empty,NaN
DBLP,Global,9.65073132128668,6,1,1,9713361.56868046,10287402.4313195,-574040.862639088,-1.81039757360631,0,Empty,NaN
DBLP,Global,9.77289247725234,6,1,1,9655259.27968007,10345504.7203199,-690245.440639857,-2.17688104150327,0,Empty,NaN
DBLP,Global,9.89505363321799,6,1,1,9597156.99067969,10403607.0093203,-806450.018640626,-2.54336450940023,0,Empty,NaN
DBLP,Global,10.0172147891836,6,1,1,9539054.7016793,10461709.2983207,-922654.596641395,-2.9098479772972,0,Empty,NaN
DBLP,Global,10.1393759451493,6,1,1,9480952.41267892,10519811.5873211,-1038859.17464217,-3.27633144519417,0,Empty,NaN
DBLP,Global,10.261537101115,6,1,1,9422850.12367854,10577913.8763215,-1155063.75264293,-3.64281491309112,0,Empty,NaN
DBLP,Global,10.3836982570806,6,1,1,9364747.83467815,10636016.1653219,-1271268.3306437,-4.00929838098809,0,Empty,NaN
DBLP,Global,10.4678283840112,6,1,1,9324733.86370741,10676030.1362926,-1351296.27258517,-4.26168876177991,0,Empty,NaN
DBLP,Global,10.4679330633418,6,1,1,9324684.07612418,10676079.9238758,-1351395.84775165,-4.26200279977181,0,Empty,NaN
DBLP,Global,10.4680377426725,6,1,1,9324634.28854094,10676129.7114591,-1351495.42291812,-4.26231683776371,0,Empty,NaN
DBLP,Global,10.5058594130463,6,1,1,9306645.54567777,10694118.4543222,-1387472.90864447,-4.37578184888505,0,Empty,NaN
DBLP,Global,10.6280205690119,6,1,1,9248543.25667738,10752220.7433226,-1503677.48664524,-4.74226531678201,0,Empty,NaN
DBLP,Global,10.7501817249776,6,1,1,9190440.967677,10810323.032323,-1619882.06464601,-5.10874878467897,0,Empty,NaN
DBLP,Global,10.8723428809432,6,1,1,9132338.67867661,10868425.3213234,-1736086.64264678,-5.47523225257593,0,Empty,NaN
DBLP,Global,10.9945040369089,6,1,1,9074236.38967623,10926527.6103238,-1852291.22064755,-5.8417157204729,0,Empty,NaN
DBLP,Global,11.1166651928745,6,1,1,9016134.10067584,10984629.8993242,-1968495.79864832,-6.20819918836986,0,Empty,NaN
DBLP,Global,11.2388263488402,6,1,1,8958031.81167546,11042732.1883245,-2084700.37664909,-6.57468265626683,0,Empty,NaN
DBLP,Global,11.3609875048058,6,1,1,8899929.52267507,11100834.4773249,-2200904.95464985,-6.94116612416378,0,Empty,NaN
DBLP,Global,11.4831486607715,6,1,1,8841827.23367469,11158936.7663253,-2317109.53265062,-7.30764959206075,0,Empty,NaN
DBLP,Global,11.6053098167371,6,1,1,8783724.94467431,11217039.0553257,-2433314.11065139,-7.67413305995771,0,Empty,NaN
DBLP,Global,11.7274709727028,6,1,1,8725622.65567392,11275141.3443261,-2549518.68865216,-8.04061652785467,0,Empty,NaN
DBLP,Global,11.8496321286685,6,1,1,8667520.36667354,11333243.6333265,-2665723.26665293,-8.40709999575164,0,Empty,NaN
DBLP,Global,11.9717932846341,6,1,1,8609418.07767315,11391345.9223268,-2781927.8446537,-8.7735834636486,0,Empty,NaN
DBLP,Global,12.0301728266809,6,1,1,8581651.59988485,11419112.4001152,-2837460.8002303,-8.94872208978902,0,Empty,NaN
DBLP,Global,12.0302931296122,6,1,1,8581594.38140467,11419169.6185953,-2837575.23719067,-8.94908299858291,0,Empty,NaN
DBLP,Global,12.0304134325435,6,1,1,8581537.16292448,11419226.8370755,-2837689.67415104,-8.9494439073768,0,Empty,NaN
DBLP,Global,12.0939544405998,6,1,1,8551315.78867277,11449448.2113272,-2898132.42265447,-9.14006693154556,0,Empty,NaN
DBLP,Global,12.2161155965654,6,1,1,8493213.49967238,11507550.5003276,-3014337.00065523,-9.50655039944252,0,Empty,NaN
DBLP,Global,12.3382767525311,6,1,1,8435111.210672,11565652.789328,-3130541.578656,-9.87303386733949,0,Empty,NaN
DBLP,Global,12.4604379084967,6,1,1,8377008.92167161,11623755.0783284,-3246746.15665677,-10.2395173352365,0,Empty,NaN
DBLP,Global,12.5825990644624,6,1,1,8318906.63267123,11681857.3673288,-3362950.73465754,-10.6060008031334,0,Empty,NaN
DBLP,Global,12.704760220428,6,1,1,8260804.34367085,11739959.6563292,-3479155.31265831,-10.9724842710304,0,Empty,NaN
DBLP,Global,12.8269213763937,6,1,1,8202702.05467046,11798061.9453295,-3595359.89065908,-11.3389677389273,0,Empty,NaN
DBLP,Global,12.9490825323593,6,1,1,8144599.76567008,11856164.2343299,-3711564.46865985,-11.7054512068243,0,Empty,NaN
DBLP,Global,13.071243688325,6,1,1,8086497.47666969,11914266.5233303,-3827769.04666062,-12.0719346747213,0,Empty,NaN
DBLP,Global,13.1934048442907,6,1,1,8028395.18766931,11972368.8123307,-3943973.62466139,-12.4384181426182,0,Empty,NaN
DBLP,Global,13.3155660002563,6,1,1,7970292.89866892,12030471.1013311,-4060178.20266216,-12.8049016105152,0,Empty,NaN
DBLP,Global,13.437727156222,6,1,1,7912190.60966854,12088573.3903315,-4176382.78066292,-13.1713850784121,0,Empty,NaN
DBLP,Global,13.5598883121876,6,1,1,7854088.32066815,12146675.6793318,-4292587.35866369,-13.5378685463091,0,Empty,NaN
DBLP,Global,13.6820494681533,6,1,1,7795986.03166777,12204777.9683322,-4408791.93666447,-13.9043520142061,0,Empty,NaN
DBLP,Global,13.8042106241189,6,1,1,7737883.74266738,12262880.2573326,-4524996.51466523,-14.270835482103,0,Empty,NaN
DBLP,Global,13.9263717800846,6,1,1,7679781.453667,12320982.546333,-4641201.092666,-14.63731895,0,Empty,NaN
DBLP,Global,14.0485329360502,6,1,1,7621679.16466662,12379084.8353334,-4757405.67066677,-15.003802417897,0,Empty,NaN
DBLP,Global,14.1706940920159,6,1,1,7563576.87566623,12437187.1243338,-4873610.24866754,-15.3702858857939,0,Empty,NaN
DBLP,Global,14.2928552479815,6,1,1,7505474.58666585,12495289.4133342,-4989814.82666831,-15.7367693536909,0,Empty,NaN
DBLP,Global,14.4150164039472,6,1,1,7447372.29766546,12553391.7023345,-5106019.40466907,-16.1032528215878,0,Empty,NaN
DBLP,Global,14.5371775599129,6,1,1,7389270.00866508,12611493.9913349,-5222223.98266985,-16.4697362894848,0,Empty,NaN
DBLP,Global,14.6593387158785,6,1,1,7331167.71966469,12669596.2803353,-5338428.56067061,-16.8362197573818,0,Empty,NaN
DBLP,Global,14.7814998718442,6,1,1,7273065.43066431,12727698.5693357,-5454633.13867138,-17.2027032252787,0,Empty,NaN
DBLP,Global,14.9036610278098,6,1,1,7214963.14166393,12785800.8583361,-5570837.71667215,-17.5691866931757,0,Empty,NaN
DBLP,Global,15.0258221837755,6,1,1,7156860.85266354,12843903.1473365,-5687042.29467292,-17.9356701610727,0,Empty,NaN
DBLP,Global,15.1479833397411,6,1,1,7098758.56366316,12902005.4363368,-5803246.87267369,-18.3021536289696,0,Empty,NaN
DBLP,Global,15.2701444957068,6,1,1,7040656.27466277,12960107.7253372,-5919451.45067446,-18.6686370968666,0,Empty,NaN
DBLP,Global,15.3923056516724,6,1,1,6982553.98566239,13018210.0143376,-6035656.02867523,-19.0351205647635,0,Empty,NaN
DBLP,Global,15.5144668076381,6,1,1,6924451.696662,13076312.303338,-6151860.606676,-19.4016040326605,0,Empty,NaN
DBLP,Global,15.6366279636037,6,1,1,6866349.40766162,13134414.5923384,-6268065.18467676,-19.7680875005575,0,Empty,NaN
DBLP,Global,15.7587891195694,6,1,1,6808247.11866123,13192516.8813388,-6384269.76267753,-20.1345709684544,0,Empty,NaN
DBLP,Global,15.880950275535,6,1,1,6750144.82966085,13250619.1703392,-6500474.3406783,-20.5010544363514,0,Empty,NaN
DBLP,Global,16.0031114315007,6,1,1,6692042.54066046,13308721.4593395,-6616678.91867907,-20.8675379042484,0,Empty,NaN
DBLP,Global,16.1252725874664,6,1,1,6633940.25166008,13366823.7483399,-6732883.49667984,-21.2340213721453,0,Empty,NaN
DBLP,Global,16.247433743432,6,1,1,6575837.9626597,13424926.0373403,-6849088.07468061,-21.6005048400423,0,Empty,NaN
DBLP,Global,16.3695948993977,6,1,1,6517735.67365931,13483028.3263407,-6965292.65268138,-21.9669883079393,0,Empty,NaN
DBLP,Global,16.3920409991349,6,1,1,6507059.85970227,13493704.1402977,-6986644.28059547,-22.0343266071511,0,Empty,NaN
DBLP,Global,16.3922049211842,6,1,1,6506981.89509722,13493782.1049028,-6986800.20980556,-22.0348183732987,0,Empty,NaN
DBLP,Global,16.3923688432334,6,1,1,6506903.93049218,13493860.0695078,-6986956.13901565,-22.0353101394464,0,Empty,NaN
DBLP,Global,16.4917560553633,6,1,1,6459633.38465893,13541130.6153411,-7081497.23068215,-22.3334717758362,0,Empty,NaN
DBLP,Global,16.613917211329,6,1,1,6401531.09565854,13599232.9043415,-7197701.80868291,-22.6999552437332,0,Empty,NaN
DBLP,Global,16.7360783672946,6,1,1,6343428.80665816,13657335.1933418,-7313906.38668369,-23.0664387116301,0,Empty,NaN
DBLP,Global,16.8582395232603,6,1,1,6285326.51765777,13715437.4823422,-7430110.96468445,-23.4329221795271,0,Empty,NaN
DBLP,Global,16.9804006792259,6,1,1,6227224.22865739,13773539.7713426,-7546315.54268522,-23.7994056474241,0,Empty,NaN
DBLP,Global,17.1025618351916,6,1,1,6169121.93965701,13831642.060343,-7662520.12068599,-24.165889115321,0,Empty,NaN
DBLP,Global,17.2247229911572,6,1,1,6111019.65065662,13889744.3493434,-7778724.69868676,-24.532372583218,0,Empty,NaN
DBLP,Global,17.2590546280277,6,1,1,6094690.83752831,13906073.1624717,-7811382.32494339,-24.6353674938293,0,Empty,NaN
DBLP,Global,17.2592272202999,6,1,1,6094608.7491918,13906155.2508082,-7811546.5016164,-24.6358852706459,0,Empty,NaN
DBLP,Global,17.2593998125721,6,1,1,6094526.6608553,13906237.3391447,-7811710.67828941,-24.6364030474625,0,Empty,NaN
DBLP,Global,17.3468841471229,6,1,1,6052917.36165624,13947846.6383438,-7894929.27668753,-24.898856051115,0,Empty,NaN
DBLP,Global,17.4690453030885,6,1,1,5994815.07265585,14005948.9273441,-8011133.8546883,-25.2653395190119,0,Empty,NaN
DBLP,Global,17.5912064590542,6,1,1,5936712.78365547,14064051.2163445,-8127338.43268907,-25.6318229869089,0,Empty,NaN
DBLP,Global,17.7133676150199,6,1,1,5878610.49465508,14122153.5053449,-8243543.01068984,-25.9983064548058,0,Empty,NaN
DBLP,Global,17.8355287709855,6,1,1,5820508.2056547,14180255.7943453,-8359747.58869061,-26.3647899227028,0,Empty,NaN
DBLP,Global,17.9576899269512,6,1,1,5762405.91665431,14238358.0833457,-8475952.16669138,-26.7312733905998,0,Empty,NaN
DBLP,Global,18.0798510829168,6,1,1,5704303.62765393,14296460.3723461,-8592156.74469214,-27.0977568584967,0,Empty,NaN
DBLP,Global,18.2020122388825,6,1,1,5646201.33865354,14354562.6613465,-8708361.32269291,-27.4642403263937,0,Empty,NaN
DBLP,Global,18.3241733948481,6,1,1,5588099.04965316,14412664.9503468,-8824565.90069368,-27.8307237942907,0,Empty,NaN
DBLP,Global,18.4463345508138,6,1,1,5529996.76065278,14470767.2393472,-8940770.47869445,-28.1972072621876,0,Empty,NaN
DBLP,Global,18.5684957067794,6,1,1,5471894.47165239,14528869.5283476,-9056975.05669522,-28.5636907300846,0,Empty,NaN
DBLP,Global,18.6906568627451,6,1,1,5413792.18265201,14586971.817348,-9173179.63469599,-28.9301741979815,0,Empty,NaN
DBLP,Global,18.8128180187107,6,1,1,5355689.89365162,14645074.1063484,-9289384.21269676,-29.2966576658785,0,Empty,NaN
DBLP,Global,18.9349791746764,6,1,1,5297587.60465124,14703176.3953488,-9405588.79069753,-29.6631411337755,0,Empty,NaN
DBLP,Global,19.0571403306421,6,1,1,5239485.31565085,14761278.6843491,-9521793.36869829,-30.0296246016724,0,Empty,NaN
DBLP,Global,19.1793014866077,6,1,1,5181383.02665047,14819380.9733495,-9637997.94669906,-30.3961080695694,0,Empty,NaN
DBLP,Global,19.3014626425734,6,1,1,5123280.73765009,14877483.2623499,-9754202.52469983,-30.7625915374664,0,Empty,NaN
DBLP,Global,19.423623798539,6,1,1,5065178.4486497,14935585.5513503,-9870407.1027006,-31.1290750053633,0,Empty,NaN
DBLP,Global,19.5457849545047,6,1,1,5007076.15964932,14993687.8403507,-9986611.68070137,-31.4955584732603,0,Empty,NaN
DBLP,Global,19.6679461104703,6,1,1,4948973.87064893,15051790.1293511,-10102816.2587021,-31.8620419411572,0,Empty,NaN
DBLP,Global,19.790107266436,6,1,1,4890871.58164855,15109892.4183515,-10219020.8367029,-32.2285254090542,0,Empty,NaN
DBLP,Global,19.9122684224016,6,1,1,4832769.29264816,15167994.7073518,-10335225.4147037,-32.5950088769512,0,Empty,NaN
DBLP,Global,20.0344295783673,6,1,1,4774667.00364778,15226096.9963522,-10451429.9927044,-32.9614923448481,0,Empty,NaN
DBLP,Global,20.1213626059688,6,1,1,4733319.91705992,15267444.0829401,-10534124.1658802,-33.2222914276528,0,Empty,NaN
DBLP,Global,20.1215638216071,6,1,1,4733224.21487808,15267539.7851219,-10534315.5702438,-33.2228950745675,0,Empty,NaN
DBLP,Global,20.1217650372453,6,1,1,4733128.51269623,15267635.4873038,-10534506.9746075,-33.2234987214821,0,Empty,NaN
DBLP,Global,20.1565907343329,6,1,1,4716564.71464739,15284199.2853526,-10567634.5707052,-33.3279758127451,0,Empty,NaN
DBLP,Global,20.2787518902986,6,1,1,4658462.42564701,15342301.574353,-10683839.148706,-33.6944592806421,0,Empty,NaN
DBLP,Global,20.4009130462643,6,1,1,4600360.13664662,15400403.8633534,-10800043.7267068,-34.060942748539,0,Empty,NaN
DBLP,Global,20.5230742022299,6,1,1,4542257.84764624,15458506.1523538,-10916248.3047075,-34.427426216436,0,Empty,NaN
DBLP,Global,20.6452353581956,6,1,1,4484155.55864585,15516608.4413541,-11032452.8827083,-34.793909684333,0,Empty,NaN
DBLP,Global,20.6896946188367,6,1,1,4463009.84509974,15537754.1549003,-11074744.3098005,-34.9272874662562,0,Empty,NaN
DBLP,Global,20.6899015178518,6,1,1,4462911.43979014,15537852.5602099,-11074941.1204197,-34.9279081633018,0,Empty,NaN
DBLP,Global,20.690108416867,6,1,1,4462813.03448054,15537950.9655195,-11075137.9310389,-34.9285288603473,0,Empty,NaN
DBLP,Global,20.7673965141612,6,1,1,4426053.26964547,15574710.7303545,-11148657.4607091,-35.1603931522299,0,Empty,NaN
DBLP,Global,20.8798376472217,6,1,1,4372574.01793923,15628189.9820608,-11255615.9641215,-35.4977165514114,0,Empty,NaN
DBLP,Global,20.8800464476862,6,1,1,4372474.70826232,15628289.2917377,-11255814.5834754,-35.4983429528049,0,Empty,NaN
DBLP,Global,20.8802552481507,6,1,1,4372375.3985854,15628388.6014146,-11256013.2028292,-35.4989693541983,0,Empty,NaN
DBLP,Global,20.8895576701269,6,1,1,4367950.98064509,15632813.0193549,-11264862.0387098,-35.5268766201269,0,Empty,NaN
DBLP,Global,21.0117188260925,6,1,1,4309848.6916447,15690915.3083553,-11381066.6167106,-35.8933600880238,0,Empty,NaN
DBLP,Global,21.0520024133134,6,1,1,4290689.01189071,15710074.9881093,-11419385.9762186,-36.0142108496865,0,Empty,NaN
DBLP,Global,21.0522129354428,6,1,1,4290588.88335555,15710175.1166445,-11419586.2332889,-36.0148424160745,0,Empty,NaN
DBLP,Global,21.0524234575721,6,1,1,4290488.75482038,15710275.2451796,-11419786.4903592,-36.0154739824626,0,Empty,NaN
DBLP,Global,21.1338799820582,6,1,1,4251746.40264432,15749017.5973557,-11497271.1947114,-36.2598435559208,0,Empty,NaN
DBLP,Global,21.2560411380238,6,1,1,4193644.11364393,15807119.8863561,-11613475.7727121,-36.6263270238178,0,Empty,NaN
DBLP,Global,21.3782022939895,6,1,1,4135541.82464355,15865222.1753565,-11729680.3507129,-36.9928104917147,0,Empty,NaN
DBLP,Global,21.5003634499551,6,1,1,4077439.53564316,15923324.4643568,-11845884.9287137,-37.3592939596117,0,Empty,NaN
DBLP,Global,21.6225246059208,6,1,1,4019337.24664278,15981426.7533572,-11962089.5067144,-37.7257774275087,0,Empty,NaN
DBLP,Global,21.7446857618864,6,1,1,3961234.9576424,16039529.0423576,-12078294.0847152,-38.0922608954056,0,Empty,NaN
DBLP,Global,21.7770073334775,6,1,1,3945862.17176226,16054901.8282377,-12109039.6564755,-38.1892256101788,0,Empty,NaN
DBLP,Global,21.7772251057286,6,1,1,3945758.59492421,16055005.4050758,-12109246.8101516,-38.189878926932,0,Empty,NaN
DBLP,Global,21.7774428779796,6,1,1,3945655.01808616,16055108.9819138,-12109453.9638277,-38.1905322436851,0,Empty,NaN
DBLP,Global,21.8668469178521,6,1,1,3903132.66864201,16097631.331358,-12194498.662716,-38.4587443633026,0,Empty,NaN
DBLP,Global,21.8755242798154,6,1,1,3899005.54174505,16101758.458255,-12202752.9165099,-38.4847764491923,0,Empty,NaN
DBLP,Global,21.8757430372457,6,1,1,3898901.49633601,16101862.503664,-12202961.007328,-38.4854327214835,0,Empty,NaN
DBLP,Global,21.8759617946761,6,1,1,3898797.45092698,16101966.549073,-12203169.098146,-38.4860889937746,0,Empty,NaN
DBLP,Global,21.9890080738178,6,1,1,3845030.37964163,16155733.6203584,-12310703.2407167,-38.8252278311995,0,Empty,NaN
DBLP,Global,22.1111692297834,6,1,1,3786928.09064124,16213835.9093588,-12426907.8187175,-39.1917112990965,0,Empty,NaN
DBLP,Global,22.12565962819,6,1,1,3780036.16735109,16220727.8326489,-12440691.6652978,-39.2351824943163,0,Empty,NaN
DBLP,Global,22.1258808869989,6,1,1,3779930.93223641,16220833.0677636,-12440902.1355272,-39.235846270743,0,Empty,NaN
DBLP,Global,22.1261021458078,6,1,1,3779825.69712174,16220938.3028783,-12441112.6057565,-39.2365100471696,0,Empty,NaN
DBLP,Global,22.1798960696365,6,1,1,3754240.2310703,16246523.7689297,-12492283.5378594,-39.3978918186559,0,Empty,NaN
DBLP,Global,22.1801178708152,6,1,1,3754134.73799368,16246629.2620063,-12492494.5240126,-39.398557222192,0,Empty,NaN
DBLP,Global,22.180339671994,6,1,1,3754029.24491706,16246734.7550829,-12492705.5101659,-39.3992226257281,0,Empty,NaN
DBLP,Global,22.2185527961804,6,1,1,3735854.31879149,16264909.6812085,-12529055.362417,-39.5138619982876,0,Empty,NaN
DBLP,Global,22.2187749839303,6,1,1,3735748.64185392,16265015.3581461,-12529266.7162922,-39.5145285615371,0,Empty,NaN
DBLP,Global,22.2189971716801,6,1,1,3735642.96491634,16265121.0350837,-12529478.0701673,-39.5151951247866,0,Empty,NaN
DBLP,Global,22.2333303857491,6,1,1,3728825.80164086,16271938.1983591,-12543112.3967183,-39.5581947669935,0,Empty,NaN
DBLP,Global,22.3217213074044,6,1,1,3686785.31148314,16313978.6885169,-12627193.3770337,-39.8233675319595,0,Empty,NaN
DBLP,Global,22.3219445268497,6,1,1,3686679.14385058,16314084.8561494,-12627405.7122988,-39.8240371902953,0,Empty,NaN
DBLP,Global,22.322167746295,6,1,1,3686572.97621802,16314191.023782,-12627618.047564,-39.8247068486311,0,Empty,NaN
DBLP,Global,22.3554915417147,6,1,1,3670723.51264047,16330040.4873595,-12659316.9747191,-39.9246782348904,0,Empty,NaN
DBLP,Global,22.3684378673094,6,1,1,3664565.98126115,16336198.0187388,-12671632.0374777,-39.9635172116743,0,Empty,NaN
DBLP,Global,22.3686615539249,6,1,1,3664459.59143307,16336304.4085669,-12671844.8171339,-39.9641882715209,0,Empty,NaN
DBLP,Global,22.3688852405404,6,1,1,3664353.20160499,16336410.798395,-12672057.59679,-39.9648593313675,0,Empty,NaN
DBLP,Global,22.4191453663004,6,1,1,3640448.48059105,16360315.519409,-12719867.0388179,-40.1156397086474,0,Empty,NaN
DBLP,Global,22.419369559996,6,1,1,3640341.84958555,16360422.1504145,-12720080.3008289,-40.1163122897342,0,Empty,NaN
DBLP,Global,22.4195937536916,6,1,1,3640235.21858004,16360528.78142,-12720293.5628399,-40.116984870821,0,Empty,NaN
DBLP,Global,22.4288204668742,6,1,1,3635846.80925613,16364917.1907439,-12729070.3814877,-40.1446650103688,0,Empty,NaN
DBLP,Global,22.4290447573218,6,1,1,3635740.13223345,16365023.8677665,-12729283.7355331,-40.1453378817115,0,Empty,NaN
DBLP,Global,22.4292690477693,6,1,1,3635633.45521078,16365130.5447892,-12729497.0895784,-40.1460107530543,0,Empty,NaN
DBLP,Global,22.4488217345291,6,1,1,3626333.80633408,16374430.1936659,-12748096.3873318,-40.2046688133337,0,Empty,NaN
DBLP,Global,22.4490462249914,6,1,1,3626227.03418043,16374536.9658196,-12748309.9316391,-40.2053422847204,0,Empty,NaN
DBLP,Global,22.4492707154536,6,1,1,3626120.26202677,16374643.7379732,-12748523.4759465,-40.2060157561072,0,Empty,NaN
DBLP,Global,22.4606622411981,6,1,1,3620702.22455221,16380061.7754478,-12759359.5508956,-40.2401903333404,0,Empty,NaN
DBLP,Global,22.4608868500666,6,1,1,3620595.39608217,16380168.6039178,-12759573.2078357,-40.2408641599459,0,Empty,NaN
DBLP,Global,22.4611114589351,6,1,1,3620488.56761214,16380275.4323879,-12759786.8647757,-40.2415379865514,0,Empty,NaN
DBLP,Global,22.476403525121,6,1,1,3613215.35509278,16387548.6449072,-12774333.2898144,-40.2874141851093,0,Empty,NaN
DBLP,Global,22.4766282914039,6,1,1,3613108.4517533,16387655.5482467,-12774547.0964934,-40.288088483958,0,Empty,NaN
DBLP,Global,22.4768530576868,6,1,1,3613001.54841382,16387762.4515862,-12774760.9031724,-40.2887627828068,0,Empty,NaN
DBLP,Global,22.4776526976804,6,1,1,3612621.22364009,16388142.7763599,-12775521.5527198,-40.2911617027874,0,Empty,NaN
DBLP,Global,22.4846540249062,6,1,1,3609291.25238492,16391472.7476151,-12782181.4952302,-40.312165684465,0,Empty,NaN
DBLP,Global,22.484878873695,6,1,1,3609184.30980402,16391579.690196,-12782395.380392,-40.3128402308312,0,Empty,NaN
DBLP,Global,22.4851037224837,6,1,1,3609077.36722312,16391686.6327769,-12782609.2655538,-40.3135147771974,0,Empty,NaN
DBLP,Global,22.4889940180294,6,1,1,3607227.06485571,16393536.9351443,-12786309.8702886,-40.3251856638343,0,Empty,NaN
DBLP,Global,22.4892189102185,6,1,1,3607120.10163273,16393643.8983673,-12786523.7967346,-40.3258603404016,0,Empty,NaN
DBLP,Global,22.4894438024076,6,1,1,3607013.13840974,16393750.8615903,-12786737.7231805,-40.3265350169689,0,Empty,NaN
DBLP,Global,22.5074866218246,6,1,1,3598431.61263863,16402332.3873614,-12803900.7747227,-40.3806634752199,0,Empty,NaN
DBLP,Global,22.5077116989415,6,1,1,3598324.56146025,16402439.4385398,-12804114.8770795,-40.3813387065709,0,Empty,NaN
DBLP,Global,22.5079367760585,6,1,1,3598217.51028187,16402546.4897181,-12804328.9794363,-40.3820139379219,0,Empty,NaN
DBLP,Global,22.5147589765775,6,1,1,3594972.73527102,16405791.264729,-12810818.529458,-40.4024805394789,0,Empty,NaN
DBLP,Global,22.5149841264188,6,1,1,3594865.64950351,16405898.3504965,-12811032.700993,-40.4031559890027,0,Empty,NaN
DBLP,Global,22.5152092762601,6,1,1,3594758.56373601,16406005.436264,-12811246.872528,-40.4038314385265,0,Empty,NaN
DBLP,Global,22.5162694816351,6,1,1,3594254.30885555,16406509.6911445,-12812255.3822889,-40.4070120546515,0,Empty,NaN
DBLP,Global,22.5164946465816,6,1,1,3594147.21590371,16406616.7840963,-12812469.5681926,-40.4076875494909,0,Empty,NaN
DBLP,Global,22.516719811528,6,1,1,3594040.12295187,16406723.8770481,-12812683.7540963,-40.4083630443303,0,Empty,NaN
DBLP,Global,22.5224302014582,6,1,1,3591324.14729327,16409439.8527067,-12818115.7054135,-40.4254942141209,0,Empty,NaN
DBLP,Global,22.5226554280125,6,1,1,3591217.02503952,16409546.9749605,-12818329.949921,-40.4261698937838,0,Empty,NaN
DBLP,Global,22.5228806545668,6,1,1,3591109.90278577,16409654.0972142,-12818544.1944285,-40.4268455734466,0,Empty,NaN
DBLP,Global,22.5390004159002,6,1,1,3583443.0219004,16417320.9780996,-12833877.9561992,-40.4752048574467,0,Empty,NaN
DBLP,Global,22.5392258081582,6,1,1,3583335.82083461,16417428.1791654,-12834092.3583308,-40.475881034221,0,Empty,NaN
DBLP,Global,22.5394512004163,6,1,1,3583228.61976882,16417535.3802312,-12834306.7604624,-40.4765572109952,0,Empty,NaN
DBLP,Global,22.5456183821257,6,1,1,3580295.38480422,16420468.6151958,-12840173.2303916,-40.4950587561233,0,Empty,NaN
DBLP,Global,22.5457949373102,6,1,1,3580211.41162734,16420552.5883727,-12840341.1767453,-40.4955884216769,0,Empty,NaN
DBLP,Global,22.5458438405641,6,1,1,3580188.15226174,16420575.8477383,-12840387.6954765,-40.4957351314385,0,Empty,NaN
DBLP,Global,22.5460203975142,6,1,1,3580104.17824513,16420659.8217549,-12840555.6435097,-40.4962648022888,0,Empty,NaN
DBLP,Global,22.5460692990025,6,1,1,3580080.91971927,16420683.0802807,-12840602.1605615,-40.4964115067537,0,Empty,NaN
DBLP,Global,22.5462458577182,6,1,1,3579996.94486292,16420767.0551371,-12840770.1102742,-40.4969411829008,0,Empty,NaN
DBLP,Global,22.5555943187716,6,1,1,3575550.62981667,16425213.3701833,-12849662.7403667,-40.5249865660611,0,Empty,NaN
DBLP,Global,22.5558198769704,6,1,1,3575443.34982617,16425320.6501738,-12849877.3003477,-40.5256632406575,0,Empty,NaN
DBLP,Global,22.5560454351692,6,1,1,3575336.06983567,16425427.9301643,-12850091.8603287,-40.5263399152538,0,Empty,NaN
DBLP,Global,22.599813853646,6,1,1,3554518.9346397,16446245.0653603,-12891726.1307206,-40.6576451706844,0,Empty,NaN
DBLP,Global,22.605988874742,6,1,1,3551581.97110603,16449182.028894,-12897600.0577879,-40.6761702339723,0,Empty,NaN
DBLP,Global,22.6062149368914,6,1,1,3551474.45142655,16449289.5485735,-12897815.0971469,-40.6768484204204,0,Empty,NaN
DBLP,Global,22.6064409990407,6,1,1,3551366.93174707,16449397.0682529,-12898030.1365059,-40.6775266068685,0,Empty,NaN
DBLP,Global,22.6247993628886,6,1,1,3542635.32673376,16458128.6732662,-12915493.3465325,-40.732601698412,0,Empty,NaN
DBLP,Global,22.6250256131447,6,1,1,3542527.71758694,16458236.2824131,-12915708.5648261,-40.7332804491804,0,Empty,NaN
DBLP,Global,22.6252518634009,6,1,1,3542420.10844012,16458343.8915599,-12915923.7831198,-40.7339591999488,0,Empty,NaN
DBLP,Global,22.6305994859767,6,1,1,3539876.67219059,16460887.3278094,-12921010.6556188,-40.7500020676763,0,Empty,NaN
DBLP,Global,22.6308257942346,6,1,1,3539769.03545695,16460994.9645431,-12921225.9290861,-40.7506809924502,0,Empty,NaN
DBLP,Global,22.6310521024926,6,1,1,3539661.39872331,16461102.6012767,-12921441.2025534,-40.751359917224,0,Empty,NaN
DBLP,Global,22.6781381463464,6,1,1,3517266.33454556,16483497.6654544,-12966231.3309089,-40.8926180487854,0,Empty,NaN
DBLP,Global,22.6783649299957,6,1,1,3517158.47170628,16483605.5282937,-12966447.0565874,-40.8932983997333,0,Empty,NaN
DBLP,Global,22.678591713645,6,1,1,3517050.608867,16483713.391133,-12966662.782266,-40.8939787506812,0,Empty,NaN
DBLP,Global,22.7084022025227,6,1,1,3502872.14414696,16497891.855853,-12995019.7117061,-40.9834102173145,0,Empty,NaN
DBLP,Global,22.7086292888156,6,1,1,3502764.13736434,16497999.8626357,-12995235.7252713,-40.9840914761932,0,Empty,NaN
DBLP,Global,22.7088563751085,6,1,1,3502656.13058171,16498107.8694183,-12995451.7388366,-40.9847727350718,0,Empty,NaN
DBLP,Global,22.7219750096117,6,1,1,3496416.64563932,16504347.3543607,-13007930.7087214,-41.0241286385813,0,Empty,NaN
DBLP,Global,22.7800487569052,6,1,1,3468795.60995158,16531968.3900484,-13063172.7800968,-41.1983498804619,0,Empty,NaN
DBLP,Global,22.7802765596708,6,1,1,3468687.2624002,16532076.7375998,-13063389.4751996,-41.1990332887586,0,Empty,NaN
DBLP,Global,22.7805043624364,6,1,1,3468578.91484883,16532185.0851512,-13063606.1703023,-41.1997166970554,0,Empty,NaN
DBLP,Global,22.8441361655773,6,1,1,3438314.35663893,16562449.6433611,-13124135.2867221,-41.3906121064783,0,Empty,NaN
DBLP,Global,22.966297321543,6,1,1,3380212.06763855,16620551.9323615,-13240339.8647229,-41.7570955743752,0,Empty,NaN
DBLP,Global,23.0305854551775,6,1,1,3349635.34551931,16651128.6544807,-13301493.3089614,-41.9499599752788,0,Empty,NaN
DBLP,Global,23.0308157633351,6,1,1,3349525.80635338,16651238.1936466,-13301712.3872933,-41.9506508997516,0,Empty,NaN
DBLP,Global,23.0310460714928,6,1,1,3349416.26718744,16651347.7328126,-13301931.4656251,-41.9513418242245,0,Empty,NaN
DBLP,Global,23.0884584775086,6,1,1,3322109.77863817,16678654.2213618,-13356544.4427237,-42.1235790422722,0,Empty,NaN
DBLP,Global,23.2106196334743,6,1,1,3264007.48963778,16736756.5103622,-13472749.0207244,-42.4900625101692,0,Empty,NaN
DBLP,Global,23.33278078944,6,1,1,3205905.2006374,16794858.7993626,-13588953.5987252,-42.8565459780661,0,Empty,NaN
DBLP,Global,23.4549419454056,6,1,1,3147802.91163701,16852961.088363,-13705158.176726,-43.2230294459631,0,Empty,NaN
DBLP,Global,23.5771031013713,6,1,1,3089700.62263663,16911063.3773634,-13821362.7547267,-43.58951291386,0,Empty,NaN
DBLP,Global,23.6992642573369,6,1,1,3031598.33363624,16969165.6663638,-13937567.3327275,-43.955996381757,0,Empty,NaN
DBLP,Global,23.8214254133026,6,1,1,2973496.04463586,17027267.9553641,-14053771.9107283,-44.322479849654,0,Empty,NaN
DBLP,Global,23.9435865692682,6,1,1,2915393.75563548,17085370.2443645,-14169976.4887291,-44.6889633175509,0,Empty,NaN
DBLP,Global,24.0657477252339,6,1,1,2857291.46663509,17143472.5333649,-14286181.0667298,-45.0554467854479,0,Empty,NaN
DBLP,Global,24.1879088811995,6,1,1,2799189.17763471,17201574.8223653,-14402385.6447306,-45.4219302533449,0,Empty,NaN
DBLP,Global,24.3068498419091,6,1,1,2742618.477902,17258145.522098,-14515527.044196,-45.7787531354737,0,Empty,NaN
DBLP,Global,24.3070929128383,6,1,1,2742502.86850669,17258261.1314933,-14515758.2629866,-45.7794823482611,0,Empty,NaN
DBLP,Global,24.3073359837674,6,1,1,2742387.25911138,17258376.7408886,-14515989.4817772,-45.7802115610484,0,Empty,NaN
DBLP,Global,24.3100700371652,6,1,1,2741086.88863432,17259677.1113657,-14518590.2227314,-45.7884137212418,0,Empty,NaN
DBLP,Global,24.4322311931308,6,1,1,2682984.59963394,17317779.4003661,-14634794.8007321,-46.1548971891388,0,Empty,NaN
DBLP,Global,24.5543923490965,6,1,1,2624882.31063355,17375881.6893664,-14750999.3787329,-46.5213806570357,0,Empty,NaN
DBLP,Global,24.6765535050621,6,1,1,2566780.02163317,17433983.9783668,-14867203.9567337,-46.8878641249327,0,Empty,NaN
DBLP,Global,24.7987146610278,6,1,1,2508677.73263278,17492086.2673672,-14983408.5347344,-47.2543475928297,0,Empty,NaN
DBLP,Global,24.8973384904844,6,1,1,2461770.26686663,17538993.7331334,-15077223.4662667,-47.5502190811995,0,Empty,NaN
DBLP,Global,24.8975874663591,6,1,1,2461651.84896112,17539112.1510389,-15077460.3020778,-47.5509660088235,0,Empty,NaN
DBLP,Global,24.8978364422337,6,1,1,2461533.43105561,17539230.5689444,-15077697.1378888,-47.5517129364475,0,Empty,NaN
DBLP,Global,24.9208758169935,6,1,1,2450575.4436324,17550188.5563676,-15099613.1127352,-47.6208310607266,0,Empty,NaN
DBLP,Global,25.0430369729591,6,1,1,2392473.15463201,17608290.845368,-15215817.690736,-47.9873145286236,0,Empty,NaN
DBLP,Global,25.1279926621972,6,1,1,2352066.52971658,17648697.4702834,-15296630.9405668,-48.2421815963379,0,Empty,NaN
DBLP,Global,25.1282439446367,6,1,1,2351947.01476273,17648816.9852373,-15296869.9704745,-48.2429354436563,0,Empty,NaN
DBLP,Global,25.1284952270761,6,1,1,2351827.49980889,17648936.5001911,-15297109.0003822,-48.2436892909746,0,Empty,NaN
DBLP,Global,25.1651981289248,6,1,1,2334370.86563163,17666393.1343684,-15332022.2687367,-48.3537979965206,0,Empty,NaN
DBLP,Global,25.2873592848904,6,1,1,2276268.57663125,17724495.4233688,-15448226.8467375,-48.7202814644175,0,Empty,NaN
DBLP,Global,25.4095204408561,6,1,1,2218166.28763086,17782597.7123691,-15564431.4247383,-49.0867649323145,0,Empty,NaN
DBLP,Global,25.5316815968217,6,1,1,2160063.99863048,17840700.0013695,-15680636.002739,-49.4532484002115,0,Empty,NaN
DBLP,Global,25.6538427527874,6,1,1,2101961.70963009,17898802.2903699,-15796840.5807398,-49.8197318681084,0,Empty,NaN
DBLP,Global,25.776003908753,6,1,1,2043859.42062971,17956904.5793703,-15913045.1587406,-50.1862153360054,0,Empty,NaN
DBLP,Global,25.8981650647187,6,1,1,1985757.13162932,18015006.8683707,-16029249.7367414,-50.5526988039023,0,Empty,NaN
DBLP,Global,26.0172008518259,6,1,1,1929141.33056538,18071622.6694346,-16142481.3388692,-50.909806165224,0,Empty,NaN
DBLP,Global,26.0174610264362,6,1,1,1929017.58631724,18071746.4136828,-16142728.8273655,-50.9105866890549,0,Empty,NaN
DBLP,Global,26.0177212010465,6,1,1,1928893.84206911,18071870.1579309,-16142976.3158618,-50.9113672128856,0,Empty,NaN
DBLP,Global,26.0203262206843,6,1,1,1927654.84262894,18073109.1573711,-16145454.3147421,-50.9191822717993,0,Empty,NaN
DBLP,Global,26.14248737665,6,1,1,1869552.55362856,18131211.4463714,-16261658.8927429,-51.2856657396963,0,Empty,NaN
DBLP,Global,26.2646485326157,6,1,1,1811450.26462817,18189313.7353718,-16377863.4707437,-51.6521492075932,0,Empty,NaN
DBLP,Global,26.3868096885813,6,1,1,1753347.97562779,18247416.0243722,-16494068.0487444,-52.0186326754902,0,Empty,NaN
DBLP,Global,26.508970844547,6,1,1,1695245.6866274,18305518.3133726,-16610272.6267452,-52.3851161433871,0,Empty,NaN
DBLP,Global,26.6311320005126,6,1,1,1637143.39762702,18363620.602373,-16726477.204746,-52.7515996112841,0,Empty,NaN
DBLP,Global,26.7532931564783,6,1,1,1579041.10862663,18421722.8913734,-16842681.7827467,-53.1180830791811,0,Empty,NaN
DBLP,Global,26.8754543124439,6,1,1,1520938.81962625,18479825.1803738,-16958886.3607475,-53.484566547078,0,Empty,NaN
DBLP,Global,26.9976154684096,6,1,1,1462836.53062586,18537927.4693741,-17075090.9387483,-53.851050014975,0,Empty,NaN
DBLP,Global,27.1197766243752,6,1,1,1404734.24162548,18596029.7583745,-17191295.516749,-54.217533482872,0,Empty,NaN
DBLP,Global,27.2419377803409,6,1,1,1346631.95262509,18654132.0473749,-17307500.0947498,-54.5840169507689,0,Empty,NaN
DBLP,Global,27.3640989363065,6,1,1,1288529.66362471,18712234.3363753,-17423704.6727506,-54.9505004186659,0,Empty,NaN
DBLP,Global,27.4862600922722,6,1,1,1230427.37462432,18770336.6253757,-17539909.2507514,-55.3169838865629,0,Empty,NaN
DBLP,Global,27.6084212482379,6,1,1,1172325.08562394,18828438.9143761,-17656113.8287521,-55.6834673544598,0,Empty,NaN
DBLP,Global,27.7305824042035,6,1,1,1114222.79662356,18886541.2033764,-17772318.4067529,-56.0499508223568,0,Empty,NaN
DBLP,Global,27.8527435601692,6,1,1,1056120.50762317,18944643.4923768,-17888522.9847537,-56.4164342902537,0,Empty,NaN
DBLP,Global,27.9749047161348,6,1,1,998018.218622789,19002745.7813772,-18004727.5627544,-56.7829177581507,0,Empty,NaN
DBLP,Global,28.0970658721005,6,1,1,939915.929622404,19060848.0703776,-18120932.1407552,-57.1494012260477,0,Empty,NaN
DBLP,Global,28.2192270280661,6,1,1,881813.640622022,19118950.359378,-18237136.718756,-57.5158846939446,0,Empty,NaN
DBLP,Global,28.3413881840318,6,1,1,823711.351621633,19177052.6483784,-18353341.2967567,-57.8823681618416,0,Empty,NaN
DBLP,Global,28.4635493399974,6,1,1,765609.062621251,19235154.9373787,-18469545.8747575,-58.2488516297385,0,Empty,NaN
DBLP,Global,28.5857104959631,6,1,1,707506.773620866,19293257.2263791,-18585750.4527583,-58.6153350976355,0,Empty,NaN
DBLP,Global,28.7078716519287,6,1,1,649404.484620482,19351359.5153795,-18701955.030759,-58.9818185655325,0,Empty,NaN
DBLP,Global,28.8300328078944,6,1,1,591302.195620099,19409461.8043799,-18818159.6087598,-59.3483020334294,0,Empty,NaN
DBLP,Global,28.95219396386,6,1,1,533199.906619715,19467564.0933803,-18934364.1867606,-59.7147855013264,0,Empty,NaN
DBLP,Global,29.0743551198257,6,1,1,475097.617619328,19525666.3823807,-19050568.7647613,-60.0812689692234,0,Empty,NaN
DBLP,Global,29.1965162757914,6,1,1,416995.328618944,19583768.6713811,-19166773.3427621,-60.4477524371203,0,Empty,NaN
DBLP,Global,29.318677431757,6,1,1,358893.039618559,19641870.9603814,-19282977.9207629,-60.8142359050173,0,Empty,NaN
DBLP,Global,29.4408385877227,6,1,1,300790.750618175,19699973.2493818,-19399182.4987637,-61.1807193729143,0,Empty,NaN
DBLP,Global,29.5629997436883,6,1,1,242688.46161779,19758075.5383822,-19515387.0767644,-61.5472028408112,0,Empty,NaN
DBLP,Global,29.685160899654,6,1,1,184586.172617406,19816177.8273826,-19631591.6547652,-61.9136863087082,0,Empty,NaN
DBLP,Global,29.8073220556196,6,1,1,126483.883617023,19874280.116383,-19747796.232766,-62.2801697766051,0,Empty,NaN
DBLP,Global,29.9294832115853,6,1,1,68381.5946166385,19932382.4053834,-19864000.8107667,-62.6466532445021,0,Empty,NaN
DBLP,Global,30.0516443675509,6,1,1,10279.3056162503,19990484.6943838,-19980205.3887675,-63.0131367123991,0,Empty,NaN
DBLP,Global,30.1738055235166,6,1,1,-47822.9833841324,20048586.9833841,-20096409.9667683,-63.379620180296,0,Empty,NaN
DBLP,Global,30.2959666794822,6,1,1,-105925.272384517,20106689.2723845,-20212614.544769,-63.746103648193,0,Empty,NaN
DBLP,Global,30.4181278354479,6,1,1,-164027.561384901,20164791.5613849,-20328819.1227698,-64.11258711609,0,Empty,NaN
DBLP,Global,30.5402889914136,6,1,1,-222129.850385284,20222893.8503853,-20445023.7007706,-64.4790705839869,0,Empty,NaN
DBLP,Global,30.6624501473792,6,1,1,-280232.139385669,20280996.1393857,-20561228.2787713,-64.8455540518839,0,Empty,NaN
DBLP,Global,30.7846113033449,6,1,1,-338334.428386053,20339098.4283861,-20677432.8567721,-65.2120375197808,0,Empty,NaN
DBLP,Global,30.9067724593105,6,1,1,-396436.717386439,20397200.7173864,-20793637.4347729,-65.5785209876778,0,Empty,NaN
DBLP,Global,31.0289336152762,6,1,1,-454539.006386824,20455303.0063868,-20909842.0127736,-65.9450044555748,0,Empty,NaN
DBLP,Global,31.1510947712418,6,1,1,-512641.295387207,20513405.2953872,-21026046.5907744,-66.3114879234717,0,Empty,NaN
DBLP,Global,31.2732559272075,6,1,1,-570743.584387591,20571507.5843876,-21142251.1687752,-66.6779713913687,0,Empty,NaN
DBLP,Global,31.3954170831731,6,1,1,-628845.873387976,20629609.873388,-21258455.746776,-67.0444548592657,0,Empty,NaN
DBLP,Global,31.5175782391388,6,1,1,-686948.16238836,20687712.1623884,-21374660.3247767,-67.4109383271626,0,Empty,NaN
DBLP,Global,31.6397393951044,6,1,1,-745050.451388745,20745814.4513887,-21490864.9027775,-67.7774217950596,0,Empty,NaN
DBLP,Global,31.7619005510701,6,1,1,-803152.740389131,20803916.7403891,-21607069.4807783,-68.1439052629566,0,Empty,NaN
DBLP,Global,31.8678089619377,6,1,1,-853524.898765987,20854288.898766,-21707813.797532,-68.4616304955594,0,Empty,NaN
DBLP,Global,31.8681276432141,6,1,1,-853676.469954683,20854440.4699547,-21708116.9399094,-68.4625865393887,0,Empty,NaN
DBLP,Global,31.8684463244906,6,1,1,-853828.04114338,20854592.0411434,-21708420.0822868,-68.463542583218,0,Empty,NaN
DBLP,Global,31.8840617070358,6,1,1,-861255.029389516,20862019.0293895,-21723274.058779,-68.5103887308535,0,Empty,NaN
DBLP,Global,32.0062228630014,6,1,1,-919357.3183899,20920121.3183899,-21839478.6367798,-68.8768721987505,0,Empty,NaN
DBLP,Global,32.1283840189671,6,1,1,-977459.607390283,20978223.6073903,-21955683.2147806,-69.2433556666474,0,Empty,NaN
DBLP,Global,32.2505451749327,6,1,1,-1035561.89639067,21036325.8963907,-22071887.7927813,-69.6098391345444,0,Empty,NaN
DBLP,Global,32.3727063308984,6,1,1,-1093664.18539105,21094428.1853911,-22188092.3707821,-69.9763226024413,0,Empty,NaN
DBLP,Global,32.494867486864,6,1,1,-1151766.47439143,21152530.4743914,-22304296.9487829,-70.3428060703383,0,Empty,NaN
DBLP,Global,32.6170286428297,6,1,1,-1209868.76339182,21210632.7633918,-22420501.5267836,-70.7092895382353,0,Empty,NaN
DBLP,Global,32.7391897987953,6,1,1,-1267971.05239221,21268735.0523922,-22536706.1047844,-71.0757730061323,0,Empty,NaN
DBLP,Global,32.861350954761,6,1,1,-1326073.34139259,21326837.3413926,-22652910.6827852,-71.4422564740292,0,Empty,NaN
DBLP,Global,32.9835121107266,6,1,1,-1384175.63039297,21384939.630393,-22769115.260786,-71.8087399419262,0,Empty,NaN
DBLP,Global,33.1056732666923,6,1,1,-1442277.91939336,21443041.9193934,-22885319.8387867,-72.1752234098231,0,Empty,NaN
DBLP,Global,33.2278344226579,6,1,1,-1500380.20839374,21501144.2083937,-23001524.4167875,-72.5417068777201,0,Empty,NaN
DBLP,Global,33.3499955786236,6,1,1,-1558482.49739413,21559246.4973941,-23117728.9947883,-72.9081903456171,0,Empty,NaN
DBLP,Global,33.4721567345893,6,1,1,-1616584.78639451,21617348.7863945,-23233933.572789,-73.274673813514,0,Empty,NaN
DBLP,Global,33.5943178905549,6,1,1,-1674687.0753949,21675451.0753949,-23350138.1507898,-73.641157281411,0,Empty,NaN
DBLP,Global,33.7164790465206,6,1,1,-1732789.36439528,21733553.3643953,-23466342.7287906,-74.007640749308,0,Empty,NaN
DBLP,Global,33.8386402024862,6,1,1,-1790891.65339567,21791655.6533957,-23582547.3067913,-74.3741242172049,0,Empty,NaN
DBLP,Global,33.9608013584519,6,1,1,-1848993.94239605,21849757.9423961,-23698751.8847921,-74.7406076851019,0,Empty,NaN
DBLP,Global,34.0829625144175,6,1,1,-1907096.23139643,21907860.2313964,-23814956.4627929,-75.1070911529988,0,Empty,NaN
DBLP,Global,34.2051236703832,6,1,1,-1965198.52039682,21965962.5203968,-23931161.0407936,-75.4735746208958,0,Empty,NaN
DBLP,Global,34.3272848263488,6,1,1,-2023300.80939721,22024064.8093972,-24047365.6187944,-75.8400580887928,0,Empty,NaN
DBLP,Global,34.4494459823145,6,1,1,-2081403.09839759,22082167.0983976,-24163570.1967952,-76.2065415566897,0,Empty,NaN
DBLP,Global,34.5716071382801,6,1,1,-2139505.38739797,22140269.387398,-24279774.7747959,-76.5730250245867,0,Empty,NaN
DBLP,Global,34.6937682942458,6,1,1,-2197607.67639836,22198371.6763984,-24395979.3527967,-76.9395084924836,0,Empty,NaN
DBLP,Global,34.8159294502114,6,1,1,-2255709.96539874,22256473.9653987,-24512183.9307975,-77.3059919603806,0,Empty,NaN
DBLP,Global,34.9380906061771,6,1,1,-2313812.25439912,22314576.2543991,-24628388.5087982,-77.6724754282776,0,Empty,NaN
DBLP,Global,35.0602517621428,6,1,1,-2371914.54339951,22372678.5433995,-24744593.086799,-78.0389588961745,0,Empty,NaN
DBLP,Global,35.1824129181084,6,1,1,-2430016.83239989,22430780.8323999,-24860797.6647998,-78.4054423640715,0,Empty,NaN
DBLP,Global,35.3045740740741,6,1,1,-2488119.12140028,22488883.1214003,-24977002.2428006,-78.7719258319685,0,Empty,NaN
DBLP,Global,35.4267352300397,6,1,1,-2546221.41040066,22546985.4104007,-25093206.8208013,-79.1384092998654,0,Empty,NaN
DBLP,Global,35.5488963860054,6,1,1,-2604323.69940105,22605087.6994011,-25209411.3988021,-79.5048927677624,0,Empty,NaN
DBLP,Global,35.671057541971,6,1,1,-2662425.98840143,22663189.9884014,-25325615.9768029,-79.8713762356594,0,Empty,NaN
DBLP,Global,35.7932186979367,6,1,1,-2720528.27740181,22721292.2774018,-25441820.5548036,-80.2378597035563,0,Empty,NaN
DBLP,Global,35.9153798539023,6,1,1,-2778630.5664022,22779394.5664022,-25558025.1328044,-80.6043431714533,0,Empty,NaN
DBLP,Global,36.037541009868,6,1,1,-2836732.85540258,22837496.8554026,-25674229.7108052,-80.9708266393502,0,Empty,NaN
DBLP,Global,36.1597021658337,6,1,1,-2894835.14440297,22895599.144403,-25790434.2888059,-81.3373101072472,0,Empty,NaN
DBLP,Global,36.2818633217993,6,1,1,-2952937.43340336,22953701.4334034,-25906638.8668067,-81.7037935751442,0,Empty,NaN
DBLP,Global,36.404024477765,6,1,1,-3011039.72240374,23011803.7224037,-26022843.4448075,-82.0702770430411,0,Empty,NaN
DBLP,Global,36.5261856337306,6,1,1,-3069142.01140412,23069906.0114041,-26139048.0228082,-82.4367605109381,0,Empty,NaN
DBLP,Global,36.6483467896963,6,1,1,-3127244.30040451,23128008.3004045,-26255252.600809,-82.8032439788351,0,Empty,NaN
